2026-01-08,generic,28. října
2026-01-14,paper,28. října
2026-01-14,bio,28. října
2026-01-22,generic,28. října
2026-01-28,plastics,28. října
2026-01-28,bio,28. října
2026-02-05,generic,28. října
2026-02-11,paper,28. října
2026-02-11,bio,28. října
2026-02-19,generic,28. října
2026-02-25,plastics,28. října
2026-02-25,bio,28. října
2026-03-05,generic,28. října
2026-03-11,paper,28. října
2026-03-11,bio,28. října
2026-03-19,generic,28. října
2026-03-25,plastics,28. října
2026-03-25,bio,28. října
2026-04-02,generic,28. října
2026-04-08,paper,28. října
2026-04-08,bio,28. října
2026-04-16,generic,28. října
2026-04-22,plastics,28. října
2026-04-22,bio,28. října
2026-04-30,generic,28. října
2026-05-06,paper,28. října
2026-05-06,bio,28. října
2026-05-14,generic,28. října
2026-05-20,plastics,28. října
2026-05-20,bio,28. října
2026-05-28,generic,28. října
2026-06-03,paper,28. října
2026-06-03,bio,28. října
2026-06-11,generic,28. října
2026-06-17,plastics,28. října
2026-06-17,bio,28. října
2026-06-25,generic,28. října
2026-07-01,paper,28. října
2026-07-01,bio,28. října
2026-07-09,generic,28. října
2026-07-15,plastics,28. října
2026-07-15,bio,28. října
2026-07-23,generic,28. října
2026-07-29,paper,28. října
2026-07-29,bio,28. října
2026-08-06,generic,28. října
2026-08-12,plastics,28. října
2026-08-12,bio,28. října
2026-08-20,generic,28. října
2026-08-26,paper,28. října
2026-08-26,bio,28. října
2026-09-03,generic,28. října
2026-09-09,plastics,28. října
2026-09-09,bio,28. října
2026-09-17,generic,28. října
2026-09-23,paper,28. října
2026-09-23,bio,28. října
2026-10-01,generic,28. října
2026-10-07,plastics,28. října
2026-10-07,bio,28. října
2026-10-15,generic,28. října
2026-10-21,paper,28. října
2026-10-21,bio,28. října
2026-10-29,generic,28. října
2026-11-04,plastics,28. října
2026-11-04,bio,28. října
2026-11-12,generic,28. října
2026-11-18,paper,28. října
2026-11-18,bio,28. října
2026-11-26,generic,28. října
2026-12-02,plastics,28. října
2026-12-02,bio,28. října
2026-12-10,generic,28. října
2026-12-16,paper,28. října
2026-12-16,bio,28. října
2026-12-24,generic,28. října
2026-12-30,plastics,28. října
2026-12-30,bio,28. října
2026-01-08,generic,9. května
2026-01-14,paper,9. května
2026-01-14,bio,9. května
2026-01-22,generic,9. května
2026-01-28,plastics,9. května
2026-01-28,bio,9. května
2026-02-05,generic,9. května
2026-02-11,paper,9. května
2026-02-11,bio,9. května
2026-02-19,generic,9. května
2026-02-25,plastics,9. května
2026-02-25,bio,9. května
2026-03-05,generic,9. května
2026-03-11,paper,9. května
2026-03-11,bio,9. května
2026-03-19,generic,9. května
2026-03-25,plastics,9. května
2026-03-25,bio,9. května
2026-04-02,generic,9. května
2026-04-08,paper,9. května
2026-04-08,bio,9. května
2026-04-16,generic,9. května
2026-04-22,plastics,9. května
2026-04-22,bio,9. května
2026-04-30,generic,9. května
2026-05-06,paper,9. května
2026-05-06,bio,9. května
2026-05-14,generic,9. května
2026-05-20,plastics,9. května
2026-05-20,bio,9. května
2026-05-28,generic,9. května
2026-06-03,paper,9. května
2026-06-03,bio,9. května
2026-06-11,generic,9. května
2026-06-17,plastics,9. května
2026-06-17,bio,9. května
2026-06-25,generic,9. května
2026-07-01,paper,9. května
2026-07-01,bio,9. května
2026-07-09,generic,9. května
2026-07-15,plastics,9. května
2026-07-15,bio,9. května
2026-07-23,generic,9. května
2026-07-29,paper,9. května
2026-07-29,bio,9. května
2026-08-06,generic,9. května
2026-08-12,plastics,9. května
2026-08-12,bio,9. května
2026-08-20,generic,9. května
2026-08-26,paper,9. května
2026-08-26,bio,9. května
2026-09-03,generic,9. května
2026-09-09,plastics,9. května
2026-09-09,bio,9. května
2026-09-17,generic,9. května
2026-09-23,paper,9. května
2026-09-23,bio,9. května
2026-10-01,generic,9. května
2026-10-07,plastics,9. května
2026-10-07,bio,9. května
2026-10-15,generic,9. května
2026-10-21,paper,9. května
2026-10-21,bio,9. května
2026-10-29,generic,9. května
2026-11-04,plastics,9. května
2026-11-04,bio,9. května
2026-11-12,generic,9. května
2026-11-18,paper,9. května
2026-11-18,bio,9. května
2026-11-26,generic,9. května
2026-12-02,plastics,9. května
2026-12-02,bio,9. května
2026-12-10,generic,9. května
2026-12-16,paper,9. května
2026-12-16,bio,9. května
2026-12-24,generic,9. května
2026-12-30,plastics,9. května
2026-12-30,bio,9. května
2026-01-06,generic,Alešova
2026-01-14,paper,Alešova
2026-01-14,bio,Alešova
2026-01-20,generic,Alešova
2026-01-28,plastics,Alešova
2026-01-28,bio,Alešova
2026-02-03,generic,Alešova
2026-02-11,paper,Alešova
2026-02-11,bio,Alešova
2026-02-17,generic,Alešova
2026-02-25,plastics,Alešova
2026-02-25,bio,Alešova
2026-03-03,generic,Alešova
2026-03-11,paper,Alešova
2026-03-11,bio,Alešova
2026-03-17,generic,Alešova
2026-03-25,plastics,Alešova
2026-03-25,bio,Alešova
2026-03-31,generic,Alešova
2026-04-08,paper,Alešova
2026-04-08,bio,Alešova
2026-04-14,generic,Alešova
2026-04-22,plastics,Alešova
2026-04-22,bio,Alešova
2026-04-28,generic,Alešova
2026-05-06,paper,Alešova
2026-05-06,bio,Alešova
2026-05-12,generic,Alešova
2026-05-20,plastics,Alešova
2026-05-20,bio,Alešova
2026-05-26,generic,Alešova
2026-06-03,paper,Alešova
2026-06-03,bio,Alešova
2026-06-09,generic,Alešova
2026-06-17,plastics,Alešova
2026-06-17,bio,Alešova
2026-06-23,generic,Alešova
2026-07-01,paper,Alešova
2026-07-01,bio,Alešova
2026-07-07,generic,Alešova
2026-07-15,plastics,Alešova
2026-07-15,bio,Alešova
2026-07-21,generic,Alešova
2026-07-29,paper,Alešova
2026-07-29,bio,Alešova
2026-08-04,generic,Alešova
2026-08-12,plastics,Alešova
2026-08-12,bio,Alešova
2026-08-18,generic,Alešova
2026-08-26,paper,Alešova
2026-08-26,bio,Alešova
2026-09-01,generic,Alešova
2026-09-09,plastics,Alešova
2026-09-09,bio,Alešova
2026-09-15,generic,Alešova
2026-09-23,paper,Alešova
2026-09-23,bio,Alešova
2026-09-29,generic,Alešova
2026-10-07,plastics,Alešova
2026-10-07,bio,Alešova
2026-10-13,generic,Alešova
2026-10-21,paper,Alešova
2026-10-21,bio,Alešova
2026-10-27,generic,Alešova
2026-11-04,plastics,Alešova
2026-11-04,bio,Alešova
2026-11-10,generic,Alešova
2026-11-18,paper,Alešova
2026-11-18,bio,Alešova
2026-11-24,generic,Alešova
2026-12-02,plastics,Alešova
2026-12-02,bio,Alešova
2026-12-08,generic,Alešova
2026-12-16,paper,Alešova
2026-12-16,bio,Alešova
2026-12-22,generic,Alešova
2026-12-30,plastics,Alešova
2026-12-30,bio,Alešova
2026-01-06,generic,Blahoslavova
2026-01-14,paper,Blahoslavova
2026-01-14,bio,Blahoslavova
2026-01-20,generic,Blahoslavova
2026-01-28,plastics,Blahoslavova
2026-01-28,bio,Blahoslavova
2026-02-03,generic,Blahoslavova
2026-02-11,paper,Blahoslavova
2026-02-11,bio,Blahoslavova
2026-02-17,generic,Blahoslavova
2026-02-25,plastics,Blahoslavova
2026-02-25,bio,Blahoslavova
2026-03-03,generic,Blahoslavova
2026-03-11,paper,Blahoslavova
2026-03-11,bio,Blahoslavova
2026-03-17,generic,Blahoslavova
2026-03-25,plastics,Blahoslavova
2026-03-25,bio,Blahoslavova
2026-03-31,generic,Blahoslavova
2026-04-08,paper,Blahoslavova
2026-04-08,bio,Blahoslavova
2026-04-14,generic,Blahoslavova
2026-04-22,plastics,Blahoslavova
2026-04-22,bio,Blahoslavova
2026-04-28,generic,Blahoslavova
2026-05-06,paper,Blahoslavova
2026-05-06,bio,Blahoslavova
2026-05-12,generic,Blahoslavova
2026-05-20,plastics,Blahoslavova
2026-05-20,bio,Blahoslavova
2026-05-26,generic,Blahoslavova
2026-06-03,paper,Blahoslavova
2026-06-03,bio,Blahoslavova
2026-06-09,generic,Blahoslavova
2026-06-17,plastics,Blahoslavova
2026-06-17,bio,Blahoslavova
2026-06-23,generic,Blahoslavova
2026-07-01,paper,Blahoslavova
2026-07-01,bio,Blahoslavova
2026-07-07,generic,Blahoslavova
2026-07-15,plastics,Blahoslavova
2026-07-15,bio,Blahoslavova
2026-07-21,generic,Blahoslavova
2026-07-29,paper,Blahoslavova
2026-07-29,bio,Blahoslavova
2026-08-04,generic,Blahoslavova
2026-08-12,plastics,Blahoslavova
2026-08-12,bio,Blahoslavova
2026-08-18,generic,Blahoslavova
2026-08-26,paper,Blahoslavova
2026-08-26,bio,Blahoslavova
2026-09-01,generic,Blahoslavova
2026-09-09,plastics,Blahoslavova
2026-09-09,bio,Blahoslavova
2026-09-15,generic,Blahoslavova
2026-09-23,paper,Blahoslavova
2026-09-23,bio,Blahoslavova
2026-09-29,generic,Blahoslavova
2026-10-07,plastics,Blahoslavova
2026-10-07,bio,Blahoslavova
2026-10-13,generic,Blahoslavova
2026-10-21,paper,Blahoslavova
2026-10-21,bio,Blahoslavova
2026-10-27,generic,Blahoslavova
2026-11-04,plastics,Blahoslavova
2026-11-04,bio,Blahoslavova
2026-11-10,generic,Blahoslavova
2026-11-18,paper,Blahoslavova
2026-11-18,bio,Blahoslavova
2026-11-24,generic,Blahoslavova
2026-12-02,plastics,Blahoslavova
2026-12-02,bio,Blahoslavova
2026-12-08,generic,Blahoslavova
2026-12-16,paper,Blahoslavova
2026-12-16,bio,Blahoslavova
2026-12-22,generic,Blahoslavova
2026-12-30,plastics,Blahoslavova
2026-12-30,bio,Blahoslavova
2026-01-08,generic,Boženy Němcové
2026-01-14,paper,Boženy Němcové
2026-01-14,bio,Boženy Němcové
2026-01-22,generic,Boženy Němcové
2026-01-28,plastics,Boženy Němcové
2026-01-28,bio,Boženy Němcové
2026-02-05,generic,Boženy Němcové
2026-02-11,paper,Boženy Němcové
2026-02-11,bio,Boženy Němcové
2026-02-19,generic,Boženy Němcové
2026-02-25,plastics,Boženy Němcové
2026-02-25,bio,Boženy Němcové
2026-03-05,generic,Boženy Němcové
2026-03-11,paper,Boženy Němcové
2026-03-11,bio,Boženy Němcové
2026-03-19,generic,Boženy Němcové
2026-03-25,plastics,Boženy Němcové
2026-03-25,bio,Boženy Němcové
2026-04-02,generic,Boženy Němcové
2026-04-08,paper,Boženy Němcové
2026-04-08,bio,Boženy Němcové
2026-04-16,generic,Boženy Němcové
2026-04-22,plastics,Boženy Němcové
2026-04-22,bio,Boženy Němcové
2026-04-30,generic,Boženy Němcové
2026-05-06,paper,Boženy Němcové
2026-05-06,bio,Boženy Němcové
2026-05-14,generic,Boženy Němcové
2026-05-20,plastics,Boženy Němcové
2026-05-20,bio,Boženy Němcové
2026-05-28,generic,Boženy Němcové
2026-06-03,paper,Boženy Němcové
2026-06-03,bio,Boženy Němcové
2026-06-11,generic,Boženy Němcové
2026-06-17,plastics,Boženy Němcové
2026-06-17,bio,Boženy Němcové
2026-06-25,generic,Boženy Němcové
2026-07-01,paper,Boženy Němcové
2026-07-01,bio,Boženy Němcové
2026-07-09,generic,Boženy Němcové
2026-07-15,plastics,Boženy Němcové
2026-07-15,bio,Boženy Němcové
2026-07-23,generic,Boženy Němcové
2026-07-29,paper,Boženy Němcové
2026-07-29,bio,Boženy Němcové
2026-08-06,generic,Boženy Němcové
2026-08-12,plastics,Boženy Němcové
2026-08-12,bio,Boženy Němcové
2026-08-20,generic,Boženy Němcové
2026-08-26,paper,Boženy Němcové
2026-08-26,bio,Boženy Němcové
2026-09-03,generic,Boženy Němcové
2026-09-09,plastics,Boženy Němcové
2026-09-09,bio,Boženy Němcové
2026-09-17,generic,Boženy Němcové
2026-09-23,paper,Boženy Němcové
2026-09-23,bio,Boženy Němcové
2026-10-01,generic,Boženy Němcové
2026-10-07,plastics,Boženy Němcové
2026-10-07,bio,Boženy Němcové
2026-10-15,generic,Boženy Němcové
2026-10-21,paper,Boženy Němcové
2026-10-21,bio,Boženy Němcové
2026-10-29,generic,Boženy Němcové
2026-11-04,plastics,Boženy Němcové
2026-11-04,bio,Boženy Němcové
2026-11-12,generic,Boženy Němcové
2026-11-18,paper,Boženy Němcové
2026-11-18,bio,Boženy Němcové
2026-11-26,generic,Boženy Němcové
2026-12-02,plastics,Boženy Němcové
2026-12-02,bio,Boženy Němcové
2026-12-10,generic,Boženy Němcové
2026-12-16,paper,Boženy Němcové
2026-12-16,bio,Boženy Němcové
2026-12-24,generic,Boženy Němcové
2026-12-30,plastics,Boženy Němcové
2026-12-30,bio,Boženy Němcové
2026-01-06,generic,Brandlova
2026-01-14,paper,Brandlova
2026-01-14,bio,Brandlova
2026-01-20,generic,Brandlova
2026-01-28,plastics,Brandlova
2026-01-28,bio,Brandlova
2026-02-03,generic,Brandlova
2026-02-11,paper,Brandlova
2026-02-11,bio,Brandlova
2026-02-17,generic,Brandlova
2026-02-25,plastics,Brandlova
2026-02-25,bio,Brandlova
2026-03-03,generic,Brandlova
2026-03-11,paper,Brandlova
2026-03-11,bio,Brandlova
2026-03-17,generic,Brandlova
2026-03-25,plastics,Brandlova
2026-03-25,bio,Brandlova
2026-03-31,generic,Brandlova
2026-04-08,paper,Brandlova
2026-04-08,bio,Brandlova
2026-04-14,generic,Brandlova
2026-04-22,plastics,Brandlova
2026-04-22,bio,Brandlova
2026-04-28,generic,Brandlova
2026-05-06,paper,Brandlova
2026-05-06,bio,Brandlova
2026-05-12,generic,Brandlova
2026-05-20,plastics,Brandlova
2026-05-20,bio,Brandlova
2026-05-26,generic,Brandlova
2026-06-03,paper,Brandlova
2026-06-03,bio,Brandlova
2026-06-09,generic,Brandlova
2026-06-17,plastics,Brandlova
2026-06-17,bio,Brandlova
2026-06-23,generic,Brandlova
2026-07-01,paper,Brandlova
2026-07-01,bio,Brandlova
2026-07-07,generic,Brandlova
2026-07-15,plastics,Brandlova
2026-07-15,bio,Brandlova
2026-07-21,generic,Brandlova
2026-07-29,paper,Brandlova
2026-07-29,bio,Brandlova
2026-08-04,generic,Brandlova
2026-08-12,plastics,Brandlova
2026-08-12,bio,Brandlova
2026-08-18,generic,Brandlova
2026-08-26,paper,Brandlova
2026-08-26,bio,Brandlova
2026-09-01,generic,Brandlova
2026-09-09,plastics,Brandlova
2026-09-09,bio,Brandlova
2026-09-15,generic,Brandlova
2026-09-23,paper,Brandlova
2026-09-23,bio,Brandlova
2026-09-29,generic,Brandlova
2026-10-07,plastics,Brandlova
2026-10-07,bio,Brandlova
2026-10-13,generic,Brandlova
2026-10-21,paper,Brandlova
2026-10-21,bio,Brandlova
2026-10-27,generic,Brandlova
2026-11-04,plastics,Brandlova
2026-11-04,bio,Brandlova
2026-11-10,generic,Brandlova
2026-11-18,paper,Brandlova
2026-11-18,bio,Brandlova
2026-11-24,generic,Brandlova
2026-12-02,plastics,Brandlova
2026-12-02,bio,Brandlova
2026-12-08,generic,Brandlova
2026-12-16,paper,Brandlova
2026-12-16,bio,Brandlova
2026-12-22,generic,Brandlova
2026-12-30,plastics,Brandlova
2026-12-30,bio,Brandlova
2026-01-06,generic,Braunova
2026-01-14,paper,Braunova
2026-01-14,bio,Braunova
2026-01-20,generic,Braunova
2026-01-28,plastics,Braunova
2026-01-28,bio,Braunova
2026-02-03,generic,Braunova
2026-02-11,paper,Braunova
2026-02-11,bio,Braunova
2026-02-17,generic,Braunova
2026-02-25,plastics,Braunova
2026-02-25,bio,Braunova
2026-03-03,generic,Braunova
2026-03-11,paper,Braunova
2026-03-11,bio,Braunova
2026-03-17,generic,Braunova
2026-03-25,plastics,Braunova
2026-03-25,bio,Braunova
2026-03-31,generic,Braunova
2026-04-08,paper,Braunova
2026-04-08,bio,Braunova
2026-04-14,generic,Braunova
2026-04-22,plastics,Braunova
2026-04-22,bio,Braunova
2026-04-28,generic,Braunova
2026-05-06,paper,Braunova
2026-05-06,bio,Braunova
2026-05-12,generic,Braunova
2026-05-20,plastics,Braunova
2026-05-20,bio,Braunova
2026-05-26,generic,Braunova
2026-06-03,paper,Braunova
2026-06-03,bio,Braunova
2026-06-09,generic,Braunova
2026-06-17,plastics,Braunova
2026-06-17,bio,Braunova
2026-06-23,generic,Braunova
2026-07-01,paper,Braunova
2026-07-01,bio,Braunova
2026-07-07,generic,Braunova
2026-07-15,plastics,Braunova
2026-07-15,bio,Braunova
2026-07-21,generic,Braunova
2026-07-29,paper,Braunova
2026-07-29,bio,Braunova
2026-08-04,generic,Braunova
2026-08-12,plastics,Braunova
2026-08-12,bio,Braunova
2026-08-18,generic,Braunova
2026-08-26,paper,Braunova
2026-08-26,bio,Braunova
2026-09-01,generic,Braunova
2026-09-09,plastics,Braunova
2026-09-09,bio,Braunova
2026-09-15,generic,Braunova
2026-09-23,paper,Braunova
2026-09-23,bio,Braunova
2026-09-29,generic,Braunova
2026-10-07,plastics,Braunova
2026-10-07,bio,Braunova
2026-10-13,generic,Braunova
2026-10-21,paper,Braunova
2026-10-21,bio,Braunova
2026-10-27,generic,Braunova
2026-11-04,plastics,Braunova
2026-11-04,bio,Braunova
2026-11-10,generic,Braunova
2026-11-18,paper,Braunova
2026-11-18,bio,Braunova
2026-11-24,generic,Braunova
2026-12-02,plastics,Braunova
2026-12-02,bio,Braunova
2026-12-08,generic,Braunova
2026-12-16,paper,Braunova
2026-12-16,bio,Braunova
2026-12-22,generic,Braunova
2026-12-30,plastics,Braunova
2026-12-30,bio,Braunova
2026-01-07,generic,Brigádnická
2026-01-14,paper,Brigádnická
2026-01-14,bio,Brigádnická
2026-01-21,generic,Brigádnická
2026-01-28,plastics,Brigádnická
2026-01-28,bio,Brigádnická
2026-02-04,generic,Brigádnická
2026-02-11,paper,Brigádnická
2026-02-11,bio,Brigádnická
2026-02-18,generic,Brigádnická
2026-02-25,plastics,Brigádnická
2026-02-25,bio,Brigádnická
2026-03-04,generic,Brigádnická
2026-03-11,paper,Brigádnická
2026-03-11,bio,Brigádnická
2026-03-18,generic,Brigádnická
2026-03-25,plastics,Brigádnická
2026-03-25,bio,Brigádnická
2026-04-01,generic,Brigádnická
2026-04-08,paper,Brigádnická
2026-04-08,bio,Brigádnická
2026-04-15,generic,Brigádnická
2026-04-22,plastics,Brigádnická
2026-04-22,bio,Brigádnická
2026-04-29,generic,Brigádnická
2026-05-06,paper,Brigádnická
2026-05-06,bio,Brigádnická
2026-05-13,generic,Brigádnická
2026-05-20,plastics,Brigádnická
2026-05-20,bio,Brigádnická
2026-05-27,generic,Brigádnická
2026-06-03,paper,Brigádnická
2026-06-03,bio,Brigádnická
2026-06-10,generic,Brigádnická
2026-06-17,plastics,Brigádnická
2026-06-17,bio,Brigádnická
2026-06-24,generic,Brigádnická
2026-07-01,paper,Brigádnická
2026-07-01,bio,Brigádnická
2026-07-08,generic,Brigádnická
2026-07-15,plastics,Brigádnická
2026-07-15,bio,Brigádnická
2026-07-22,generic,Brigádnická
2026-07-29,paper,Brigádnická
2026-07-29,bio,Brigádnická
2026-08-05,generic,Brigádnická
2026-08-12,plastics,Brigádnická
2026-08-12,bio,Brigádnická
2026-08-19,generic,Brigádnická
2026-08-26,paper,Brigádnická
2026-08-26,bio,Brigádnická
2026-09-02,generic,Brigádnická
2026-09-09,plastics,Brigádnická
2026-09-09,bio,Brigádnická
2026-09-16,generic,Brigádnická
2026-09-23,paper,Brigádnická
2026-09-23,bio,Brigádnická
2026-09-30,generic,Brigádnická
2026-10-07,plastics,Brigádnická
2026-10-07,bio,Brigádnická
2026-10-14,generic,Brigádnická
2026-10-21,paper,Brigádnická
2026-10-21,bio,Brigádnická
2026-10-28,generic,Brigádnická
2026-11-04,plastics,Brigádnická
2026-11-04,bio,Brigádnická
2026-11-11,generic,Brigádnická
2026-11-18,paper,Brigádnická
2026-11-18,bio,Brigádnická
2026-11-25,generic,Brigádnická
2026-12-02,plastics,Brigádnická
2026-12-02,bio,Brigádnická
2026-12-09,generic,Brigádnická
2026-12-16,paper,Brigádnická
2026-12-16,bio,Brigádnická
2026-12-23,generic,Brigádnická
2026-12-30,plastics,Brigádnická
2026-12-30,bio,Brigádnická
2026-01-08,generic,Brožíkova
2026-01-14,paper,Brožíkova
2026-01-14,bio,Brožíkova
2026-01-22,generic,Brožíkova
2026-01-28,plastics,Brožíkova
2026-01-28,bio,Brožíkova
2026-02-05,generic,Brožíkova
2026-02-11,paper,Brožíkova
2026-02-11,bio,Brožíkova
2026-02-19,generic,Brožíkova
2026-02-25,plastics,Brožíkova
2026-02-25,bio,Brožíkova
2026-03-05,generic,Brožíkova
2026-03-11,paper,Brožíkova
2026-03-11,bio,Brožíkova
2026-03-19,generic,Brožíkova
2026-03-25,plastics,Brožíkova
2026-03-25,bio,Brožíkova
2026-04-02,generic,Brožíkova
2026-04-08,paper,Brožíkova
2026-04-08,bio,Brožíkova
2026-04-16,generic,Brožíkova
2026-04-22,plastics,Brožíkova
2026-04-22,bio,Brožíkova
2026-04-30,generic,Brožíkova
2026-05-06,paper,Brožíkova
2026-05-06,bio,Brožíkova
2026-05-14,generic,Brožíkova
2026-05-20,plastics,Brožíkova
2026-05-20,bio,Brožíkova
2026-05-28,generic,Brožíkova
2026-06-03,paper,Brožíkova
2026-06-03,bio,Brožíkova
2026-06-11,generic,Brožíkova
2026-06-17,plastics,Brožíkova
2026-06-17,bio,Brožíkova
2026-06-25,generic,Brožíkova
2026-07-01,paper,Brožíkova
2026-07-01,bio,Brožíkova
2026-07-09,generic,Brožíkova
2026-07-15,plastics,Brožíkova
2026-07-15,bio,Brožíkova
2026-07-23,generic,Brožíkova
2026-07-29,paper,Brožíkova
2026-07-29,bio,Brožíkova
2026-08-06,generic,Brožíkova
2026-08-12,plastics,Brožíkova
2026-08-12,bio,Brožíkova
2026-08-20,generic,Brožíkova
2026-08-26,paper,Brožíkova
2026-08-26,bio,Brožíkova
2026-09-03,generic,Brožíkova
2026-09-09,plastics,Brožíkova
2026-09-09,bio,Brožíkova
2026-09-17,generic,Brožíkova
2026-09-23,paper,Brožíkova
2026-09-23,bio,Brožíkova
2026-10-01,generic,Brožíkova
2026-10-07,plastics,Brožíkova
2026-10-07,bio,Brožíkova
2026-10-15,generic,Brožíkova
2026-10-21,paper,Brožíkova
2026-10-21,bio,Brožíkova
2026-10-29,generic,Brožíkova
2026-11-04,plastics,Brožíkova
2026-11-04,bio,Brožíkova
2026-11-12,generic,Brožíkova
2026-11-18,paper,Brožíkova
2026-11-18,bio,Brožíkova
2026-11-26,generic,Brožíkova
2026-12-02,plastics,Brožíkova
2026-12-02,bio,Brožíkova
2026-12-10,generic,Brožíkova
2026-12-16,paper,Brožíkova
2026-12-16,bio,Brožíkova
2026-12-24,generic,Brožíkova
2026-12-30,plastics,Brožíkova
2026-12-30,bio,Brožíkova
2026-01-07,generic,Byšičky
2026-01-13,paper,Byšičky
2026-01-14,bio,Byšičky
2026-01-14,bio,Byšičky
2026-01-21,generic,Byšičky
2026-01-27,plastics,Byšičky
2026-01-28,bio,Byšičky
2026-01-28,bio,Byšičky
2026-02-04,generic,Byšičky
2026-02-10,paper,Byšičky
2026-02-11,bio,Byšičky
2026-02-11,bio,Byšičky
2026-02-18,generic,Byšičky
2026-02-24,plastics,Byšičky
2026-02-25,bio,Byšičky
2026-02-25,bio,Byšičky
2026-03-04,generic,Byšičky
2026-03-10,paper,Byšičky
2026-03-11,bio,Byšičky
2026-03-11,bio,Byšičky
2026-03-18,generic,Byšičky
2026-03-24,plastics,Byšičky
2026-03-25,bio,Byšičky
2026-03-25,bio,Byšičky
2026-04-01,generic,Byšičky
2026-04-07,paper,Byšičky
2026-04-08,bio,Byšičky
2026-04-08,bio,Byšičky
2026-04-15,generic,Byšičky
2026-04-21,plastics,Byšičky
2026-04-22,bio,Byšičky
2026-04-22,bio,Byšičky
2026-04-29,generic,Byšičky
2026-05-05,paper,Byšičky
2026-05-06,bio,Byšičky
2026-05-06,bio,Byšičky
2026-05-13,generic,Byšičky
2026-05-19,plastics,Byšičky
2026-05-20,bio,Byšičky
2026-05-20,bio,Byšičky
2026-05-27,generic,Byšičky
2026-06-02,paper,Byšičky
2026-06-03,bio,Byšičky
2026-06-03,bio,Byšičky
2026-06-10,generic,Byšičky
2026-06-16,plastics,Byšičky
2026-06-17,bio,Byšičky
2026-06-17,bio,Byšičky
2026-06-24,generic,Byšičky
2026-06-30,paper,Byšičky
2026-07-01,bio,Byšičky
2026-07-01,bio,Byšičky
2026-07-08,generic,Byšičky
2026-07-14,plastics,Byšičky
2026-07-15,bio,Byšičky
2026-07-15,bio,Byšičky
2026-07-22,generic,Byšičky
2026-07-28,paper,Byšičky
2026-07-29,bio,Byšičky
2026-07-29,bio,Byšičky
2026-08-05,generic,Byšičky
2026-08-11,plastics,Byšičky
2026-08-12,bio,Byšičky
2026-08-12,bio,Byšičky
2026-08-19,generic,Byšičky
2026-08-25,paper,Byšičky
2026-08-26,bio,Byšičky
2026-08-26,bio,Byšičky
2026-09-02,generic,Byšičky
2026-09-08,plastics,Byšičky
2026-09-09,bio,Byšičky
2026-09-09,bio,Byšičky
2026-09-16,generic,Byšičky
2026-09-22,paper,Byšičky
2026-09-23,bio,Byšičky
2026-09-23,bio,Byšičky
2026-09-30,generic,Byšičky
2026-10-06,plastics,Byšičky
2026-10-07,bio,Byšičky
2026-10-07,bio,Byšičky
2026-10-14,generic,Byšičky
2026-10-20,paper,Byšičky
2026-10-21,bio,Byšičky
2026-10-21,bio,Byšičky
2026-10-28,generic,Byšičky
2026-11-03,plastics,Byšičky
2026-11-04,bio,Byšičky
2026-11-04,bio,Byšičky
2026-11-11,generic,Byšičky
2026-11-17,paper,Byšičky
2026-11-18,bio,Byšičky
2026-11-18,bio,Byšičky
2026-11-25,generic,Byšičky
2026-12-01,plastics,Byšičky
2026-12-02,bio,Byšičky
2026-12-02,bio,Byšičky
2026-12-09,generic,Byšičky
2026-12-15,paper,Byšičky
2026-12-16,bio,Byšičky
2026-12-16,bio,Byšičky
2026-12-23,generic,Byšičky
2026-12-29,plastics,Byšičky
2026-12-30,bio,Byšičky
2026-12-30,bio,Byšičky
2026-01-06,generic,Čapkova
2026-01-14,paper,Čapkova
2026-01-14,bio,Čapkova
2026-01-20,generic,Čapkova
2026-01-28,plastics,Čapkova
2026-01-28,bio,Čapkova
2026-02-03,generic,Čapkova
2026-02-11,paper,Čapkova
2026-02-11,bio,Čapkova
2026-02-17,generic,Čapkova
2026-02-25,plastics,Čapkova
2026-02-25,bio,Čapkova
2026-03-03,generic,Čapkova
2026-03-11,paper,Čapkova
2026-03-11,bio,Čapkova
2026-03-17,generic,Čapkova
2026-03-25,plastics,Čapkova
2026-03-25,bio,Čapkova
2026-03-31,generic,Čapkova
2026-04-08,paper,Čapkova
2026-04-08,bio,Čapkova
2026-04-14,generic,Čapkova
2026-04-22,plastics,Čapkova
2026-04-22,bio,Čapkova
2026-04-28,generic,Čapkova
2026-05-06,paper,Čapkova
2026-05-06,bio,Čapkova
2026-05-12,generic,Čapkova
2026-05-20,plastics,Čapkova
2026-05-20,bio,Čapkova
2026-05-26,generic,Čapkova
2026-06-03,paper,Čapkova
2026-06-03,bio,Čapkova
2026-06-09,generic,Čapkova
2026-06-17,plastics,Čapkova
2026-06-17,bio,Čapkova
2026-06-23,generic,Čapkova
2026-07-01,paper,Čapkova
2026-07-01,bio,Čapkova
2026-07-07,generic,Čapkova
2026-07-15,plastics,Čapkova
2026-07-15,bio,Čapkova
2026-07-21,generic,Čapkova
2026-07-29,paper,Čapkova
2026-07-29,bio,Čapkova
2026-08-04,generic,Čapkova
2026-08-12,plastics,Čapkova
2026-08-12,bio,Čapkova
2026-08-18,generic,Čapkova
2026-08-26,paper,Čapkova
2026-08-26,bio,Čapkova
2026-09-01,generic,Čapkova
2026-09-09,plastics,Čapkova
2026-09-09,bio,Čapkova
2026-09-15,generic,Čapkova
2026-09-23,paper,Čapkova
2026-09-23,bio,Čapkova
2026-09-29,generic,Čapkova
2026-10-07,plastics,Čapkova
2026-10-07,bio,Čapkova
2026-10-13,generic,Čapkova
2026-10-21,paper,Čapkova
2026-10-21,bio,Čapkova
2026-10-27,generic,Čapkova
2026-11-04,plastics,Čapkova
2026-11-04,bio,Čapkova
2026-11-10,generic,Čapkova
2026-11-18,paper,Čapkova
2026-11-18,bio,Čapkova
2026-11-24,generic,Čapkova
2026-12-02,plastics,Čapkova
2026-12-02,bio,Čapkova
2026-12-08,generic,Čapkova
2026-12-16,paper,Čapkova
2026-12-16,bio,Čapkova
2026-12-22,generic,Čapkova
2026-12-30,plastics,Čapkova
2026-12-30,bio,Čapkova
2026-01-06,generic,Čechova
2026-01-14,paper,Čechova
2026-01-14,bio,Čechova
2026-01-20,generic,Čechova
2026-01-28,plastics,Čechova
2026-01-28,bio,Čechova
2026-02-03,generic,Čechova
2026-02-11,paper,Čechova
2026-02-11,bio,Čechova
2026-02-17,generic,Čechova
2026-02-25,plastics,Čechova
2026-02-25,bio,Čechova
2026-03-03,generic,Čechova
2026-03-11,paper,Čechova
2026-03-11,bio,Čechova
2026-03-17,generic,Čechova
2026-03-25,plastics,Čechova
2026-03-25,bio,Čechova
2026-03-31,generic,Čechova
2026-04-08,paper,Čechova
2026-04-08,bio,Čechova
2026-04-14,generic,Čechova
2026-04-22,plastics,Čechova
2026-04-22,bio,Čechova
2026-04-28,generic,Čechova
2026-05-06,paper,Čechova
2026-05-06,bio,Čechova
2026-05-12,generic,Čechova
2026-05-20,plastics,Čechova
2026-05-20,bio,Čechova
2026-05-26,generic,Čechova
2026-06-03,paper,Čechova
2026-06-03,bio,Čechova
2026-06-09,generic,Čechova
2026-06-17,plastics,Čechova
2026-06-17,bio,Čechova
2026-06-23,generic,Čechova
2026-07-01,paper,Čechova
2026-07-01,bio,Čechova
2026-07-07,generic,Čechova
2026-07-15,plastics,Čechova
2026-07-15,bio,Čechova
2026-07-21,generic,Čechova
2026-07-29,paper,Čechova
2026-07-29,bio,Čechova
2026-08-04,generic,Čechova
2026-08-12,plastics,Čechova
2026-08-12,bio,Čechova
2026-08-18,generic,Čechova
2026-08-26,paper,Čechova
2026-08-26,bio,Čechova
2026-09-01,generic,Čechova
2026-09-09,plastics,Čechova
2026-09-09,bio,Čechova
2026-09-15,generic,Čechova
2026-09-23,paper,Čechova
2026-09-23,bio,Čechova
2026-09-29,generic,Čechova
2026-10-07,plastics,Čechova
2026-10-07,bio,Čechova
2026-10-13,generic,Čechova
2026-10-21,paper,Čechova
2026-10-21,bio,Čechova
2026-10-27,generic,Čechova
2026-11-04,plastics,Čechova
2026-11-04,bio,Čechova
2026-11-10,generic,Čechova
2026-11-18,paper,Čechova
2026-11-18,bio,Čechova
2026-11-24,generic,Čechova
2026-12-02,plastics,Čechova
2026-12-02,bio,Čechova
2026-12-08,generic,Čechova
2026-12-16,paper,Čechova
2026-12-16,bio,Čechova
2026-12-22,generic,Čechova
2026-12-30,plastics,Čechova
2026-12-30,bio,Čechova
2026-01-06,generic,Čelakovského
2026-01-14,paper,Čelakovského
2026-01-14,bio,Čelakovského
2026-01-20,generic,Čelakovského
2026-01-28,plastics,Čelakovského
2026-01-28,bio,Čelakovského
2026-02-03,generic,Čelakovského
2026-02-11,paper,Čelakovského
2026-02-11,bio,Čelakovského
2026-02-17,generic,Čelakovského
2026-02-25,plastics,Čelakovského
2026-02-25,bio,Čelakovského
2026-03-03,generic,Čelakovského
2026-03-11,paper,Čelakovského
2026-03-11,bio,Čelakovského
2026-03-17,generic,Čelakovského
2026-03-25,plastics,Čelakovského
2026-03-25,bio,Čelakovského
2026-03-31,generic,Čelakovského
2026-04-08,paper,Čelakovského
2026-04-08,bio,Čelakovského
2026-04-14,generic,Čelakovského
2026-04-22,plastics,Čelakovského
2026-04-22,bio,Čelakovského
2026-04-28,generic,Čelakovského
2026-05-06,paper,Čelakovského
2026-05-06,bio,Čelakovského
2026-05-12,generic,Čelakovského
2026-05-20,plastics,Čelakovského
2026-05-20,bio,Čelakovského
2026-05-26,generic,Čelakovského
2026-06-03,paper,Čelakovského
2026-06-03,bio,Čelakovského
2026-06-09,generic,Čelakovského
2026-06-17,plastics,Čelakovského
2026-06-17,bio,Čelakovského
2026-06-23,generic,Čelakovského
2026-07-01,paper,Čelakovského
2026-07-01,bio,Čelakovského
2026-07-07,generic,Čelakovského
2026-07-15,plastics,Čelakovského
2026-07-15,bio,Čelakovského
2026-07-21,generic,Čelakovského
2026-07-29,paper,Čelakovského
2026-07-29,bio,Čelakovského
2026-08-04,generic,Čelakovského
2026-08-12,plastics,Čelakovského
2026-08-12,bio,Čelakovského
2026-08-18,generic,Čelakovského
2026-08-26,paper,Čelakovského
2026-08-26,bio,Čelakovského
2026-09-01,generic,Čelakovského
2026-09-09,plastics,Čelakovského
2026-09-09,bio,Čelakovského
2026-09-15,generic,Čelakovského
2026-09-23,paper,Čelakovského
2026-09-23,bio,Čelakovského
2026-09-29,generic,Čelakovského
2026-10-07,plastics,Čelakovského
2026-10-07,bio,Čelakovského
2026-10-13,generic,Čelakovského
2026-10-21,paper,Čelakovského
2026-10-21,bio,Čelakovského
2026-10-27,generic,Čelakovského
2026-11-04,plastics,Čelakovského
2026-11-04,bio,Čelakovského
2026-11-10,generic,Čelakovského
2026-11-18,paper,Čelakovského
2026-11-18,bio,Čelakovského
2026-11-24,generic,Čelakovského
2026-12-02,plastics,Čelakovského
2026-12-02,bio,Čelakovského
2026-12-08,generic,Čelakovského
2026-12-16,paper,Čelakovského
2026-12-16,bio,Čelakovského
2026-12-22,generic,Čelakovského
2026-12-30,plastics,Čelakovského
2026-12-30,bio,Čelakovského
2026-01-08,generic,Československé armády
2026-01-14,paper,Československé armády
2026-01-14,bio,Československé armády
2026-01-22,generic,Československé armády
2026-01-28,plastics,Československé armády
2026-01-28,bio,Československé armády
2026-02-05,generic,Československé armády
2026-02-11,paper,Československé armády
2026-02-11,bio,Československé armády
2026-02-19,generic,Československé armády
2026-02-25,plastics,Československé armády
2026-02-25,bio,Československé armády
2026-03-05,generic,Československé armády
2026-03-11,paper,Československé armády
2026-03-11,bio,Československé armády
2026-03-19,generic,Československé armády
2026-03-25,plastics,Československé armády
2026-03-25,bio,Československé armády
2026-04-02,generic,Československé armády
2026-04-08,paper,Československé armády
2026-04-08,bio,Československé armády
2026-04-16,generic,Československé armády
2026-04-22,plastics,Československé armády
2026-04-22,bio,Československé armády
2026-04-30,generic,Československé armády
2026-05-06,paper,Československé armády
2026-05-06,bio,Československé armády
2026-05-14,generic,Československé armády
2026-05-20,plastics,Československé armády
2026-05-20,bio,Československé armády
2026-05-28,generic,Československé armády
2026-06-03,paper,Československé armády
2026-06-03,bio,Československé armády
2026-06-11,generic,Československé armády
2026-06-17,plastics,Československé armády
2026-06-17,bio,Československé armády
2026-06-25,generic,Československé armády
2026-07-01,paper,Československé armády
2026-07-01,bio,Československé armády
2026-07-09,generic,Československé armády
2026-07-15,plastics,Československé armády
2026-07-15,bio,Československé armády
2026-07-23,generic,Československé armády
2026-07-29,paper,Československé armády
2026-07-29,bio,Československé armády
2026-08-06,generic,Československé armády
2026-08-12,plastics,Československé armády
2026-08-12,bio,Československé armády
2026-08-20,generic,Československé armády
2026-08-26,paper,Československé armády
2026-08-26,bio,Československé armády
2026-09-03,generic,Československé armády
2026-09-09,plastics,Československé armády
2026-09-09,bio,Československé armády
2026-09-17,generic,Československé armády
2026-09-23,paper,Československé armády
2026-09-23,bio,Československé armády
2026-10-01,generic,Československé armády
2026-10-07,plastics,Československé armády
2026-10-07,bio,Československé armády
2026-10-15,generic,Československé armády
2026-10-21,paper,Československé armády
2026-10-21,bio,Československé armády
2026-10-29,generic,Československé armády
2026-11-04,plastics,Československé armády
2026-11-04,bio,Československé armády
2026-11-12,generic,Československé armády
2026-11-18,paper,Československé armády
2026-11-18,bio,Československé armády
2026-11-26,generic,Československé armády
2026-12-02,plastics,Československé armády
2026-12-02,bio,Československé armády
2026-12-10,generic,Československé armády
2026-12-16,paper,Československé armády
2026-12-16,bio,Československé armády
2026-12-24,generic,Československé armády
2026-12-30,plastics,Československé armády
2026-12-30,bio,Československé armády
2026-01-06,generic,Cihelna
2026-01-14,paper,Cihelna
2026-01-14,bio,Cihelna
2026-01-20,generic,Cihelna
2026-01-28,plastics,Cihelna
2026-01-28,bio,Cihelna
2026-02-03,generic,Cihelna
2026-02-11,paper,Cihelna
2026-02-11,bio,Cihelna
2026-02-17,generic,Cihelna
2026-02-25,plastics,Cihelna
2026-02-25,bio,Cihelna
2026-03-03,generic,Cihelna
2026-03-11,paper,Cihelna
2026-03-11,bio,Cihelna
2026-03-17,generic,Cihelna
2026-03-25,plastics,Cihelna
2026-03-25,bio,Cihelna
2026-03-31,generic,Cihelna
2026-04-08,paper,Cihelna
2026-04-08,bio,Cihelna
2026-04-14,generic,Cihelna
2026-04-22,plastics,Cihelna
2026-04-22,bio,Cihelna
2026-04-28,generic,Cihelna
2026-05-06,paper,Cihelna
2026-05-06,bio,Cihelna
2026-05-12,generic,Cihelna
2026-05-20,plastics,Cihelna
2026-05-20,bio,Cihelna
2026-05-26,generic,Cihelna
2026-06-03,paper,Cihelna
2026-06-03,bio,Cihelna
2026-06-09,generic,Cihelna
2026-06-17,plastics,Cihelna
2026-06-17,bio,Cihelna
2026-06-23,generic,Cihelna
2026-07-01,paper,Cihelna
2026-07-01,bio,Cihelna
2026-07-07,generic,Cihelna
2026-07-15,plastics,Cihelna
2026-07-15,bio,Cihelna
2026-07-21,generic,Cihelna
2026-07-29,paper,Cihelna
2026-07-29,bio,Cihelna
2026-08-04,generic,Cihelna
2026-08-12,plastics,Cihelna
2026-08-12,bio,Cihelna
2026-08-18,generic,Cihelna
2026-08-26,paper,Cihelna
2026-08-26,bio,Cihelna
2026-09-01,generic,Cihelna
2026-09-09,plastics,Cihelna
2026-09-09,bio,Cihelna
2026-09-15,generic,Cihelna
2026-09-23,paper,Cihelna
2026-09-23,bio,Cihelna
2026-09-29,generic,Cihelna
2026-10-07,plastics,Cihelna
2026-10-07,bio,Cihelna
2026-10-13,generic,Cihelna
2026-10-21,paper,Cihelna
2026-10-21,bio,Cihelna
2026-10-27,generic,Cihelna
2026-11-04,plastics,Cihelna
2026-11-04,bio,Cihelna
2026-11-10,generic,Cihelna
2026-11-18,paper,Cihelna
2026-11-18,bio,Cihelna
2026-11-24,generic,Cihelna
2026-12-02,plastics,Cihelna
2026-12-02,bio,Cihelna
2026-12-08,generic,Cihelna
2026-12-16,paper,Cihelna
2026-12-16,bio,Cihelna
2026-12-22,generic,Cihelna
2026-12-30,plastics,Cihelna
2026-12-30,bio,Cihelna
2026-01-08,generic,Dobrovského sady
2026-01-14,paper,Dobrovského sady
2026-01-14,bio,Dobrovského sady
2026-01-22,generic,Dobrovského sady
2026-01-28,plastics,Dobrovského sady
2026-01-28,bio,Dobrovského sady
2026-02-05,generic,Dobrovského sady
2026-02-11,paper,Dobrovského sady
2026-02-11,bio,Dobrovského sady
2026-02-19,generic,Dobrovského sady
2026-02-25,plastics,Dobrovského sady
2026-02-25,bio,Dobrovského sady
2026-03-05,generic,Dobrovského sady
2026-03-11,paper,Dobrovského sady
2026-03-11,bio,Dobrovského sady
2026-03-19,generic,Dobrovského sady
2026-03-25,plastics,Dobrovského sady
2026-03-25,bio,Dobrovského sady
2026-04-02,generic,Dobrovského sady
2026-04-08,paper,Dobrovského sady
2026-04-08,bio,Dobrovského sady
2026-04-16,generic,Dobrovského sady
2026-04-22,plastics,Dobrovského sady
2026-04-22,bio,Dobrovského sady
2026-04-30,generic,Dobrovského sady
2026-05-06,paper,Dobrovského sady
2026-05-06,bio,Dobrovského sady
2026-05-14,generic,Dobrovského sady
2026-05-20,plastics,Dobrovského sady
2026-05-20,bio,Dobrovského sady
2026-05-28,generic,Dobrovského sady
2026-06-03,paper,Dobrovského sady
2026-06-03,bio,Dobrovského sady
2026-06-11,generic,Dobrovského sady
2026-06-17,plastics,Dobrovského sady
2026-06-17,bio,Dobrovského sady
2026-06-25,generic,Dobrovského sady
2026-07-01,paper,Dobrovského sady
2026-07-01,bio,Dobrovského sady
2026-07-09,generic,Dobrovského sady
2026-07-15,plastics,Dobrovského sady
2026-07-15,bio,Dobrovského sady
2026-07-23,generic,Dobrovského sady
2026-07-29,paper,Dobrovského sady
2026-07-29,bio,Dobrovského sady
2026-08-06,generic,Dobrovského sady
2026-08-12,plastics,Dobrovského sady
2026-08-12,bio,Dobrovského sady
2026-08-20,generic,Dobrovského sady
2026-08-26,paper,Dobrovského sady
2026-08-26,bio,Dobrovského sady
2026-09-03,generic,Dobrovského sady
2026-09-09,plastics,Dobrovského sady
2026-09-09,bio,Dobrovského sady
2026-09-17,generic,Dobrovského sady
2026-09-23,paper,Dobrovského sady
2026-09-23,bio,Dobrovského sady
2026-10-01,generic,Dobrovského sady
2026-10-07,plastics,Dobrovského sady
2026-10-07,bio,Dobrovského sady
2026-10-15,generic,Dobrovského sady
2026-10-21,paper,Dobrovského sady
2026-10-21,bio,Dobrovského sady
2026-10-29,generic,Dobrovského sady
2026-11-04,plastics,Dobrovského sady
2026-11-04,bio,Dobrovského sady
2026-11-12,generic,Dobrovského sady
2026-11-18,paper,Dobrovského sady
2026-11-18,bio,Dobrovského sady
2026-11-26,generic,Dobrovského sady
2026-12-02,plastics,Dobrovského sady
2026-12-02,bio,Dobrovského sady
2026-12-10,generic,Dobrovského sady
2026-12-16,paper,Dobrovského sady
2026-12-16,bio,Dobrovského sady
2026-12-24,generic,Dobrovského sady
2026-12-30,plastics,Dobrovského sady
2026-12-30,bio,Dobrovského sady
2026-01-08,generic,Dohalského
2026-01-14,paper,Dohalského
2026-01-14,bio,Dohalského
2026-01-22,generic,Dohalského
2026-01-28,plastics,Dohalského
2026-01-28,bio,Dohalského
2026-02-05,generic,Dohalského
2026-02-11,paper,Dohalského
2026-02-11,bio,Dohalského
2026-02-19,generic,Dohalského
2026-02-25,plastics,Dohalského
2026-02-25,bio,Dohalského
2026-03-05,generic,Dohalského
2026-03-11,paper,Dohalského
2026-03-11,bio,Dohalského
2026-03-19,generic,Dohalského
2026-03-25,plastics,Dohalského
2026-03-25,bio,Dohalského
2026-04-02,generic,Dohalského
2026-04-08,paper,Dohalského
2026-04-08,bio,Dohalského
2026-04-16,generic,Dohalského
2026-04-22,plastics,Dohalského
2026-04-22,bio,Dohalského
2026-04-30,generic,Dohalského
2026-05-06,paper,Dohalského
2026-05-06,bio,Dohalského
2026-05-14,generic,Dohalského
2026-05-20,plastics,Dohalského
2026-05-20,bio,Dohalského
2026-05-28,generic,Dohalského
2026-06-03,paper,Dohalského
2026-06-03,bio,Dohalského
2026-06-11,generic,Dohalského
2026-06-17,plastics,Dohalského
2026-06-17,bio,Dohalského
2026-06-25,generic,Dohalského
2026-07-01,paper,Dohalského
2026-07-01,bio,Dohalského
2026-07-09,generic,Dohalského
2026-07-15,plastics,Dohalského
2026-07-15,bio,Dohalského
2026-07-23,generic,Dohalského
2026-07-29,paper,Dohalského
2026-07-29,bio,Dohalského
2026-08-06,generic,Dohalského
2026-08-12,plastics,Dohalského
2026-08-12,bio,Dohalského
2026-08-20,generic,Dohalského
2026-08-26,paper,Dohalského
2026-08-26,bio,Dohalského
2026-09-03,generic,Dohalského
2026-09-09,plastics,Dohalského
2026-09-09,bio,Dohalského
2026-09-17,generic,Dohalského
2026-09-23,paper,Dohalského
2026-09-23,bio,Dohalského
2026-10-01,generic,Dohalského
2026-10-07,plastics,Dohalského
2026-10-07,bio,Dohalského
2026-10-15,generic,Dohalského
2026-10-21,paper,Dohalského
2026-10-21,bio,Dohalského
2026-10-29,generic,Dohalského
2026-11-04,plastics,Dohalského
2026-11-04,bio,Dohalského
2026-11-12,generic,Dohalského
2026-11-18,paper,Dohalského
2026-11-18,bio,Dohalského
2026-11-26,generic,Dohalského
2026-12-02,plastics,Dohalského
2026-12-02,bio,Dohalského
2026-12-10,generic,Dohalského
2026-12-16,paper,Dohalského
2026-12-16,bio,Dohalského
2026-12-24,generic,Dohalského
2026-12-30,plastics,Dohalského
2026-12-30,bio,Dohalského
2026-01-08,generic,Dolejší
2026-01-14,paper,Dolejší
2026-01-14,bio,Dolejší
2026-01-22,generic,Dolejší
2026-01-28,plastics,Dolejší
2026-01-28,bio,Dolejší
2026-02-05,generic,Dolejší
2026-02-11,paper,Dolejší
2026-02-11,bio,Dolejší
2026-02-19,generic,Dolejší
2026-02-25,plastics,Dolejší
2026-02-25,bio,Dolejší
2026-03-05,generic,Dolejší
2026-03-11,paper,Dolejší
2026-03-11,bio,Dolejší
2026-03-19,generic,Dolejší
2026-03-25,plastics,Dolejší
2026-03-25,bio,Dolejší
2026-04-02,generic,Dolejší
2026-04-08,paper,Dolejší
2026-04-08,bio,Dolejší
2026-04-16,generic,Dolejší
2026-04-22,plastics,Dolejší
2026-04-22,bio,Dolejší
2026-04-30,generic,Dolejší
2026-05-06,paper,Dolejší
2026-05-06,bio,Dolejší
2026-05-14,generic,Dolejší
2026-05-20,plastics,Dolejší
2026-05-20,bio,Dolejší
2026-05-28,generic,Dolejší
2026-06-03,paper,Dolejší
2026-06-03,bio,Dolejší
2026-06-11,generic,Dolejší
2026-06-17,plastics,Dolejší
2026-06-17,bio,Dolejší
2026-06-25,generic,Dolejší
2026-07-01,paper,Dolejší
2026-07-01,bio,Dolejší
2026-07-09,generic,Dolejší
2026-07-15,plastics,Dolejší
2026-07-15,bio,Dolejší
2026-07-23,generic,Dolejší
2026-07-29,paper,Dolejší
2026-07-29,bio,Dolejší
2026-08-06,generic,Dolejší
2026-08-12,plastics,Dolejší
2026-08-12,bio,Dolejší
2026-08-20,generic,Dolejší
2026-08-26,paper,Dolejší
2026-08-26,bio,Dolejší
2026-09-03,generic,Dolejší
2026-09-09,plastics,Dolejší
2026-09-09,bio,Dolejší
2026-09-17,generic,Dolejší
2026-09-23,paper,Dolejší
2026-09-23,bio,Dolejší
2026-10-01,generic,Dolejší
2026-10-07,plastics,Dolejší
2026-10-07,bio,Dolejší
2026-10-15,generic,Dolejší
2026-10-21,paper,Dolejší
2026-10-21,bio,Dolejší
2026-10-29,generic,Dolejší
2026-11-04,plastics,Dolejší
2026-11-04,bio,Dolejší
2026-11-12,generic,Dolejší
2026-11-18,paper,Dolejší
2026-11-18,bio,Dolejší
2026-11-26,generic,Dolejší
2026-12-02,plastics,Dolejší
2026-12-02,bio,Dolejší
2026-12-10,generic,Dolejší
2026-12-16,paper,Dolejší
2026-12-16,bio,Dolejší
2026-12-24,generic,Dolejší
2026-12-30,plastics,Dolejší
2026-12-30,bio,Dolejší
2026-01-08,generic,Družstevní
2026-01-14,paper,Družstevní
2026-01-14,bio,Družstevní
2026-01-22,generic,Družstevní
2026-01-28,plastics,Družstevní
2026-01-28,bio,Družstevní
2026-02-05,generic,Družstevní
2026-02-11,paper,Družstevní
2026-02-11,bio,Družstevní
2026-02-19,generic,Družstevní
2026-02-25,plastics,Družstevní
2026-02-25,bio,Družstevní
2026-03-05,generic,Družstevní
2026-03-11,paper,Družstevní
2026-03-11,bio,Družstevní
2026-03-19,generic,Družstevní
2026-03-25,plastics,Družstevní
2026-03-25,bio,Družstevní
2026-04-02,generic,Družstevní
2026-04-08,paper,Družstevní
2026-04-08,bio,Družstevní
2026-04-16,generic,Družstevní
2026-04-22,plastics,Družstevní
2026-04-22,bio,Družstevní
2026-04-30,generic,Družstevní
2026-05-06,paper,Družstevní
2026-05-06,bio,Družstevní
2026-05-14,generic,Družstevní
2026-05-20,plastics,Družstevní
2026-05-20,bio,Družstevní
2026-05-28,generic,Družstevní
2026-06-03,paper,Družstevní
2026-06-03,bio,Družstevní
2026-06-11,generic,Družstevní
2026-06-17,plastics,Družstevní
2026-06-17,bio,Družstevní
2026-06-25,generic,Družstevní
2026-07-01,paper,Družstevní
2026-07-01,bio,Družstevní
2026-07-09,generic,Družstevní
2026-07-15,plastics,Družstevní
2026-07-15,bio,Družstevní
2026-07-23,generic,Družstevní
2026-07-29,paper,Družstevní
2026-07-29,bio,Družstevní
2026-08-06,generic,Družstevní
2026-08-12,plastics,Družstevní
2026-08-12,bio,Družstevní
2026-08-20,generic,Družstevní
2026-08-26,paper,Družstevní
2026-08-26,bio,Družstevní
2026-09-03,generic,Družstevní
2026-09-09,plastics,Družstevní
2026-09-09,bio,Družstevní
2026-09-17,generic,Družstevní
2026-09-23,paper,Družstevní
2026-09-23,bio,Družstevní
2026-10-01,generic,Družstevní
2026-10-07,plastics,Družstevní
2026-10-07,bio,Družstevní
2026-10-15,generic,Družstevní
2026-10-21,paper,Družstevní
2026-10-21,bio,Družstevní
2026-10-29,generic,Družstevní
2026-11-04,plastics,Družstevní
2026-11-04,bio,Družstevní
2026-11-12,generic,Družstevní
2026-11-18,paper,Družstevní
2026-11-18,bio,Družstevní
2026-11-26,generic,Družstevní
2026-12-02,plastics,Družstevní
2026-12-02,bio,Družstevní
2026-12-10,generic,Družstevní
2026-12-16,paper,Družstevní
2026-12-16,bio,Družstevní
2026-12-24,generic,Družstevní
2026-12-30,plastics,Družstevní
2026-12-30,bio,Družstevní
2026-01-08,generic,Dukelská
2026-01-14,paper,Dukelská
2026-01-14,bio,Dukelská
2026-01-22,generic,Dukelská
2026-01-28,plastics,Dukelská
2026-01-28,bio,Dukelská
2026-02-05,generic,Dukelská
2026-02-11,paper,Dukelská
2026-02-11,bio,Dukelská
2026-02-19,generic,Dukelská
2026-02-25,plastics,Dukelská
2026-02-25,bio,Dukelská
2026-03-05,generic,Dukelská
2026-03-11,paper,Dukelská
2026-03-11,bio,Dukelská
2026-03-19,generic,Dukelská
2026-03-25,plastics,Dukelská
2026-03-25,bio,Dukelská
2026-04-02,generic,Dukelská
2026-04-08,paper,Dukelská
2026-04-08,bio,Dukelská
2026-04-16,generic,Dukelská
2026-04-22,plastics,Dukelská
2026-04-22,bio,Dukelská
2026-04-30,generic,Dukelská
2026-05-06,paper,Dukelská
2026-05-06,bio,Dukelská
2026-05-14,generic,Dukelská
2026-05-20,plastics,Dukelská
2026-05-20,bio,Dukelská
2026-05-28,generic,Dukelská
2026-06-03,paper,Dukelská
2026-06-03,bio,Dukelská
2026-06-11,generic,Dukelská
2026-06-17,plastics,Dukelská
2026-06-17,bio,Dukelská
2026-06-25,generic,Dukelská
2026-07-01,paper,Dukelská
2026-07-01,bio,Dukelská
2026-07-09,generic,Dukelská
2026-07-15,plastics,Dukelská
2026-07-15,bio,Dukelská
2026-07-23,generic,Dukelská
2026-07-29,paper,Dukelská
2026-07-29,bio,Dukelská
2026-08-06,generic,Dukelská
2026-08-12,plastics,Dukelská
2026-08-12,bio,Dukelská
2026-08-20,generic,Dukelská
2026-08-26,paper,Dukelská
2026-08-26,bio,Dukelská
2026-09-03,generic,Dukelská
2026-09-09,plastics,Dukelská
2026-09-09,bio,Dukelská
2026-09-17,generic,Dukelská
2026-09-23,paper,Dukelská
2026-09-23,bio,Dukelská
2026-10-01,generic,Dukelská
2026-10-07,plastics,Dukelská
2026-10-07,bio,Dukelská
2026-10-15,generic,Dukelská
2026-10-21,paper,Dukelská
2026-10-21,bio,Dukelská
2026-10-29,generic,Dukelská
2026-11-04,plastics,Dukelská
2026-11-04,bio,Dukelská
2026-11-12,generic,Dukelská
2026-11-18,paper,Dukelská
2026-11-18,bio,Dukelská
2026-11-26,generic,Dukelská
2026-12-02,plastics,Dukelská
2026-12-02,bio,Dukelská
2026-12-10,generic,Dukelská
2026-12-16,paper,Dukelská
2026-12-16,bio,Dukelská
2026-12-24,generic,Dukelská
2026-12-30,plastics,Dukelská
2026-12-30,bio,Dukelská
2026-01-06,generic,Dvořákova
2026-01-14,paper,Dvořákova
2026-01-14,bio,Dvořákova
2026-01-20,generic,Dvořákova
2026-01-28,plastics,Dvořákova
2026-01-28,bio,Dvořákova
2026-02-03,generic,Dvořákova
2026-02-11,paper,Dvořákova
2026-02-11,bio,Dvořákova
2026-02-17,generic,Dvořákova
2026-02-25,plastics,Dvořákova
2026-02-25,bio,Dvořákova
2026-03-03,generic,Dvořákova
2026-03-11,paper,Dvořákova
2026-03-11,bio,Dvořákova
2026-03-17,generic,Dvořákova
2026-03-25,plastics,Dvořákova
2026-03-25,bio,Dvořákova
2026-03-31,generic,Dvořákova
2026-04-08,paper,Dvořákova
2026-04-08,bio,Dvořákova
2026-04-14,generic,Dvořákova
2026-04-22,plastics,Dvořákova
2026-04-22,bio,Dvořákova
2026-04-28,generic,Dvořákova
2026-05-06,paper,Dvořákova
2026-05-06,bio,Dvořákova
2026-05-12,generic,Dvořákova
2026-05-20,plastics,Dvořákova
2026-05-20,bio,Dvořákova
2026-05-26,generic,Dvořákova
2026-06-03,paper,Dvořákova
2026-06-03,bio,Dvořákova
2026-06-09,generic,Dvořákova
2026-06-17,plastics,Dvořákova
2026-06-17,bio,Dvořákova
2026-06-23,generic,Dvořákova
2026-07-01,paper,Dvořákova
2026-07-01,bio,Dvořákova
2026-07-07,generic,Dvořákova
2026-07-15,plastics,Dvořákova
2026-07-15,bio,Dvořákova
2026-07-21,generic,Dvořákova
2026-07-29,paper,Dvořákova
2026-07-29,bio,Dvořákova
2026-08-04,generic,Dvořákova
2026-08-12,plastics,Dvořákova
2026-08-12,bio,Dvořákova
2026-08-18,generic,Dvořákova
2026-08-26,paper,Dvořákova
2026-08-26,bio,Dvořákova
2026-09-01,generic,Dvořákova
2026-09-09,plastics,Dvořákova
2026-09-09,bio,Dvořákova
2026-09-15,generic,Dvořákova
2026-09-23,paper,Dvořákova
2026-09-23,bio,Dvořákova
2026-09-29,generic,Dvořákova
2026-10-07,plastics,Dvořákova
2026-10-07,bio,Dvořákova
2026-10-13,generic,Dvořákova
2026-10-21,paper,Dvořákova
2026-10-21,bio,Dvořákova
2026-10-27,generic,Dvořákova
2026-11-04,plastics,Dvořákova
2026-11-04,bio,Dvořákova
2026-11-10,generic,Dvořákova
2026-11-18,paper,Dvořákova
2026-11-18,bio,Dvořákova
2026-11-24,generic,Dvořákova
2026-12-02,plastics,Dvořákova
2026-12-02,bio,Dvořákova
2026-12-08,generic,Dvořákova
2026-12-16,paper,Dvořákova
2026-12-16,bio,Dvořákova
2026-12-22,generic,Dvořákova
2026-12-30,plastics,Dvořákova
2026-12-30,bio,Dvořákova
2026-01-07,generic,Dvorce
2026-01-13,paper,Dvorce
2026-01-14,bio,Dvorce
2026-01-14,bio,Dvorce
2026-01-21,generic,Dvorce
2026-01-27,plastics,Dvorce
2026-01-28,bio,Dvorce
2026-01-28,bio,Dvorce
2026-02-04,generic,Dvorce
2026-02-10,paper,Dvorce
2026-02-11,bio,Dvorce
2026-02-11,bio,Dvorce
2026-02-18,generic,Dvorce
2026-02-24,plastics,Dvorce
2026-02-25,bio,Dvorce
2026-02-25,bio,Dvorce
2026-03-04,generic,Dvorce
2026-03-10,paper,Dvorce
2026-03-11,bio,Dvorce
2026-03-11,bio,Dvorce
2026-03-18,generic,Dvorce
2026-03-24,plastics,Dvorce
2026-03-25,bio,Dvorce
2026-03-25,bio,Dvorce
2026-04-01,generic,Dvorce
2026-04-07,paper,Dvorce
2026-04-08,bio,Dvorce
2026-04-08,bio,Dvorce
2026-04-15,generic,Dvorce
2026-04-21,plastics,Dvorce
2026-04-22,bio,Dvorce
2026-04-22,bio,Dvorce
2026-04-29,generic,Dvorce
2026-05-05,paper,Dvorce
2026-05-06,bio,Dvorce
2026-05-06,bio,Dvorce
2026-05-13,generic,Dvorce
2026-05-19,plastics,Dvorce
2026-05-20,bio,Dvorce
2026-05-20,bio,Dvorce
2026-05-27,generic,Dvorce
2026-06-02,paper,Dvorce
2026-06-03,bio,Dvorce
2026-06-03,bio,Dvorce
2026-06-10,generic,Dvorce
2026-06-16,plastics,Dvorce
2026-06-17,bio,Dvorce
2026-06-17,bio,Dvorce
2026-06-24,generic,Dvorce
2026-06-30,paper,Dvorce
2026-07-01,bio,Dvorce
2026-07-01,bio,Dvorce
2026-07-08,generic,Dvorce
2026-07-14,plastics,Dvorce
2026-07-15,bio,Dvorce
2026-07-15,bio,Dvorce
2026-07-22,generic,Dvorce
2026-07-28,paper,Dvorce
2026-07-29,bio,Dvorce
2026-07-29,bio,Dvorce
2026-08-05,generic,Dvorce
2026-08-11,plastics,Dvorce
2026-08-12,bio,Dvorce
2026-08-12,bio,Dvorce
2026-08-19,generic,Dvorce
2026-08-25,paper,Dvorce
2026-08-26,bio,Dvorce
2026-08-26,bio,Dvorce
2026-09-02,generic,Dvorce
2026-09-08,plastics,Dvorce
2026-09-09,bio,Dvorce
2026-09-09,bio,Dvorce
2026-09-16,generic,Dvorce
2026-09-22,paper,Dvorce
2026-09-23,bio,Dvorce
2026-09-23,bio,Dvorce
2026-09-30,generic,Dvorce
2026-10-06,plastics,Dvorce
2026-10-07,bio,Dvorce
2026-10-07,bio,Dvorce
2026-10-14,generic,Dvorce
2026-10-20,paper,Dvorce
2026-10-21,bio,Dvorce
2026-10-21,bio,Dvorce
2026-10-28,generic,Dvorce
2026-11-03,plastics,Dvorce
2026-11-04,bio,Dvorce
2026-11-04,bio,Dvorce
2026-11-11,generic,Dvorce
2026-11-17,paper,Dvorce
2026-11-18,bio,Dvorce
2026-11-18,bio,Dvorce
2026-11-25,generic,Dvorce
2026-12-01,plastics,Dvorce
2026-12-02,bio,Dvorce
2026-12-02,bio,Dvorce
2026-12-09,generic,Dvorce
2026-12-15,paper,Dvorce
2026-12-16,bio,Dvorce
2026-12-16,bio,Dvorce
2026-12-23,generic,Dvorce
2026-12-29,plastics,Dvorce
2026-12-30,bio,Dvorce
2026-12-30,bio,Dvorce
2026-01-06,generic,Dvorecká
2026-01-14,paper,Dvorecká
2026-01-14,bio,Dvorecká
2026-01-20,generic,Dvorecká
2026-01-28,plastics,Dvorecká
2026-01-28,bio,Dvorecká
2026-02-03,generic,Dvorecká
2026-02-11,paper,Dvorecká
2026-02-11,bio,Dvorecká
2026-02-17,generic,Dvorecká
2026-02-25,plastics,Dvorecká
2026-02-25,bio,Dvorecká
2026-03-03,generic,Dvorecká
2026-03-11,paper,Dvorecká
2026-03-11,bio,Dvorecká
2026-03-17,generic,Dvorecká
2026-03-25,plastics,Dvorecká
2026-03-25,bio,Dvorecká
2026-03-31,generic,Dvorecká
2026-04-08,paper,Dvorecká
2026-04-08,bio,Dvorecká
2026-04-14,generic,Dvorecká
2026-04-22,plastics,Dvorecká
2026-04-22,bio,Dvorecká
2026-04-28,generic,Dvorecká
2026-05-06,paper,Dvorecká
2026-05-06,bio,Dvorecká
2026-05-12,generic,Dvorecká
2026-05-20,plastics,Dvorecká
2026-05-20,bio,Dvorecká
2026-05-26,generic,Dvorecká
2026-06-03,paper,Dvorecká
2026-06-03,bio,Dvorecká
2026-06-09,generic,Dvorecká
2026-06-17,plastics,Dvorecká
2026-06-17,bio,Dvorecká
2026-06-23,generic,Dvorecká
2026-07-01,paper,Dvorecká
2026-07-01,bio,Dvorecká
2026-07-07,generic,Dvorecká
2026-07-15,plastics,Dvorecká
2026-07-15,bio,Dvorecká
2026-07-21,generic,Dvorecká
2026-07-29,paper,Dvorecká
2026-07-29,bio,Dvorecká
2026-08-04,generic,Dvorecká
2026-08-12,plastics,Dvorecká
2026-08-12,bio,Dvorecká
2026-08-18,generic,Dvorecká
2026-08-26,paper,Dvorecká
2026-08-26,bio,Dvorecká
2026-09-01,generic,Dvorecká
2026-09-09,plastics,Dvorecká
2026-09-09,bio,Dvorecká
2026-09-15,generic,Dvorecká
2026-09-23,paper,Dvorecká
2026-09-23,bio,Dvorecká
2026-09-29,generic,Dvorecká
2026-10-07,plastics,Dvorecká
2026-10-07,bio,Dvorecká
2026-10-13,generic,Dvorecká
2026-10-21,paper,Dvorecká
2026-10-21,bio,Dvorecká
2026-10-27,generic,Dvorecká
2026-11-04,plastics,Dvorecká
2026-11-04,bio,Dvorecká
2026-11-10,generic,Dvorecká
2026-11-18,paper,Dvorecká
2026-11-18,bio,Dvorecká
2026-11-24,generic,Dvorecká
2026-12-02,plastics,Dvorecká
2026-12-02,bio,Dvorecká
2026-12-08,generic,Dvorecká
2026-12-16,paper,Dvorecká
2026-12-16,bio,Dvorecká
2026-12-22,generic,Dvorecká
2026-12-30,plastics,Dvorecká
2026-12-30,bio,Dvorecká
2026-01-06,generic,Fibichova
2026-01-14,paper,Fibichova
2026-01-14,bio,Fibichova
2026-01-20,generic,Fibichova
2026-01-28,plastics,Fibichova
2026-01-28,bio,Fibichova
2026-02-03,generic,Fibichova
2026-02-11,paper,Fibichova
2026-02-11,bio,Fibichova
2026-02-17,generic,Fibichova
2026-02-25,plastics,Fibichova
2026-02-25,bio,Fibichova
2026-03-03,generic,Fibichova
2026-03-11,paper,Fibichova
2026-03-11,bio,Fibichova
2026-03-17,generic,Fibichova
2026-03-25,plastics,Fibichova
2026-03-25,bio,Fibichova
2026-03-31,generic,Fibichova
2026-04-08,paper,Fibichova
2026-04-08,bio,Fibichova
2026-04-14,generic,Fibichova
2026-04-22,plastics,Fibichova
2026-04-22,bio,Fibichova
2026-04-28,generic,Fibichova
2026-05-06,paper,Fibichova
2026-05-06,bio,Fibichova
2026-05-12,generic,Fibichova
2026-05-20,plastics,Fibichova
2026-05-20,bio,Fibichova
2026-05-26,generic,Fibichova
2026-06-03,paper,Fibichova
2026-06-03,bio,Fibichova
2026-06-09,generic,Fibichova
2026-06-17,plastics,Fibichova
2026-06-17,bio,Fibichova
2026-06-23,generic,Fibichova
2026-07-01,paper,Fibichova
2026-07-01,bio,Fibichova
2026-07-07,generic,Fibichova
2026-07-15,plastics,Fibichova
2026-07-15,bio,Fibichova
2026-07-21,generic,Fibichova
2026-07-29,paper,Fibichova
2026-07-29,bio,Fibichova
2026-08-04,generic,Fibichova
2026-08-12,plastics,Fibichova
2026-08-12,bio,Fibichova
2026-08-18,generic,Fibichova
2026-08-26,paper,Fibichova
2026-08-26,bio,Fibichova
2026-09-01,generic,Fibichova
2026-09-09,plastics,Fibichova
2026-09-09,bio,Fibichova
2026-09-15,generic,Fibichova
2026-09-23,paper,Fibichova
2026-09-23,bio,Fibichova
2026-09-29,generic,Fibichova
2026-10-07,plastics,Fibichova
2026-10-07,bio,Fibichova
2026-10-13,generic,Fibichova
2026-10-21,paper,Fibichova
2026-10-21,bio,Fibichova
2026-10-27,generic,Fibichova
2026-11-04,plastics,Fibichova
2026-11-04,bio,Fibichova
2026-11-10,generic,Fibichova
2026-11-18,paper,Fibichova
2026-11-18,bio,Fibichova
2026-11-24,generic,Fibichova
2026-12-02,plastics,Fibichova
2026-12-02,bio,Fibichova
2026-12-08,generic,Fibichova
2026-12-16,paper,Fibichova
2026-12-16,bio,Fibichova
2026-12-22,generic,Fibichova
2026-12-30,plastics,Fibichova
2026-12-30,bio,Fibichova
2026-01-08,generic,Fuksova
2026-01-14,paper,Fuksova
2026-01-14,bio,Fuksova
2026-01-22,generic,Fuksova
2026-01-28,plastics,Fuksova
2026-01-28,bio,Fuksova
2026-02-05,generic,Fuksova
2026-02-11,paper,Fuksova
2026-02-11,bio,Fuksova
2026-02-19,generic,Fuksova
2026-02-25,plastics,Fuksova
2026-02-25,bio,Fuksova
2026-03-05,generic,Fuksova
2026-03-11,paper,Fuksova
2026-03-11,bio,Fuksova
2026-03-19,generic,Fuksova
2026-03-25,plastics,Fuksova
2026-03-25,bio,Fuksova
2026-04-02,generic,Fuksova
2026-04-08,paper,Fuksova
2026-04-08,bio,Fuksova
2026-04-16,generic,Fuksova
2026-04-22,plastics,Fuksova
2026-04-22,bio,Fuksova
2026-04-30,generic,Fuksova
2026-05-06,paper,Fuksova
2026-05-06,bio,Fuksova
2026-05-14,generic,Fuksova
2026-05-20,plastics,Fuksova
2026-05-20,bio,Fuksova
2026-05-28,generic,Fuksova
2026-06-03,paper,Fuksova
2026-06-03,bio,Fuksova
2026-06-11,generic,Fuksova
2026-06-17,plastics,Fuksova
2026-06-17,bio,Fuksova
2026-06-25,generic,Fuksova
2026-07-01,paper,Fuksova
2026-07-01,bio,Fuksova
2026-07-09,generic,Fuksova
2026-07-15,plastics,Fuksova
2026-07-15,bio,Fuksova
2026-07-23,generic,Fuksova
2026-07-29,paper,Fuksova
2026-07-29,bio,Fuksova
2026-08-06,generic,Fuksova
2026-08-12,plastics,Fuksova
2026-08-12,bio,Fuksova
2026-08-20,generic,Fuksova
2026-08-26,paper,Fuksova
2026-08-26,bio,Fuksova
2026-09-03,generic,Fuksova
2026-09-09,plastics,Fuksova
2026-09-09,bio,Fuksova
2026-09-17,generic,Fuksova
2026-09-23,paper,Fuksova
2026-09-23,bio,Fuksova
2026-10-01,generic,Fuksova
2026-10-07,plastics,Fuksova
2026-10-07,bio,Fuksova
2026-10-15,generic,Fuksova
2026-10-21,paper,Fuksova
2026-10-21,bio,Fuksova
2026-10-29,generic,Fuksova
2026-11-04,plastics,Fuksova
2026-11-04,bio,Fuksova
2026-11-12,generic,Fuksova
2026-11-18,paper,Fuksova
2026-11-18,bio,Fuksova
2026-11-26,generic,Fuksova
2026-12-02,plastics,Fuksova
2026-12-02,bio,Fuksova
2026-12-10,generic,Fuksova
2026-12-16,paper,Fuksova
2026-12-16,bio,Fuksova
2026-12-24,generic,Fuksova
2026-12-30,plastics,Fuksova
2026-12-30,bio,Fuksova
2026-01-08,generic,Gen. Přikryla
2026-01-14,paper,Gen. Přikryla
2026-01-14,bio,Gen. Přikryla
2026-01-22,generic,Gen. Přikryla
2026-01-28,plastics,Gen. Přikryla
2026-01-28,bio,Gen. Přikryla
2026-02-05,generic,Gen. Přikryla
2026-02-11,paper,Gen. Přikryla
2026-02-11,bio,Gen. Přikryla
2026-02-19,generic,Gen. Přikryla
2026-02-25,plastics,Gen. Přikryla
2026-02-25,bio,Gen. Přikryla
2026-03-05,generic,Gen. Přikryla
2026-03-11,paper,Gen. Přikryla
2026-03-11,bio,Gen. Přikryla
2026-03-19,generic,Gen. Přikryla
2026-03-25,plastics,Gen. Přikryla
2026-03-25,bio,Gen. Přikryla
2026-04-02,generic,Gen. Přikryla
2026-04-08,paper,Gen. Přikryla
2026-04-08,bio,Gen. Přikryla
2026-04-16,generic,Gen. Přikryla
2026-04-22,plastics,Gen. Přikryla
2026-04-22,bio,Gen. Přikryla
2026-04-30,generic,Gen. Přikryla
2026-05-06,paper,Gen. Přikryla
2026-05-06,bio,Gen. Přikryla
2026-05-14,generic,Gen. Přikryla
2026-05-20,plastics,Gen. Přikryla
2026-05-20,bio,Gen. Přikryla
2026-05-28,generic,Gen. Přikryla
2026-06-03,paper,Gen. Přikryla
2026-06-03,bio,Gen. Přikryla
2026-06-11,generic,Gen. Přikryla
2026-06-17,plastics,Gen. Přikryla
2026-06-17,bio,Gen. Přikryla
2026-06-25,generic,Gen. Přikryla
2026-07-01,paper,Gen. Přikryla
2026-07-01,bio,Gen. Přikryla
2026-07-09,generic,Gen. Přikryla
2026-07-15,plastics,Gen. Přikryla
2026-07-15,bio,Gen. Přikryla
2026-07-23,generic,Gen. Přikryla
2026-07-29,paper,Gen. Přikryla
2026-07-29,bio,Gen. Přikryla
2026-08-06,generic,Gen. Přikryla
2026-08-12,plastics,Gen. Přikryla
2026-08-12,bio,Gen. Přikryla
2026-08-20,generic,Gen. Přikryla
2026-08-26,paper,Gen. Přikryla
2026-08-26,bio,Gen. Přikryla
2026-09-03,generic,Gen. Přikryla
2026-09-09,plastics,Gen. Přikryla
2026-09-09,bio,Gen. Přikryla
2026-09-17,generic,Gen. Přikryla
2026-09-23,paper,Gen. Přikryla
2026-09-23,bio,Gen. Přikryla
2026-10-01,generic,Gen. Přikryla
2026-10-07,plastics,Gen. Přikryla
2026-10-07,bio,Gen. Přikryla
2026-10-15,generic,Gen. Přikryla
2026-10-21,paper,Gen. Přikryla
2026-10-21,bio,Gen. Přikryla
2026-10-29,generic,Gen. Přikryla
2026-11-04,plastics,Gen. Přikryla
2026-11-04,bio,Gen. Přikryla
2026-11-12,generic,Gen. Přikryla
2026-11-18,paper,Gen. Přikryla
2026-11-18,bio,Gen. Přikryla
2026-11-26,generic,Gen. Přikryla
2026-12-02,plastics,Gen. Přikryla
2026-12-02,bio,Gen. Přikryla
2026-12-10,generic,Gen. Přikryla
2026-12-16,paper,Gen. Přikryla
2026-12-16,bio,Gen. Přikryla
2026-12-24,generic,Gen. Přikryla
2026-12-30,plastics,Gen. Přikryla
2026-12-30,bio,Gen. Přikryla
2026-01-06,generic,Havlíčkovo náměstí
2026-01-14,paper,Havlíčkovo náměstí
2026-01-14,bio,Havlíčkovo náměstí
2026-01-20,generic,Havlíčkovo náměstí
2026-01-28,plastics,Havlíčkovo náměstí
2026-01-28,bio,Havlíčkovo náměstí
2026-02-03,generic,Havlíčkovo náměstí
2026-02-11,paper,Havlíčkovo náměstí
2026-02-11,bio,Havlíčkovo náměstí
2026-02-17,generic,Havlíčkovo náměstí
2026-02-25,plastics,Havlíčkovo náměstí
2026-02-25,bio,Havlíčkovo náměstí
2026-03-03,generic,Havlíčkovo náměstí
2026-03-11,paper,Havlíčkovo náměstí
2026-03-11,bio,Havlíčkovo náměstí
2026-03-17,generic,Havlíčkovo náměstí
2026-03-25,plastics,Havlíčkovo náměstí
2026-03-25,bio,Havlíčkovo náměstí
2026-03-31,generic,Havlíčkovo náměstí
2026-04-08,paper,Havlíčkovo náměstí
2026-04-08,bio,Havlíčkovo náměstí
2026-04-14,generic,Havlíčkovo náměstí
2026-04-22,plastics,Havlíčkovo náměstí
2026-04-22,bio,Havlíčkovo náměstí
2026-04-28,generic,Havlíčkovo náměstí
2026-05-06,paper,Havlíčkovo náměstí
2026-05-06,bio,Havlíčkovo náměstí
2026-05-12,generic,Havlíčkovo náměstí
2026-05-20,plastics,Havlíčkovo náměstí
2026-05-20,bio,Havlíčkovo náměstí
2026-05-26,generic,Havlíčkovo náměstí
2026-06-03,paper,Havlíčkovo náměstí
2026-06-03,bio,Havlíčkovo náměstí
2026-06-09,generic,Havlíčkovo náměstí
2026-06-17,plastics,Havlíčkovo náměstí
2026-06-17,bio,Havlíčkovo náměstí
2026-06-23,generic,Havlíčkovo náměstí
2026-07-01,paper,Havlíčkovo náměstí
2026-07-01,bio,Havlíčkovo náměstí
2026-07-07,generic,Havlíčkovo náměstí
2026-07-15,plastics,Havlíčkovo náměstí
2026-07-15,bio,Havlíčkovo náměstí
2026-07-21,generic,Havlíčkovo náměstí
2026-07-29,paper,Havlíčkovo náměstí
2026-07-29,bio,Havlíčkovo náměstí
2026-08-04,generic,Havlíčkovo náměstí
2026-08-12,plastics,Havlíčkovo náměstí
2026-08-12,bio,Havlíčkovo náměstí
2026-08-18,generic,Havlíčkovo náměstí
2026-08-26,paper,Havlíčkovo náměstí
2026-08-26,bio,Havlíčkovo náměstí
2026-09-01,generic,Havlíčkovo náměstí
2026-09-09,plastics,Havlíčkovo náměstí
2026-09-09,bio,Havlíčkovo náměstí
2026-09-15,generic,Havlíčkovo náměstí
2026-09-23,paper,Havlíčkovo náměstí
2026-09-23,bio,Havlíčkovo náměstí
2026-09-29,generic,Havlíčkovo náměstí
2026-10-07,plastics,Havlíčkovo náměstí
2026-10-07,bio,Havlíčkovo náměstí
2026-10-13,generic,Havlíčkovo náměstí
2026-10-21,paper,Havlíčkovo náměstí
2026-10-21,bio,Havlíčkovo náměstí
2026-10-27,generic,Havlíčkovo náměstí
2026-11-04,plastics,Havlíčkovo náměstí
2026-11-04,bio,Havlíčkovo náměstí
2026-11-10,generic,Havlíčkovo náměstí
2026-11-18,paper,Havlíčkovo náměstí
2026-11-18,bio,Havlíčkovo náměstí
2026-11-24,generic,Havlíčkovo náměstí
2026-12-02,plastics,Havlíčkovo náměstí
2026-12-02,bio,Havlíčkovo náměstí
2026-12-08,generic,Havlíčkovo náměstí
2026-12-16,paper,Havlíčkovo náměstí
2026-12-16,bio,Havlíčkovo náměstí
2026-12-22,generic,Havlíčkovo náměstí
2026-12-30,plastics,Havlíčkovo náměstí
2026-12-30,bio,Havlíčkovo náměstí
2026-01-08,generic,Havlínova
2026-01-14,paper,Havlínova
2026-01-14,bio,Havlínova
2026-01-22,generic,Havlínova
2026-01-28,plastics,Havlínova
2026-01-28,bio,Havlínova
2026-02-05,generic,Havlínova
2026-02-11,paper,Havlínova
2026-02-11,bio,Havlínova
2026-02-19,generic,Havlínova
2026-02-25,plastics,Havlínova
2026-02-25,bio,Havlínova
2026-03-05,generic,Havlínova
2026-03-11,paper,Havlínova
2026-03-11,bio,Havlínova
2026-03-19,generic,Havlínova
2026-03-25,plastics,Havlínova
2026-03-25,bio,Havlínova
2026-04-02,generic,Havlínova
2026-04-08,paper,Havlínova
2026-04-08,bio,Havlínova
2026-04-16,generic,Havlínova
2026-04-22,plastics,Havlínova
2026-04-22,bio,Havlínova
2026-04-30,generic,Havlínova
2026-05-06,paper,Havlínova
2026-05-06,bio,Havlínova
2026-05-14,generic,Havlínova
2026-05-20,plastics,Havlínova
2026-05-20,bio,Havlínova
2026-05-28,generic,Havlínova
2026-06-03,paper,Havlínova
2026-06-03,bio,Havlínova
2026-06-11,generic,Havlínova
2026-06-17,plastics,Havlínova
2026-06-17,bio,Havlínova
2026-06-25,generic,Havlínova
2026-07-01,paper,Havlínova
2026-07-01,bio,Havlínova
2026-07-09,generic,Havlínova
2026-07-15,plastics,Havlínova
2026-07-15,bio,Havlínova
2026-07-23,generic,Havlínova
2026-07-29,paper,Havlínova
2026-07-29,bio,Havlínova
2026-08-06,generic,Havlínova
2026-08-12,plastics,Havlínova
2026-08-12,bio,Havlínova
2026-08-20,generic,Havlínova
2026-08-26,paper,Havlínova
2026-08-26,bio,Havlínova
2026-09-03,generic,Havlínova
2026-09-09,plastics,Havlínova
2026-09-09,bio,Havlínova
2026-09-17,generic,Havlínova
2026-09-23,paper,Havlínova
2026-09-23,bio,Havlínova
2026-10-01,generic,Havlínova
2026-10-07,plastics,Havlínova
2026-10-07,bio,Havlínova
2026-10-15,generic,Havlínova
2026-10-21,paper,Havlínova
2026-10-21,bio,Havlínova
2026-10-29,generic,Havlínova
2026-11-04,plastics,Havlínova
2026-11-04,bio,Havlínova
2026-11-12,generic,Havlínova
2026-11-18,paper,Havlínova
2026-11-18,bio,Havlínova
2026-11-26,generic,Havlínova
2026-12-02,plastics,Havlínova
2026-12-02,bio,Havlínova
2026-12-10,generic,Havlínova
2026-12-16,paper,Havlínova
2026-12-16,bio,Havlínova
2026-12-24,generic,Havlínova
2026-12-30,plastics,Havlínova
2026-12-30,bio,Havlínova
2026-01-08,generic,Hořejší
2026-01-14,paper,Hořejší
2026-01-14,bio,Hořejší
2026-01-22,generic,Hořejší
2026-01-28,plastics,Hořejší
2026-01-28,bio,Hořejší
2026-02-05,generic,Hořejší
2026-02-11,paper,Hořejší
2026-02-11,bio,Hořejší
2026-02-19,generic,Hořejší
2026-02-25,plastics,Hořejší
2026-02-25,bio,Hořejší
2026-03-05,generic,Hořejší
2026-03-11,paper,Hořejší
2026-03-11,bio,Hořejší
2026-03-19,generic,Hořejší
2026-03-25,plastics,Hořejší
2026-03-25,bio,Hořejší
2026-04-02,generic,Hořejší
2026-04-08,paper,Hořejší
2026-04-08,bio,Hořejší
2026-04-16,generic,Hořejší
2026-04-22,plastics,Hořejší
2026-04-22,bio,Hořejší
2026-04-30,generic,Hořejší
2026-05-06,paper,Hořejší
2026-05-06,bio,Hořejší
2026-05-14,generic,Hořejší
2026-05-20,plastics,Hořejší
2026-05-20,bio,Hořejší
2026-05-28,generic,Hořejší
2026-06-03,paper,Hořejší
2026-06-03,bio,Hořejší
2026-06-11,generic,Hořejší
2026-06-17,plastics,Hořejší
2026-06-17,bio,Hořejší
2026-06-25,generic,Hořejší
2026-07-01,paper,Hořejší
2026-07-01,bio,Hořejší
2026-07-09,generic,Hořejší
2026-07-15,plastics,Hořejší
2026-07-15,bio,Hořejší
2026-07-23,generic,Hořejší
2026-07-29,paper,Hořejší
2026-07-29,bio,Hořejší
2026-08-06,generic,Hořejší
2026-08-12,plastics,Hořejší
2026-08-12,bio,Hořejší
2026-08-20,generic,Hořejší
2026-08-26,paper,Hořejší
2026-08-26,bio,Hořejší
2026-09-03,generic,Hořejší
2026-09-09,plastics,Hořejší
2026-09-09,bio,Hořejší
2026-09-17,generic,Hořejší
2026-09-23,paper,Hořejší
2026-09-23,bio,Hořejší
2026-10-01,generic,Hořejší
2026-10-07,plastics,Hořejší
2026-10-07,bio,Hořejší
2026-10-15,generic,Hořejší
2026-10-21,paper,Hořejší
2026-10-21,bio,Hořejší
2026-10-29,generic,Hořejší
2026-11-04,plastics,Hořejší
2026-11-04,bio,Hořejší
2026-11-12,generic,Hořejší
2026-11-18,paper,Hořejší
2026-11-18,bio,Hořejší
2026-11-26,generic,Hořejší
2026-12-02,plastics,Hořejší
2026-12-02,bio,Hořejší
2026-12-10,generic,Hořejší
2026-12-16,paper,Hořejší
2026-12-16,bio,Hořejší
2026-12-24,generic,Hořejší
2026-12-30,plastics,Hořejší
2026-12-30,bio,Hořejší
2026-01-06,generic,Hrabanov
2026-01-14,paper,Hrabanov
2026-01-14,bio,Hrabanov
2026-01-20,generic,Hrabanov
2026-01-28,plastics,Hrabanov
2026-01-28,bio,Hrabanov
2026-02-03,generic,Hrabanov
2026-02-11,paper,Hrabanov
2026-02-11,bio,Hrabanov
2026-02-17,generic,Hrabanov
2026-02-25,plastics,Hrabanov
2026-02-25,bio,Hrabanov
2026-03-03,generic,Hrabanov
2026-03-11,paper,Hrabanov
2026-03-11,bio,Hrabanov
2026-03-17,generic,Hrabanov
2026-03-25,plastics,Hrabanov
2026-03-25,bio,Hrabanov
2026-03-31,generic,Hrabanov
2026-04-08,paper,Hrabanov
2026-04-08,bio,Hrabanov
2026-04-14,generic,Hrabanov
2026-04-22,plastics,Hrabanov
2026-04-22,bio,Hrabanov
2026-04-28,generic,Hrabanov
2026-05-06,paper,Hrabanov
2026-05-06,bio,Hrabanov
2026-05-12,generic,Hrabanov
2026-05-20,plastics,Hrabanov
2026-05-20,bio,Hrabanov
2026-05-26,generic,Hrabanov
2026-06-03,paper,Hrabanov
2026-06-03,bio,Hrabanov
2026-06-09,generic,Hrabanov
2026-06-17,plastics,Hrabanov
2026-06-17,bio,Hrabanov
2026-06-23,generic,Hrabanov
2026-07-01,paper,Hrabanov
2026-07-01,bio,Hrabanov
2026-07-07,generic,Hrabanov
2026-07-15,plastics,Hrabanov
2026-07-15,bio,Hrabanov
2026-07-21,generic,Hrabanov
2026-07-29,paper,Hrabanov
2026-07-29,bio,Hrabanov
2026-08-04,generic,Hrabanov
2026-08-12,plastics,Hrabanov
2026-08-12,bio,Hrabanov
2026-08-18,generic,Hrabanov
2026-08-26,paper,Hrabanov
2026-08-26,bio,Hrabanov
2026-09-01,generic,Hrabanov
2026-09-09,plastics,Hrabanov
2026-09-09,bio,Hrabanov
2026-09-15,generic,Hrabanov
2026-09-23,paper,Hrabanov
2026-09-23,bio,Hrabanov
2026-09-29,generic,Hrabanov
2026-10-07,plastics,Hrabanov
2026-10-07,bio,Hrabanov
2026-10-13,generic,Hrabanov
2026-10-21,paper,Hrabanov
2026-10-21,bio,Hrabanov
2026-10-27,generic,Hrabanov
2026-11-04,plastics,Hrabanov
2026-11-04,bio,Hrabanov
2026-11-10,generic,Hrabanov
2026-11-18,paper,Hrabanov
2026-11-18,bio,Hrabanov
2026-11-24,generic,Hrabanov
2026-12-02,plastics,Hrabanov
2026-12-02,bio,Hrabanov
2026-12-08,generic,Hrabanov
2026-12-16,paper,Hrabanov
2026-12-16,bio,Hrabanov
2026-12-22,generic,Hrabanov
2026-12-30,plastics,Hrabanov
2026-12-30,bio,Hrabanov
2026-01-08,generic,Husova
2026-01-14,paper,Husova
2026-01-14,bio,Husova
2026-01-22,generic,Husova
2026-01-28,plastics,Husova
2026-01-28,bio,Husova
2026-02-05,generic,Husova
2026-02-11,paper,Husova
2026-02-11,bio,Husova
2026-02-19,generic,Husova
2026-02-25,plastics,Husova
2026-02-25,bio,Husova
2026-03-05,generic,Husova
2026-03-11,paper,Husova
2026-03-11,bio,Husova
2026-03-19,generic,Husova
2026-03-25,plastics,Husova
2026-03-25,bio,Husova
2026-04-02,generic,Husova
2026-04-08,paper,Husova
2026-04-08,bio,Husova
2026-04-16,generic,Husova
2026-04-22,plastics,Husova
2026-04-22,bio,Husova
2026-04-30,generic,Husova
2026-05-06,paper,Husova
2026-05-06,bio,Husova
2026-05-14,generic,Husova
2026-05-20,plastics,Husova
2026-05-20,bio,Husova
2026-05-28,generic,Husova
2026-06-03,paper,Husova
2026-06-03,bio,Husova
2026-06-11,generic,Husova
2026-06-17,plastics,Husova
2026-06-17,bio,Husova
2026-06-25,generic,Husova
2026-07-01,paper,Husova
2026-07-01,bio,Husova
2026-07-09,generic,Husova
2026-07-15,plastics,Husova
2026-07-15,bio,Husova
2026-07-23,generic,Husova
2026-07-29,paper,Husova
2026-07-29,bio,Husova
2026-08-06,generic,Husova
2026-08-12,plastics,Husova
2026-08-12,bio,Husova
2026-08-20,generic,Husova
2026-08-26,paper,Husova
2026-08-26,bio,Husova
2026-09-03,generic,Husova
2026-09-09,plastics,Husova
2026-09-09,bio,Husova
2026-09-17,generic,Husova
2026-09-23,paper,Husova
2026-09-23,bio,Husova
2026-10-01,generic,Husova
2026-10-07,plastics,Husova
2026-10-07,bio,Husova
2026-10-15,generic,Husova
2026-10-21,paper,Husova
2026-10-21,bio,Husova
2026-10-29,generic,Husova
2026-11-04,plastics,Husova
2026-11-04,bio,Husova
2026-11-12,generic,Husova
2026-11-18,paper,Husova
2026-11-18,bio,Husova
2026-11-26,generic,Husova
2026-12-02,plastics,Husova
2026-12-02,bio,Husova
2026-12-10,generic,Husova
2026-12-16,paper,Husova
2026-12-16,bio,Husova
2026-12-24,generic,Husova
2026-12-30,plastics,Husova
2026-12-30,bio,Husova
2026-01-08,generic,Husovo náměstí
2026-01-14,paper,Husovo náměstí
2026-01-14,bio,Husovo náměstí
2026-01-22,generic,Husovo náměstí
2026-01-28,plastics,Husovo náměstí
2026-01-28,bio,Husovo náměstí
2026-02-05,generic,Husovo náměstí
2026-02-11,paper,Husovo náměstí
2026-02-11,bio,Husovo náměstí
2026-02-19,generic,Husovo náměstí
2026-02-25,plastics,Husovo náměstí
2026-02-25,bio,Husovo náměstí
2026-03-05,generic,Husovo náměstí
2026-03-11,paper,Husovo náměstí
2026-03-11,bio,Husovo náměstí
2026-03-19,generic,Husovo náměstí
2026-03-25,plastics,Husovo náměstí
2026-03-25,bio,Husovo náměstí
2026-04-02,generic,Husovo náměstí
2026-04-08,paper,Husovo náměstí
2026-04-08,bio,Husovo náměstí
2026-04-16,generic,Husovo náměstí
2026-04-22,plastics,Husovo náměstí
2026-04-22,bio,Husovo náměstí
2026-04-30,generic,Husovo náměstí
2026-05-06,paper,Husovo náměstí
2026-05-06,bio,Husovo náměstí
2026-05-14,generic,Husovo náměstí
2026-05-20,plastics,Husovo náměstí
2026-05-20,bio,Husovo náměstí
2026-05-28,generic,Husovo náměstí
2026-06-03,paper,Husovo náměstí
2026-06-03,bio,Husovo náměstí
2026-06-11,generic,Husovo náměstí
2026-06-17,plastics,Husovo náměstí
2026-06-17,bio,Husovo náměstí
2026-06-25,generic,Husovo náměstí
2026-07-01,paper,Husovo náměstí
2026-07-01,bio,Husovo náměstí
2026-07-09,generic,Husovo náměstí
2026-07-15,plastics,Husovo náměstí
2026-07-15,bio,Husovo náměstí
2026-07-23,generic,Husovo náměstí
2026-07-29,paper,Husovo náměstí
2026-07-29,bio,Husovo náměstí
2026-08-06,generic,Husovo náměstí
2026-08-12,plastics,Husovo náměstí
2026-08-12,bio,Husovo náměstí
2026-08-20,generic,Husovo náměstí
2026-08-26,paper,Husovo náměstí
2026-08-26,bio,Husovo náměstí
2026-09-03,generic,Husovo náměstí
2026-09-09,plastics,Husovo náměstí
2026-09-09,bio,Husovo náměstí
2026-09-17,generic,Husovo náměstí
2026-09-23,paper,Husovo náměstí
2026-09-23,bio,Husovo náměstí
2026-10-01,generic,Husovo náměstí
2026-10-07,plastics,Husovo náměstí
2026-10-07,bio,Husovo náměstí
2026-10-15,generic,Husovo náměstí
2026-10-21,paper,Husovo náměstí
2026-10-21,bio,Husovo náměstí
2026-10-29,generic,Husovo náměstí
2026-11-04,plastics,Husovo náměstí
2026-11-04,bio,Husovo náměstí
2026-11-12,generic,Husovo náměstí
2026-11-18,paper,Husovo náměstí
2026-11-18,bio,Husovo náměstí
2026-11-26,generic,Husovo náměstí
2026-12-02,plastics,Husovo náměstí
2026-12-02,bio,Husovo náměstí
2026-12-10,generic,Husovo náměstí
2026-12-16,paper,Husovo náměstí
2026-12-16,bio,Husovo náměstí
2026-12-24,generic,Husovo náměstí
2026-12-30,plastics,Husovo náměstí
2026-12-30,bio,Husovo náměstí
2026-01-08,generic,Jahodová
2026-01-14,paper,Jahodová
2026-01-14,bio,Jahodová
2026-01-22,generic,Jahodová
2026-01-28,plastics,Jahodová
2026-01-28,bio,Jahodová
2026-02-05,generic,Jahodová
2026-02-11,paper,Jahodová
2026-02-11,bio,Jahodová
2026-02-19,generic,Jahodová
2026-02-25,plastics,Jahodová
2026-02-25,bio,Jahodová
2026-03-05,generic,Jahodová
2026-03-11,paper,Jahodová
2026-03-11,bio,Jahodová
2026-03-19,generic,Jahodová
2026-03-25,plastics,Jahodová
2026-03-25,bio,Jahodová
2026-04-02,generic,Jahodová
2026-04-08,paper,Jahodová
2026-04-08,bio,Jahodová
2026-04-16,generic,Jahodová
2026-04-22,plastics,Jahodová
2026-04-22,bio,Jahodová
2026-04-30,generic,Jahodová
2026-05-06,paper,Jahodová
2026-05-06,bio,Jahodová
2026-05-14,generic,Jahodová
2026-05-20,plastics,Jahodová
2026-05-20,bio,Jahodová
2026-05-28,generic,Jahodová
2026-06-03,paper,Jahodová
2026-06-03,bio,Jahodová
2026-06-11,generic,Jahodová
2026-06-17,plastics,Jahodová
2026-06-17,bio,Jahodová
2026-06-25,generic,Jahodová
2026-07-01,paper,Jahodová
2026-07-01,bio,Jahodová
2026-07-09,generic,Jahodová
2026-07-15,plastics,Jahodová
2026-07-15,bio,Jahodová
2026-07-23,generic,Jahodová
2026-07-29,paper,Jahodová
2026-07-29,bio,Jahodová
2026-08-06,generic,Jahodová
2026-08-12,plastics,Jahodová
2026-08-12,bio,Jahodová
2026-08-20,generic,Jahodová
2026-08-26,paper,Jahodová
2026-08-26,bio,Jahodová
2026-09-03,generic,Jahodová
2026-09-09,plastics,Jahodová
2026-09-09,bio,Jahodová
2026-09-17,generic,Jahodová
2026-09-23,paper,Jahodová
2026-09-23,bio,Jahodová
2026-10-01,generic,Jahodová
2026-10-07,plastics,Jahodová
2026-10-07,bio,Jahodová
2026-10-15,generic,Jahodová
2026-10-21,paper,Jahodová
2026-10-21,bio,Jahodová
2026-10-29,generic,Jahodová
2026-11-04,plastics,Jahodová
2026-11-04,bio,Jahodová
2026-11-12,generic,Jahodová
2026-11-18,paper,Jahodová
2026-11-18,bio,Jahodová
2026-11-26,generic,Jahodová
2026-12-02,plastics,Jahodová
2026-12-02,bio,Jahodová
2026-12-10,generic,Jahodová
2026-12-16,paper,Jahodová
2026-12-16,bio,Jahodová
2026-12-24,generic,Jahodová
2026-12-30,plastics,Jahodová
2026-12-30,bio,Jahodová
2026-01-06,generic,Janulova
2026-01-14,paper,Janulova
2026-01-14,bio,Janulova
2026-01-20,generic,Janulova
2026-01-28,plastics,Janulova
2026-01-28,bio,Janulova
2026-02-03,generic,Janulova
2026-02-11,paper,Janulova
2026-02-11,bio,Janulova
2026-02-17,generic,Janulova
2026-02-25,plastics,Janulova
2026-02-25,bio,Janulova
2026-03-03,generic,Janulova
2026-03-11,paper,Janulova
2026-03-11,bio,Janulova
2026-03-17,generic,Janulova
2026-03-25,plastics,Janulova
2026-03-25,bio,Janulova
2026-03-31,generic,Janulova
2026-04-08,paper,Janulova
2026-04-08,bio,Janulova
2026-04-14,generic,Janulova
2026-04-22,plastics,Janulova
2026-04-22,bio,Janulova
2026-04-28,generic,Janulova
2026-05-06,paper,Janulova
2026-05-06,bio,Janulova
2026-05-12,generic,Janulova
2026-05-20,plastics,Janulova
2026-05-20,bio,Janulova
2026-05-26,generic,Janulova
2026-06-03,paper,Janulova
2026-06-03,bio,Janulova
2026-06-09,generic,Janulova
2026-06-17,plastics,Janulova
2026-06-17,bio,Janulova
2026-06-23,generic,Janulova
2026-07-01,paper,Janulova
2026-07-01,bio,Janulova
2026-07-07,generic,Janulova
2026-07-15,plastics,Janulova
2026-07-15,bio,Janulova
2026-07-21,generic,Janulova
2026-07-29,paper,Janulova
2026-07-29,bio,Janulova
2026-08-04,generic,Janulova
2026-08-12,plastics,Janulova
2026-08-12,bio,Janulova
2026-08-18,generic,Janulova
2026-08-26,paper,Janulova
2026-08-26,bio,Janulova
2026-09-01,generic,Janulova
2026-09-09,plastics,Janulova
2026-09-09,bio,Janulova
2026-09-15,generic,Janulova
2026-09-23,paper,Janulova
2026-09-23,bio,Janulova
2026-09-29,generic,Janulova
2026-10-07,plastics,Janulova
2026-10-07,bio,Janulova
2026-10-13,generic,Janulova
2026-10-21,paper,Janulova
2026-10-21,bio,Janulova
2026-10-27,generic,Janulova
2026-11-04,plastics,Janulova
2026-11-04,bio,Janulova
2026-11-10,generic,Janulova
2026-11-18,paper,Janulova
2026-11-18,bio,Janulova
2026-11-24,generic,Janulova
2026-12-02,plastics,Janulova
2026-12-02,bio,Janulova
2026-12-08,generic,Janulova
2026-12-16,paper,Janulova
2026-12-16,bio,Janulova
2026-12-22,generic,Janulova
2026-12-30,plastics,Janulova
2026-12-30,bio,Janulova
2026-01-06,generic,Jaromírovy sady
2026-01-14,paper,Jaromírovy sady
2026-01-14,bio,Jaromírovy sady
2026-01-20,generic,Jaromírovy sady
2026-01-28,plastics,Jaromírovy sady
2026-01-28,bio,Jaromírovy sady
2026-02-03,generic,Jaromírovy sady
2026-02-11,paper,Jaromírovy sady
2026-02-11,bio,Jaromírovy sady
2026-02-17,generic,Jaromírovy sady
2026-02-25,plastics,Jaromírovy sady
2026-02-25,bio,Jaromírovy sady
2026-03-03,generic,Jaromírovy sady
2026-03-11,paper,Jaromírovy sady
2026-03-11,bio,Jaromírovy sady
2026-03-17,generic,Jaromírovy sady
2026-03-25,plastics,Jaromírovy sady
2026-03-25,bio,Jaromírovy sady
2026-03-31,generic,Jaromírovy sady
2026-04-08,paper,Jaromírovy sady
2026-04-08,bio,Jaromírovy sady
2026-04-14,generic,Jaromírovy sady
2026-04-22,plastics,Jaromírovy sady
2026-04-22,bio,Jaromírovy sady
2026-04-28,generic,Jaromírovy sady
2026-05-06,paper,Jaromírovy sady
2026-05-06,bio,Jaromírovy sady
2026-05-12,generic,Jaromírovy sady
2026-05-20,plastics,Jaromírovy sady
2026-05-20,bio,Jaromírovy sady
2026-05-26,generic,Jaromírovy sady
2026-06-03,paper,Jaromírovy sady
2026-06-03,bio,Jaromírovy sady
2026-06-09,generic,Jaromírovy sady
2026-06-17,plastics,Jaromírovy sady
2026-06-17,bio,Jaromírovy sady
2026-06-23,generic,Jaromírovy sady
2026-07-01,paper,Jaromírovy sady
2026-07-01,bio,Jaromírovy sady
2026-07-07,generic,Jaromírovy sady
2026-07-15,plastics,Jaromírovy sady
2026-07-15,bio,Jaromírovy sady
2026-07-21,generic,Jaromírovy sady
2026-07-29,paper,Jaromírovy sady
2026-07-29,bio,Jaromírovy sady
2026-08-04,generic,Jaromírovy sady
2026-08-12,plastics,Jaromírovy sady
2026-08-12,bio,Jaromírovy sady
2026-08-18,generic,Jaromírovy sady
2026-08-26,paper,Jaromírovy sady
2026-08-26,bio,Jaromírovy sady
2026-09-01,generic,Jaromírovy sady
2026-09-09,plastics,Jaromírovy sady
2026-09-09,bio,Jaromírovy sady
2026-09-15,generic,Jaromírovy sady
2026-09-23,paper,Jaromírovy sady
2026-09-23,bio,Jaromírovy sady
2026-09-29,generic,Jaromírovy sady
2026-10-07,plastics,Jaromírovy sady
2026-10-07,bio,Jaromírovy sady
2026-10-13,generic,Jaromírovy sady
2026-10-21,paper,Jaromírovy sady
2026-10-21,bio,Jaromírovy sady
2026-10-27,generic,Jaromírovy sady
2026-11-04,plastics,Jaromírovy sady
2026-11-04,bio,Jaromírovy sady
2026-11-10,generic,Jaromírovy sady
2026-11-18,paper,Jaromírovy sady
2026-11-18,bio,Jaromírovy sady
2026-11-24,generic,Jaromírovy sady
2026-12-02,plastics,Jaromírovy sady
2026-12-02,bio,Jaromírovy sady
2026-12-08,generic,Jaromírovy sady
2026-12-16,paper,Jaromírovy sady
2026-12-16,bio,Jaromírovy sady
2026-12-22,generic,Jaromírovy sady
2026-12-30,plastics,Jaromírovy sady
2026-12-30,bio,Jaromírovy sady
2026-01-08,generic,Járy Cimrmana
2026-01-14,paper,Járy Cimrmana
2026-01-14,bio,Járy Cimrmana
2026-01-22,generic,Járy Cimrmana
2026-01-28,plastics,Járy Cimrmana
2026-01-28,bio,Járy Cimrmana
2026-02-05,generic,Járy Cimrmana
2026-02-11,paper,Járy Cimrmana
2026-02-11,bio,Járy Cimrmana
2026-02-19,generic,Járy Cimrmana
2026-02-25,plastics,Járy Cimrmana
2026-02-25,bio,Járy Cimrmana
2026-03-05,generic,Járy Cimrmana
2026-03-11,paper,Járy Cimrmana
2026-03-11,bio,Járy Cimrmana
2026-03-19,generic,Járy Cimrmana
2026-03-25,plastics,Járy Cimrmana
2026-03-25,bio,Járy Cimrmana
2026-04-02,generic,Járy Cimrmana
2026-04-08,paper,Járy Cimrmana
2026-04-08,bio,Járy Cimrmana
2026-04-16,generic,Járy Cimrmana
2026-04-22,plastics,Járy Cimrmana
2026-04-22,bio,Járy Cimrmana
2026-04-30,generic,Járy Cimrmana
2026-05-06,paper,Járy Cimrmana
2026-05-06,bio,Járy Cimrmana
2026-05-14,generic,Járy Cimrmana
2026-05-20,plastics,Járy Cimrmana
2026-05-20,bio,Járy Cimrmana
2026-05-28,generic,Járy Cimrmana
2026-06-03,paper,Járy Cimrmana
2026-06-03,bio,Járy Cimrmana
2026-06-11,generic,Járy Cimrmana
2026-06-17,plastics,Járy Cimrmana
2026-06-17,bio,Járy Cimrmana
2026-06-25,generic,Járy Cimrmana
2026-07-01,paper,Járy Cimrmana
2026-07-01,bio,Járy Cimrmana
2026-07-09,generic,Járy Cimrmana
2026-07-15,plastics,Járy Cimrmana
2026-07-15,bio,Járy Cimrmana
2026-07-23,generic,Járy Cimrmana
2026-07-29,paper,Járy Cimrmana
2026-07-29,bio,Járy Cimrmana
2026-08-06,generic,Járy Cimrmana
2026-08-12,plastics,Járy Cimrmana
2026-08-12,bio,Járy Cimrmana
2026-08-20,generic,Járy Cimrmana
2026-08-26,paper,Járy Cimrmana
2026-08-26,bio,Járy Cimrmana
2026-09-03,generic,Járy Cimrmana
2026-09-09,plastics,Járy Cimrmana
2026-09-09,bio,Járy Cimrmana
2026-09-17,generic,Járy Cimrmana
2026-09-23,paper,Járy Cimrmana
2026-09-23,bio,Járy Cimrmana
2026-10-01,generic,Járy Cimrmana
2026-10-07,plastics,Járy Cimrmana
2026-10-07,bio,Járy Cimrmana
2026-10-15,generic,Járy Cimrmana
2026-10-21,paper,Járy Cimrmana
2026-10-21,bio,Járy Cimrmana
2026-10-29,generic,Járy Cimrmana
2026-11-04,plastics,Járy Cimrmana
2026-11-04,bio,Járy Cimrmana
2026-11-12,generic,Járy Cimrmana
2026-11-18,paper,Járy Cimrmana
2026-11-18,bio,Járy Cimrmana
2026-11-26,generic,Járy Cimrmana
2026-12-02,plastics,Járy Cimrmana
2026-12-02,bio,Járy Cimrmana
2026-12-10,generic,Járy Cimrmana
2026-12-16,paper,Járy Cimrmana
2026-12-16,bio,Járy Cimrmana
2026-12-24,generic,Járy Cimrmana
2026-12-30,plastics,Járy Cimrmana
2026-12-30,bio,Járy Cimrmana
2026-01-08,generic,Jedličkova
2026-01-14,paper,Jedličkova
2026-01-14,bio,Jedličkova
2026-01-22,generic,Jedličkova
2026-01-28,plastics,Jedličkova
2026-01-28,bio,Jedličkova
2026-02-05,generic,Jedličkova
2026-02-11,paper,Jedličkova
2026-02-11,bio,Jedličkova
2026-02-19,generic,Jedličkova
2026-02-25,plastics,Jedličkova
2026-02-25,bio,Jedličkova
2026-03-05,generic,Jedličkova
2026-03-11,paper,Jedličkova
2026-03-11,bio,Jedličkova
2026-03-19,generic,Jedličkova
2026-03-25,plastics,Jedličkova
2026-03-25,bio,Jedličkova
2026-04-02,generic,Jedličkova
2026-04-08,paper,Jedličkova
2026-04-08,bio,Jedličkova
2026-04-16,generic,Jedličkova
2026-04-22,plastics,Jedličkova
2026-04-22,bio,Jedličkova
2026-04-30,generic,Jedličkova
2026-05-06,paper,Jedličkova
2026-05-06,bio,Jedličkova
2026-05-14,generic,Jedličkova
2026-05-20,plastics,Jedličkova
2026-05-20,bio,Jedličkova
2026-05-28,generic,Jedličkova
2026-06-03,paper,Jedličkova
2026-06-03,bio,Jedličkova
2026-06-11,generic,Jedličkova
2026-06-17,plastics,Jedličkova
2026-06-17,bio,Jedličkova
2026-06-25,generic,Jedličkova
2026-07-01,paper,Jedličkova
2026-07-01,bio,Jedličkova
2026-07-09,generic,Jedličkova
2026-07-15,plastics,Jedličkova
2026-07-15,bio,Jedličkova
2026-07-23,generic,Jedličkova
2026-07-29,paper,Jedličkova
2026-07-29,bio,Jedličkova
2026-08-06,generic,Jedličkova
2026-08-12,plastics,Jedličkova
2026-08-12,bio,Jedličkova
2026-08-20,generic,Jedličkova
2026-08-26,paper,Jedličkova
2026-08-26,bio,Jedličkova
2026-09-03,generic,Jedličkova
2026-09-09,plastics,Jedličkova
2026-09-09,bio,Jedličkova
2026-09-17,generic,Jedličkova
2026-09-23,paper,Jedličkova
2026-09-23,bio,Jedličkova
2026-10-01,generic,Jedličkova
2026-10-07,plastics,Jedličkova
2026-10-07,bio,Jedličkova
2026-10-15,generic,Jedličkova
2026-10-21,paper,Jedličkova
2026-10-21,bio,Jedličkova
2026-10-29,generic,Jedličkova
2026-11-04,plastics,Jedličkova
2026-11-04,bio,Jedličkova
2026-11-12,generic,Jedličkova
2026-11-18,paper,Jedličkova
2026-11-18,bio,Jedličkova
2026-11-26,generic,Jedličkova
2026-12-02,plastics,Jedličkova
2026-12-02,bio,Jedličkova
2026-12-10,generic,Jedličkova
2026-12-16,paper,Jedličkova
2026-12-16,bio,Jedličkova
2026-12-24,generic,Jedličkova
2026-12-30,plastics,Jedličkova
2026-12-30,bio,Jedličkova
2026-01-08,generic,Jiráskova
2026-01-14,paper,Jiráskova
2026-01-14,bio,Jiráskova
2026-01-22,generic,Jiráskova
2026-01-28,plastics,Jiráskova
2026-01-28,bio,Jiráskova
2026-02-05,generic,Jiráskova
2026-02-11,paper,Jiráskova
2026-02-11,bio,Jiráskova
2026-02-19,generic,Jiráskova
2026-02-25,plastics,Jiráskova
2026-02-25,bio,Jiráskova
2026-03-05,generic,Jiráskova
2026-03-11,paper,Jiráskova
2026-03-11,bio,Jiráskova
2026-03-19,generic,Jiráskova
2026-03-25,plastics,Jiráskova
2026-03-25,bio,Jiráskova
2026-04-02,generic,Jiráskova
2026-04-08,paper,Jiráskova
2026-04-08,bio,Jiráskova
2026-04-16,generic,Jiráskova
2026-04-22,plastics,Jiráskova
2026-04-22,bio,Jiráskova
2026-04-30,generic,Jiráskova
2026-05-06,paper,Jiráskova
2026-05-06,bio,Jiráskova
2026-05-14,generic,Jiráskova
2026-05-20,plastics,Jiráskova
2026-05-20,bio,Jiráskova
2026-05-28,generic,Jiráskova
2026-06-03,paper,Jiráskova
2026-06-03,bio,Jiráskova
2026-06-11,generic,Jiráskova
2026-06-17,plastics,Jiráskova
2026-06-17,bio,Jiráskova
2026-06-25,generic,Jiráskova
2026-07-01,paper,Jiráskova
2026-07-01,bio,Jiráskova
2026-07-09,generic,Jiráskova
2026-07-15,plastics,Jiráskova
2026-07-15,bio,Jiráskova
2026-07-23,generic,Jiráskova
2026-07-29,paper,Jiráskova
2026-07-29,bio,Jiráskova
2026-08-06,generic,Jiráskova
2026-08-12,plastics,Jiráskova
2026-08-12,bio,Jiráskova
2026-08-20,generic,Jiráskova
2026-08-26,paper,Jiráskova
2026-08-26,bio,Jiráskova
2026-09-03,generic,Jiráskova
2026-09-09,plastics,Jiráskova
2026-09-09,bio,Jiráskova
2026-09-17,generic,Jiráskova
2026-09-23,paper,Jiráskova
2026-09-23,bio,Jiráskova
2026-10-01,generic,Jiráskova
2026-10-07,plastics,Jiráskova
2026-10-07,bio,Jiráskova
2026-10-15,generic,Jiráskova
2026-10-21,paper,Jiráskova
2026-10-21,bio,Jiráskova
2026-10-29,generic,Jiráskova
2026-11-04,plastics,Jiráskova
2026-11-04,bio,Jiráskova
2026-11-12,generic,Jiráskova
2026-11-18,paper,Jiráskova
2026-11-18,bio,Jiráskova
2026-11-26,generic,Jiráskova
2026-12-02,plastics,Jiráskova
2026-12-02,bio,Jiráskova
2026-12-10,generic,Jiráskova
2026-12-16,paper,Jiráskova
2026-12-16,bio,Jiráskova
2026-12-24,generic,Jiráskova
2026-12-30,plastics,Jiráskova
2026-12-30,bio,Jiráskova
2026-01-08,generic,Kafkova
2026-01-14,paper,Kafkova
2026-01-14,bio,Kafkova
2026-01-22,generic,Kafkova
2026-01-28,plastics,Kafkova
2026-01-28,bio,Kafkova
2026-02-05,generic,Kafkova
2026-02-11,paper,Kafkova
2026-02-11,bio,Kafkova
2026-02-19,generic,Kafkova
2026-02-25,plastics,Kafkova
2026-02-25,bio,Kafkova
2026-03-05,generic,Kafkova
2026-03-11,paper,Kafkova
2026-03-11,bio,Kafkova
2026-03-19,generic,Kafkova
2026-03-25,plastics,Kafkova
2026-03-25,bio,Kafkova
2026-04-02,generic,Kafkova
2026-04-08,paper,Kafkova
2026-04-08,bio,Kafkova
2026-04-16,generic,Kafkova
2026-04-22,plastics,Kafkova
2026-04-22,bio,Kafkova
2026-04-30,generic,Kafkova
2026-05-06,paper,Kafkova
2026-05-06,bio,Kafkova
2026-05-14,generic,Kafkova
2026-05-20,plastics,Kafkova
2026-05-20,bio,Kafkova
2026-05-28,generic,Kafkova
2026-06-03,paper,Kafkova
2026-06-03,bio,Kafkova
2026-06-11,generic,Kafkova
2026-06-17,plastics,Kafkova
2026-06-17,bio,Kafkova
2026-06-25,generic,Kafkova
2026-07-01,paper,Kafkova
2026-07-01,bio,Kafkova
2026-07-09,generic,Kafkova
2026-07-15,plastics,Kafkova
2026-07-15,bio,Kafkova
2026-07-23,generic,Kafkova
2026-07-29,paper,Kafkova
2026-07-29,bio,Kafkova
2026-08-06,generic,Kafkova
2026-08-12,plastics,Kafkova
2026-08-12,bio,Kafkova
2026-08-20,generic,Kafkova
2026-08-26,paper,Kafkova
2026-08-26,bio,Kafkova
2026-09-03,generic,Kafkova
2026-09-09,plastics,Kafkova
2026-09-09,bio,Kafkova
2026-09-17,generic,Kafkova
2026-09-23,paper,Kafkova
2026-09-23,bio,Kafkova
2026-10-01,generic,Kafkova
2026-10-07,plastics,Kafkova
2026-10-07,bio,Kafkova
2026-10-15,generic,Kafkova
2026-10-21,paper,Kafkova
2026-10-21,bio,Kafkova
2026-10-29,generic,Kafkova
2026-11-04,plastics,Kafkova
2026-11-04,bio,Kafkova
2026-11-12,generic,Kafkova
2026-11-18,paper,Kafkova
2026-11-18,bio,Kafkova
2026-11-26,generic,Kafkova
2026-12-02,plastics,Kafkova
2026-12-02,bio,Kafkova
2026-12-10,generic,Kafkova
2026-12-16,paper,Kafkova
2026-12-16,bio,Kafkova
2026-12-24,generic,Kafkova
2026-12-30,plastics,Kafkova
2026-12-30,bio,Kafkova
2026-01-06,generic,Kaprova
2026-01-14,paper,Kaprova
2026-01-14,bio,Kaprova
2026-01-20,generic,Kaprova
2026-01-28,plastics,Kaprova
2026-01-28,bio,Kaprova
2026-02-03,generic,Kaprova
2026-02-11,paper,Kaprova
2026-02-11,bio,Kaprova
2026-02-17,generic,Kaprova
2026-02-25,plastics,Kaprova
2026-02-25,bio,Kaprova
2026-03-03,generic,Kaprova
2026-03-11,paper,Kaprova
2026-03-11,bio,Kaprova
2026-03-17,generic,Kaprova
2026-03-25,plastics,Kaprova
2026-03-25,bio,Kaprova
2026-03-31,generic,Kaprova
2026-04-08,paper,Kaprova
2026-04-08,bio,Kaprova
2026-04-14,generic,Kaprova
2026-04-22,plastics,Kaprova
2026-04-22,bio,Kaprova
2026-04-28,generic,Kaprova
2026-05-06,paper,Kaprova
2026-05-06,bio,Kaprova
2026-05-12,generic,Kaprova
2026-05-20,plastics,Kaprova
2026-05-20,bio,Kaprova
2026-05-26,generic,Kaprova
2026-06-03,paper,Kaprova
2026-06-03,bio,Kaprova
2026-06-09,generic,Kaprova
2026-06-17,plastics,Kaprova
2026-06-17,bio,Kaprova
2026-06-23,generic,Kaprova
2026-07-01,paper,Kaprova
2026-07-01,bio,Kaprova
2026-07-07,generic,Kaprova
2026-07-15,plastics,Kaprova
2026-07-15,bio,Kaprova
2026-07-21,generic,Kaprova
2026-07-29,paper,Kaprova
2026-07-29,bio,Kaprova
2026-08-04,generic,Kaprova
2026-08-12,plastics,Kaprova
2026-08-12,bio,Kaprova
2026-08-18,generic,Kaprova
2026-08-26,paper,Kaprova
2026-08-26,bio,Kaprova
2026-09-01,generic,Kaprova
2026-09-09,plastics,Kaprova
2026-09-09,bio,Kaprova
2026-09-15,generic,Kaprova
2026-09-23,paper,Kaprova
2026-09-23,bio,Kaprova
2026-09-29,generic,Kaprova
2026-10-07,plastics,Kaprova
2026-10-07,bio,Kaprova
2026-10-13,generic,Kaprova
2026-10-21,paper,Kaprova
2026-10-21,bio,Kaprova
2026-10-27,generic,Kaprova
2026-11-04,plastics,Kaprova
2026-11-04,bio,Kaprova
2026-11-10,generic,Kaprova
2026-11-18,paper,Kaprova
2026-11-18,bio,Kaprova
2026-11-24,generic,Kaprova
2026-12-02,plastics,Kaprova
2026-12-02,bio,Kaprova
2026-12-08,generic,Kaprova
2026-12-16,paper,Kaprova
2026-12-16,bio,Kaprova
2026-12-22,generic,Kaprova
2026-12-30,plastics,Kaprova
2026-12-30,bio,Kaprova
2026-01-07,generic,Karlov
2026-01-14,paper,Karlov
2026-01-14,bio,Karlov
2026-01-14,bio,Karlov
2026-01-21,generic,Karlov
2026-01-28,plastics,Karlov
2026-01-28,bio,Karlov
2026-01-28,bio,Karlov
2026-02-04,generic,Karlov
2026-02-11,paper,Karlov
2026-02-11,bio,Karlov
2026-02-11,bio,Karlov
2026-02-18,generic,Karlov
2026-02-25,plastics,Karlov
2026-02-25,bio,Karlov
2026-02-25,bio,Karlov
2026-03-04,generic,Karlov
2026-03-11,paper,Karlov
2026-03-11,bio,Karlov
2026-03-11,bio,Karlov
2026-03-18,generic,Karlov
2026-03-25,plastics,Karlov
2026-03-25,bio,Karlov
2026-03-25,bio,Karlov
2026-04-01,generic,Karlov
2026-04-08,paper,Karlov
2026-04-08,bio,Karlov
2026-04-08,bio,Karlov
2026-04-15,generic,Karlov
2026-04-22,plastics,Karlov
2026-04-22,bio,Karlov
2026-04-22,bio,Karlov
2026-04-29,generic,Karlov
2026-05-06,paper,Karlov
2026-05-06,bio,Karlov
2026-05-06,bio,Karlov
2026-05-13,generic,Karlov
2026-05-20,plastics,Karlov
2026-05-20,bio,Karlov
2026-05-20,bio,Karlov
2026-05-27,generic,Karlov
2026-06-03,paper,Karlov
2026-06-03,bio,Karlov
2026-06-03,bio,Karlov
2026-06-10,generic,Karlov
2026-06-17,plastics,Karlov
2026-06-17,bio,Karlov
2026-06-17,bio,Karlov
2026-06-24,generic,Karlov
2026-07-01,paper,Karlov
2026-07-01,bio,Karlov
2026-07-01,bio,Karlov
2026-07-08,generic,Karlov
2026-07-15,plastics,Karlov
2026-07-15,bio,Karlov
2026-07-15,bio,Karlov
2026-07-22,generic,Karlov
2026-07-29,paper,Karlov
2026-07-29,bio,Karlov
2026-07-29,bio,Karlov
2026-08-05,generic,Karlov
2026-08-12,plastics,Karlov
2026-08-12,bio,Karlov
2026-08-12,bio,Karlov
2026-08-19,generic,Karlov
2026-08-26,paper,Karlov
2026-08-26,bio,Karlov
2026-08-26,bio,Karlov
2026-09-02,generic,Karlov
2026-09-09,plastics,Karlov
2026-09-09,bio,Karlov
2026-09-09,bio,Karlov
2026-09-16,generic,Karlov
2026-09-23,paper,Karlov
2026-09-23,bio,Karlov
2026-09-23,bio,Karlov
2026-09-30,generic,Karlov
2026-10-07,plastics,Karlov
2026-10-07,bio,Karlov
2026-10-07,bio,Karlov
2026-10-14,generic,Karlov
2026-10-21,paper,Karlov
2026-10-21,bio,Karlov
2026-10-21,bio,Karlov
2026-10-28,generic,Karlov
2026-11-04,plastics,Karlov
2026-11-04,bio,Karlov
2026-11-04,bio,Karlov
2026-11-11,generic,Karlov
2026-11-18,paper,Karlov
2026-11-18,bio,Karlov
2026-11-18,bio,Karlov
2026-11-25,generic,Karlov
2026-12-02,plastics,Karlov
2026-12-02,bio,Karlov
2026-12-02,bio,Karlov
2026-12-09,generic,Karlov
2026-12-16,paper,Karlov
2026-12-16,bio,Karlov
2026-12-16,bio,Karlov
2026-12-23,generic,Karlov
2026-12-30,plastics,Karlov
2026-12-30,bio,Karlov
2026-12-30,bio,Karlov
2026-01-06,generic,K bažantnici
2026-01-14,paper,K bažantnici
2026-01-14,bio,K bažantnici
2026-01-20,generic,K bažantnici
2026-01-28,plastics,K bažantnici
2026-01-28,bio,K bažantnici
2026-02-03,generic,K bažantnici
2026-02-11,paper,K bažantnici
2026-02-11,bio,K bažantnici
2026-02-17,generic,K bažantnici
2026-02-25,plastics,K bažantnici
2026-02-25,bio,K bažantnici
2026-03-03,generic,K bažantnici
2026-03-11,paper,K bažantnici
2026-03-11,bio,K bažantnici
2026-03-17,generic,K bažantnici
2026-03-25,plastics,K bažantnici
2026-03-25,bio,K bažantnici
2026-03-31,generic,K bažantnici
2026-04-08,paper,K bažantnici
2026-04-08,bio,K bažantnici
2026-04-14,generic,K bažantnici
2026-04-22,plastics,K bažantnici
2026-04-22,bio,K bažantnici
2026-04-28,generic,K bažantnici
2026-05-06,paper,K bažantnici
2026-05-06,bio,K bažantnici
2026-05-12,generic,K bažantnici
2026-05-20,plastics,K bažantnici
2026-05-20,bio,K bažantnici
2026-05-26,generic,K bažantnici
2026-06-03,paper,K bažantnici
2026-06-03,bio,K bažantnici
2026-06-09,generic,K bažantnici
2026-06-17,plastics,K bažantnici
2026-06-17,bio,K bažantnici
2026-06-23,generic,K bažantnici
2026-07-01,paper,K bažantnici
2026-07-01,bio,K bažantnici
2026-07-07,generic,K bažantnici
2026-07-15,plastics,K bažantnici
2026-07-15,bio,K bažantnici
2026-07-21,generic,K bažantnici
2026-07-29,paper,K bažantnici
2026-07-29,bio,K bažantnici
2026-08-04,generic,K bažantnici
2026-08-12,plastics,K bažantnici
2026-08-12,bio,K bažantnici
2026-08-18,generic,K bažantnici
2026-08-26,paper,K bažantnici
2026-08-26,bio,K bažantnici
2026-09-01,generic,K bažantnici
2026-09-09,plastics,K bažantnici
2026-09-09,bio,K bažantnici
2026-09-15,generic,K bažantnici
2026-09-23,paper,K bažantnici
2026-09-23,bio,K bažantnici
2026-09-29,generic,K bažantnici
2026-10-07,plastics,K bažantnici
2026-10-07,bio,K bažantnici
2026-10-13,generic,K bažantnici
2026-10-21,paper,K bažantnici
2026-10-21,bio,K bažantnici
2026-10-27,generic,K bažantnici
2026-11-04,plastics,K bažantnici
2026-11-04,bio,K bažantnici
2026-11-10,generic,K bažantnici
2026-11-18,paper,K bažantnici
2026-11-18,bio,K bažantnici
2026-11-24,generic,K bažantnici
2026-12-02,plastics,K bažantnici
2026-12-02,bio,K bažantnici
2026-12-08,generic,K bažantnici
2026-12-16,paper,K bažantnici
2026-12-16,bio,K bažantnici
2026-12-22,generic,K bažantnici
2026-12-30,plastics,K bažantnici
2026-12-30,bio,K bažantnici
2026-01-08,generic,K Borku
2026-01-14,paper,K Borku
2026-01-14,bio,K Borku
2026-01-22,generic,K Borku
2026-01-28,plastics,K Borku
2026-01-28,bio,K Borku
2026-02-05,generic,K Borku
2026-02-11,paper,K Borku
2026-02-11,bio,K Borku
2026-02-19,generic,K Borku
2026-02-25,plastics,K Borku
2026-02-25,bio,K Borku
2026-03-05,generic,K Borku
2026-03-11,paper,K Borku
2026-03-11,bio,K Borku
2026-03-19,generic,K Borku
2026-03-25,plastics,K Borku
2026-03-25,bio,K Borku
2026-04-02,generic,K Borku
2026-04-08,paper,K Borku
2026-04-08,bio,K Borku
2026-04-16,generic,K Borku
2026-04-22,plastics,K Borku
2026-04-22,bio,K Borku
2026-04-30,generic,K Borku
2026-05-06,paper,K Borku
2026-05-06,bio,K Borku
2026-05-14,generic,K Borku
2026-05-20,plastics,K Borku
2026-05-20,bio,K Borku
2026-05-28,generic,K Borku
2026-06-03,paper,K Borku
2026-06-03,bio,K Borku
2026-06-11,generic,K Borku
2026-06-17,plastics,K Borku
2026-06-17,bio,K Borku
2026-06-25,generic,K Borku
2026-07-01,paper,K Borku
2026-07-01,bio,K Borku
2026-07-09,generic,K Borku
2026-07-15,plastics,K Borku
2026-07-15,bio,K Borku
2026-07-23,generic,K Borku
2026-07-29,paper,K Borku
2026-07-29,bio,K Borku
2026-08-06,generic,K Borku
2026-08-12,plastics,K Borku
2026-08-12,bio,K Borku
2026-08-20,generic,K Borku
2026-08-26,paper,K Borku
2026-08-26,bio,K Borku
2026-09-03,generic,K Borku
2026-09-09,plastics,K Borku
2026-09-09,bio,K Borku
2026-09-17,generic,K Borku
2026-09-23,paper,K Borku
2026-09-23,bio,K Borku
2026-10-01,generic,K Borku
2026-10-07,plastics,K Borku
2026-10-07,bio,K Borku
2026-10-15,generic,K Borku
2026-10-21,paper,K Borku
2026-10-21,bio,K Borku
2026-10-29,generic,K Borku
2026-11-04,plastics,K Borku
2026-11-04,bio,K Borku
2026-11-12,generic,K Borku
2026-11-18,paper,K Borku
2026-11-18,bio,K Borku
2026-11-26,generic,K Borku
2026-12-02,plastics,K Borku
2026-12-02,bio,K Borku
2026-12-10,generic,K Borku
2026-12-16,paper,K Borku
2026-12-16,bio,K Borku
2026-12-24,generic,K Borku
2026-12-30,plastics,K Borku
2026-12-30,bio,K Borku
2026-01-06,generic,Ke Karlovu
2026-01-14,paper,Ke Karlovu
2026-01-14,bio,Ke Karlovu
2026-01-20,generic,Ke Karlovu
2026-01-28,plastics,Ke Karlovu
2026-01-28,bio,Ke Karlovu
2026-02-03,generic,Ke Karlovu
2026-02-11,paper,Ke Karlovu
2026-02-11,bio,Ke Karlovu
2026-02-17,generic,Ke Karlovu
2026-02-25,plastics,Ke Karlovu
2026-02-25,bio,Ke Karlovu
2026-03-03,generic,Ke Karlovu
2026-03-11,paper,Ke Karlovu
2026-03-11,bio,Ke Karlovu
2026-03-17,generic,Ke Karlovu
2026-03-25,plastics,Ke Karlovu
2026-03-25,bio,Ke Karlovu
2026-03-31,generic,Ke Karlovu
2026-04-08,paper,Ke Karlovu
2026-04-08,bio,Ke Karlovu
2026-04-14,generic,Ke Karlovu
2026-04-22,plastics,Ke Karlovu
2026-04-22,bio,Ke Karlovu
2026-04-28,generic,Ke Karlovu
2026-05-06,paper,Ke Karlovu
2026-05-06,bio,Ke Karlovu
2026-05-12,generic,Ke Karlovu
2026-05-20,plastics,Ke Karlovu
2026-05-20,bio,Ke Karlovu
2026-05-26,generic,Ke Karlovu
2026-06-03,paper,Ke Karlovu
2026-06-03,bio,Ke Karlovu
2026-06-09,generic,Ke Karlovu
2026-06-17,plastics,Ke Karlovu
2026-06-17,bio,Ke Karlovu
2026-06-23,generic,Ke Karlovu
2026-07-01,paper,Ke Karlovu
2026-07-01,bio,Ke Karlovu
2026-07-07,generic,Ke Karlovu
2026-07-15,plastics,Ke Karlovu
2026-07-15,bio,Ke Karlovu
2026-07-21,generic,Ke Karlovu
2026-07-29,paper,Ke Karlovu
2026-07-29,bio,Ke Karlovu
2026-08-04,generic,Ke Karlovu
2026-08-12,plastics,Ke Karlovu
2026-08-12,bio,Ke Karlovu
2026-08-18,generic,Ke Karlovu
2026-08-26,paper,Ke Karlovu
2026-08-26,bio,Ke Karlovu
2026-09-01,generic,Ke Karlovu
2026-09-09,plastics,Ke Karlovu
2026-09-09,bio,Ke Karlovu
2026-09-15,generic,Ke Karlovu
2026-09-23,paper,Ke Karlovu
2026-09-23,bio,Ke Karlovu
2026-09-29,generic,Ke Karlovu
2026-10-07,plastics,Ke Karlovu
2026-10-07,bio,Ke Karlovu
2026-10-13,generic,Ke Karlovu
2026-10-21,paper,Ke Karlovu
2026-10-21,bio,Ke Karlovu
2026-10-27,generic,Ke Karlovu
2026-11-04,plastics,Ke Karlovu
2026-11-04,bio,Ke Karlovu
2026-11-10,generic,Ke Karlovu
2026-11-18,paper,Ke Karlovu
2026-11-18,bio,Ke Karlovu
2026-11-24,generic,Ke Karlovu
2026-12-02,plastics,Ke Karlovu
2026-12-02,bio,Ke Karlovu
2026-12-08,generic,Ke Karlovu
2026-12-16,paper,Ke Karlovu
2026-12-16,bio,Ke Karlovu
2026-12-22,generic,Ke Karlovu
2026-12-30,plastics,Ke Karlovu
2026-12-30,bio,Ke Karlovu
2026-01-06,generic,Ke Kovoně
2026-01-14,paper,Ke Kovoně
2026-01-14,bio,Ke Kovoně
2026-01-20,generic,Ke Kovoně
2026-01-28,plastics,Ke Kovoně
2026-01-28,bio,Ke Kovoně
2026-02-03,generic,Ke Kovoně
2026-02-11,paper,Ke Kovoně
2026-02-11,bio,Ke Kovoně
2026-02-17,generic,Ke Kovoně
2026-02-25,plastics,Ke Kovoně
2026-02-25,bio,Ke Kovoně
2026-03-03,generic,Ke Kovoně
2026-03-11,paper,Ke Kovoně
2026-03-11,bio,Ke Kovoně
2026-03-17,generic,Ke Kovoně
2026-03-25,plastics,Ke Kovoně
2026-03-25,bio,Ke Kovoně
2026-03-31,generic,Ke Kovoně
2026-04-08,paper,Ke Kovoně
2026-04-08,bio,Ke Kovoně
2026-04-14,generic,Ke Kovoně
2026-04-22,plastics,Ke Kovoně
2026-04-22,bio,Ke Kovoně
2026-04-28,generic,Ke Kovoně
2026-05-06,paper,Ke Kovoně
2026-05-06,bio,Ke Kovoně
2026-05-12,generic,Ke Kovoně
2026-05-20,plastics,Ke Kovoně
2026-05-20,bio,Ke Kovoně
2026-05-26,generic,Ke Kovoně
2026-06-03,paper,Ke Kovoně
2026-06-03,bio,Ke Kovoně
2026-06-09,generic,Ke Kovoně
2026-06-17,plastics,Ke Kovoně
2026-06-17,bio,Ke Kovoně
2026-06-23,generic,Ke Kovoně
2026-07-01,paper,Ke Kovoně
2026-07-01,bio,Ke Kovoně
2026-07-07,generic,Ke Kovoně
2026-07-15,plastics,Ke Kovoně
2026-07-15,bio,Ke Kovoně
2026-07-21,generic,Ke Kovoně
2026-07-29,paper,Ke Kovoně
2026-07-29,bio,Ke Kovoně
2026-08-04,generic,Ke Kovoně
2026-08-12,plastics,Ke Kovoně
2026-08-12,bio,Ke Kovoně
2026-08-18,generic,Ke Kovoně
2026-08-26,paper,Ke Kovoně
2026-08-26,bio,Ke Kovoně
2026-09-01,generic,Ke Kovoně
2026-09-09,plastics,Ke Kovoně
2026-09-09,bio,Ke Kovoně
2026-09-15,generic,Ke Kovoně
2026-09-23,paper,Ke Kovoně
2026-09-23,bio,Ke Kovoně
2026-09-29,generic,Ke Kovoně
2026-10-07,plastics,Ke Kovoně
2026-10-07,bio,Ke Kovoně
2026-10-13,generic,Ke Kovoně
2026-10-21,paper,Ke Kovoně
2026-10-21,bio,Ke Kovoně
2026-10-27,generic,Ke Kovoně
2026-11-04,plastics,Ke Kovoně
2026-11-04,bio,Ke Kovoně
2026-11-10,generic,Ke Kovoně
2026-11-18,paper,Ke Kovoně
2026-11-18,bio,Ke Kovoně
2026-11-24,generic,Ke Kovoně
2026-12-02,plastics,Ke Kovoně
2026-12-02,bio,Ke Kovoně
2026-12-08,generic,Ke Kovoně
2026-12-16,paper,Ke Kovoně
2026-12-16,bio,Ke Kovoně
2026-12-22,generic,Ke Kovoně
2026-12-30,plastics,Ke Kovoně
2026-12-30,bio,Ke Kovoně
2026-01-06,generic,Ke Skále
2026-01-14,paper,Ke Skále
2026-01-14,bio,Ke Skále
2026-01-20,generic,Ke Skále
2026-01-28,plastics,Ke Skále
2026-01-28,bio,Ke Skále
2026-02-03,generic,Ke Skále
2026-02-11,paper,Ke Skále
2026-02-11,bio,Ke Skále
2026-02-17,generic,Ke Skále
2026-02-25,plastics,Ke Skále
2026-02-25,bio,Ke Skále
2026-03-03,generic,Ke Skále
2026-03-11,paper,Ke Skále
2026-03-11,bio,Ke Skále
2026-03-17,generic,Ke Skále
2026-03-25,plastics,Ke Skále
2026-03-25,bio,Ke Skále
2026-03-31,generic,Ke Skále
2026-04-08,paper,Ke Skále
2026-04-08,bio,Ke Skále
2026-04-14,generic,Ke Skále
2026-04-22,plastics,Ke Skále
2026-04-22,bio,Ke Skále
2026-04-28,generic,Ke Skále
2026-05-06,paper,Ke Skále
2026-05-06,bio,Ke Skále
2026-05-12,generic,Ke Skále
2026-05-20,plastics,Ke Skále
2026-05-20,bio,Ke Skále
2026-05-26,generic,Ke Skále
2026-06-03,paper,Ke Skále
2026-06-03,bio,Ke Skále
2026-06-09,generic,Ke Skále
2026-06-17,plastics,Ke Skále
2026-06-17,bio,Ke Skále
2026-06-23,generic,Ke Skále
2026-07-01,paper,Ke Skále
2026-07-01,bio,Ke Skále
2026-07-07,generic,Ke Skále
2026-07-15,plastics,Ke Skále
2026-07-15,bio,Ke Skále
2026-07-21,generic,Ke Skále
2026-07-29,paper,Ke Skále
2026-07-29,bio,Ke Skále
2026-08-04,generic,Ke Skále
2026-08-12,plastics,Ke Skále
2026-08-12,bio,Ke Skále
2026-08-18,generic,Ke Skále
2026-08-26,paper,Ke Skále
2026-08-26,bio,Ke Skále
2026-09-01,generic,Ke Skále
2026-09-09,plastics,Ke Skále
2026-09-09,bio,Ke Skále
2026-09-15,generic,Ke Skále
2026-09-23,paper,Ke Skále
2026-09-23,bio,Ke Skále
2026-09-29,generic,Ke Skále
2026-10-07,plastics,Ke Skále
2026-10-07,bio,Ke Skále
2026-10-13,generic,Ke Skále
2026-10-21,paper,Ke Skále
2026-10-21,bio,Ke Skále
2026-10-27,generic,Ke Skále
2026-11-04,plastics,Ke Skále
2026-11-04,bio,Ke Skále
2026-11-10,generic,Ke Skále
2026-11-18,paper,Ke Skále
2026-11-18,bio,Ke Skále
2026-11-24,generic,Ke Skále
2026-12-02,plastics,Ke Skále
2026-12-02,bio,Ke Skále
2026-12-08,generic,Ke Skále
2026-12-16,paper,Ke Skále
2026-12-16,bio,Ke Skále
2026-12-22,generic,Ke Skále
2026-12-30,plastics,Ke Skále
2026-12-30,bio,Ke Skále
2026-01-06,generic,Ke Střelnici
2026-01-14,paper,Ke Střelnici
2026-01-14,bio,Ke Střelnici
2026-01-20,generic,Ke Střelnici
2026-01-28,plastics,Ke Střelnici
2026-01-28,bio,Ke Střelnici
2026-02-03,generic,Ke Střelnici
2026-02-11,paper,Ke Střelnici
2026-02-11,bio,Ke Střelnici
2026-02-17,generic,Ke Střelnici
2026-02-25,plastics,Ke Střelnici
2026-02-25,bio,Ke Střelnici
2026-03-03,generic,Ke Střelnici
2026-03-11,paper,Ke Střelnici
2026-03-11,bio,Ke Střelnici
2026-03-17,generic,Ke Střelnici
2026-03-25,plastics,Ke Střelnici
2026-03-25,bio,Ke Střelnici
2026-03-31,generic,Ke Střelnici
2026-04-08,paper,Ke Střelnici
2026-04-08,bio,Ke Střelnici
2026-04-14,generic,Ke Střelnici
2026-04-22,plastics,Ke Střelnici
2026-04-22,bio,Ke Střelnici
2026-04-28,generic,Ke Střelnici
2026-05-06,paper,Ke Střelnici
2026-05-06,bio,Ke Střelnici
2026-05-12,generic,Ke Střelnici
2026-05-20,plastics,Ke Střelnici
2026-05-20,bio,Ke Střelnici
2026-05-26,generic,Ke Střelnici
2026-06-03,paper,Ke Střelnici
2026-06-03,bio,Ke Střelnici
2026-06-09,generic,Ke Střelnici
2026-06-17,plastics,Ke Střelnici
2026-06-17,bio,Ke Střelnici
2026-06-23,generic,Ke Střelnici
2026-07-01,paper,Ke Střelnici
2026-07-01,bio,Ke Střelnici
2026-07-07,generic,Ke Střelnici
2026-07-15,plastics,Ke Střelnici
2026-07-15,bio,Ke Střelnici
2026-07-21,generic,Ke Střelnici
2026-07-29,paper,Ke Střelnici
2026-07-29,bio,Ke Střelnici
2026-08-04,generic,Ke Střelnici
2026-08-12,plastics,Ke Střelnici
2026-08-12,bio,Ke Střelnici
2026-08-18,generic,Ke Střelnici
2026-08-26,paper,Ke Střelnici
2026-08-26,bio,Ke Střelnici
2026-09-01,generic,Ke Střelnici
2026-09-09,plastics,Ke Střelnici
2026-09-09,bio,Ke Střelnici
2026-09-15,generic,Ke Střelnici
2026-09-23,paper,Ke Střelnici
2026-09-23,bio,Ke Střelnici
2026-09-29,generic,Ke Střelnici
2026-10-07,plastics,Ke Střelnici
2026-10-07,bio,Ke Střelnici
2026-10-13,generic,Ke Střelnici
2026-10-21,paper,Ke Střelnici
2026-10-21,bio,Ke Střelnici
2026-10-27,generic,Ke Střelnici
2026-11-04,plastics,Ke Střelnici
2026-11-04,bio,Ke Střelnici
2026-11-10,generic,Ke Střelnici
2026-11-18,paper,Ke Střelnici
2026-11-18,bio,Ke Střelnici
2026-11-24,generic,Ke Střelnici
2026-12-02,plastics,Ke Střelnici
2026-12-02,bio,Ke Střelnici
2026-12-08,generic,Ke Střelnici
2026-12-16,paper,Ke Střelnici
2026-12-16,bio,Ke Střelnici
2026-12-22,generic,Ke Střelnici
2026-12-30,plastics,Ke Střelnici
2026-12-30,bio,Ke Střelnici
2026-01-08,generic,Ke Vrutici
2026-01-14,paper,Ke Vrutici
2026-01-14,bio,Ke Vrutici
2026-01-22,generic,Ke Vrutici
2026-01-28,plastics,Ke Vrutici
2026-01-28,bio,Ke Vrutici
2026-02-05,generic,Ke Vrutici
2026-02-11,paper,Ke Vrutici
2026-02-11,bio,Ke Vrutici
2026-02-19,generic,Ke Vrutici
2026-02-25,plastics,Ke Vrutici
2026-02-25,bio,Ke Vrutici
2026-03-05,generic,Ke Vrutici
2026-03-11,paper,Ke Vrutici
2026-03-11,bio,Ke Vrutici
2026-03-19,generic,Ke Vrutici
2026-03-25,plastics,Ke Vrutici
2026-03-25,bio,Ke Vrutici
2026-04-02,generic,Ke Vrutici
2026-04-08,paper,Ke Vrutici
2026-04-08,bio,Ke Vrutici
2026-04-16,generic,Ke Vrutici
2026-04-22,plastics,Ke Vrutici
2026-04-22,bio,Ke Vrutici
2026-04-30,generic,Ke Vrutici
2026-05-06,paper,Ke Vrutici
2026-05-06,bio,Ke Vrutici
2026-05-14,generic,Ke Vrutici
2026-05-20,plastics,Ke Vrutici
2026-05-20,bio,Ke Vrutici
2026-05-28,generic,Ke Vrutici
2026-06-03,paper,Ke Vrutici
2026-06-03,bio,Ke Vrutici
2026-06-11,generic,Ke Vrutici
2026-06-17,plastics,Ke Vrutici
2026-06-17,bio,Ke Vrutici
2026-06-25,generic,Ke Vrutici
2026-07-01,paper,Ke Vrutici
2026-07-01,bio,Ke Vrutici
2026-07-09,generic,Ke Vrutici
2026-07-15,plastics,Ke Vrutici
2026-07-15,bio,Ke Vrutici
2026-07-23,generic,Ke Vrutici
2026-07-29,paper,Ke Vrutici
2026-07-29,bio,Ke Vrutici
2026-08-06,generic,Ke Vrutici
2026-08-12,plastics,Ke Vrutici
2026-08-12,bio,Ke Vrutici
2026-08-20,generic,Ke Vrutici
2026-08-26,paper,Ke Vrutici
2026-08-26,bio,Ke Vrutici
2026-09-03,generic,Ke Vrutici
2026-09-09,plastics,Ke Vrutici
2026-09-09,bio,Ke Vrutici
2026-09-17,generic,Ke Vrutici
2026-09-23,paper,Ke Vrutici
2026-09-23,bio,Ke Vrutici
2026-10-01,generic,Ke Vrutici
2026-10-07,plastics,Ke Vrutici
2026-10-07,bio,Ke Vrutici
2026-10-15,generic,Ke Vrutici
2026-10-21,paper,Ke Vrutici
2026-10-21,bio,Ke Vrutici
2026-10-29,generic,Ke Vrutici
2026-11-04,plastics,Ke Vrutici
2026-11-04,bio,Ke Vrutici
2026-11-12,generic,Ke Vrutici
2026-11-18,paper,Ke Vrutici
2026-11-18,bio,Ke Vrutici
2026-11-26,generic,Ke Vrutici
2026-12-02,plastics,Ke Vrutici
2026-12-02,bio,Ke Vrutici
2026-12-10,generic,Ke Vrutici
2026-12-16,paper,Ke Vrutici
2026-12-16,bio,Ke Vrutici
2026-12-24,generic,Ke Vrutici
2026-12-30,plastics,Ke Vrutici
2026-12-30,bio,Ke Vrutici
2026-01-07,generic,Klicperova
2026-01-14,paper,Klicperova
2026-01-14,bio,Klicperova
2026-01-21,generic,Klicperova
2026-01-28,plastics,Klicperova
2026-01-28,bio,Klicperova
2026-02-04,generic,Klicperova
2026-02-11,paper,Klicperova
2026-02-11,bio,Klicperova
2026-02-18,generic,Klicperova
2026-02-25,plastics,Klicperova
2026-02-25,bio,Klicperova
2026-03-04,generic,Klicperova
2026-03-11,paper,Klicperova
2026-03-11,bio,Klicperova
2026-03-18,generic,Klicperova
2026-03-25,plastics,Klicperova
2026-03-25,bio,Klicperova
2026-04-01,generic,Klicperova
2026-04-08,paper,Klicperova
2026-04-08,bio,Klicperova
2026-04-15,generic,Klicperova
2026-04-22,plastics,Klicperova
2026-04-22,bio,Klicperova
2026-04-29,generic,Klicperova
2026-05-06,paper,Klicperova
2026-05-06,bio,Klicperova
2026-05-13,generic,Klicperova
2026-05-20,plastics,Klicperova
2026-05-20,bio,Klicperova
2026-05-27,generic,Klicperova
2026-06-03,paper,Klicperova
2026-06-03,bio,Klicperova
2026-06-10,generic,Klicperova
2026-06-17,plastics,Klicperova
2026-06-17,bio,Klicperova
2026-06-24,generic,Klicperova
2026-07-01,paper,Klicperova
2026-07-01,bio,Klicperova
2026-07-08,generic,Klicperova
2026-07-15,plastics,Klicperova
2026-07-15,bio,Klicperova
2026-07-22,generic,Klicperova
2026-07-29,paper,Klicperova
2026-07-29,bio,Klicperova
2026-08-05,generic,Klicperova
2026-08-12,plastics,Klicperova
2026-08-12,bio,Klicperova
2026-08-19,generic,Klicperova
2026-08-26,paper,Klicperova
2026-08-26,bio,Klicperova
2026-09-02,generic,Klicperova
2026-09-09,plastics,Klicperova
2026-09-09,bio,Klicperova
2026-09-16,generic,Klicperova
2026-09-23,paper,Klicperova
2026-09-23,bio,Klicperova
2026-09-30,generic,Klicperova
2026-10-07,plastics,Klicperova
2026-10-07,bio,Klicperova
2026-10-14,generic,Klicperova
2026-10-21,paper,Klicperova
2026-10-21,bio,Klicperova
2026-10-28,generic,Klicperova
2026-11-04,plastics,Klicperova
2026-11-04,bio,Klicperova
2026-11-11,generic,Klicperova
2026-11-18,paper,Klicperova
2026-11-18,bio,Klicperova
2026-11-25,generic,Klicperova
2026-12-02,plastics,Klicperova
2026-12-02,bio,Klicperova
2026-12-09,generic,Klicperova
2026-12-16,paper,Klicperova
2026-12-16,bio,Klicperova
2026-12-23,generic,Klicperova
2026-12-30,plastics,Klicperova
2026-12-30,bio,Klicperova
2026-01-09,generic,K Milovicům
2026-01-14,paper,K Milovicům
2026-01-14,bio,K Milovicům
2026-01-23,generic,K Milovicům
2026-01-28,plastics,K Milovicům
2026-01-28,bio,K Milovicům
2026-02-06,generic,K Milovicům
2026-02-11,paper,K Milovicům
2026-02-11,bio,K Milovicům
2026-02-20,generic,K Milovicům
2026-02-25,plastics,K Milovicům
2026-02-25,bio,K Milovicům
2026-03-06,generic,K Milovicům
2026-03-11,paper,K Milovicům
2026-03-11,bio,K Milovicům
2026-03-20,generic,K Milovicům
2026-03-25,plastics,K Milovicům
2026-03-25,bio,K Milovicům
2026-04-03,generic,K Milovicům
2026-04-08,paper,K Milovicům
2026-04-08,bio,K Milovicům
2026-04-17,generic,K Milovicům
2026-04-22,plastics,K Milovicům
2026-04-22,bio,K Milovicům
2026-05-01,generic,K Milovicům
2026-05-06,paper,K Milovicům
2026-05-06,bio,K Milovicům
2026-05-15,generic,K Milovicům
2026-05-20,plastics,K Milovicům
2026-05-20,bio,K Milovicům
2026-05-29,generic,K Milovicům
2026-06-03,paper,K Milovicům
2026-06-03,bio,K Milovicům
2026-06-12,generic,K Milovicům
2026-06-17,plastics,K Milovicům
2026-06-17,bio,K Milovicům
2026-06-26,generic,K Milovicům
2026-07-01,paper,K Milovicům
2026-07-01,bio,K Milovicům
2026-07-10,generic,K Milovicům
2026-07-15,plastics,K Milovicům
2026-07-15,bio,K Milovicům
2026-07-24,generic,K Milovicům
2026-07-29,paper,K Milovicům
2026-07-29,bio,K Milovicům
2026-08-07,generic,K Milovicům
2026-08-12,plastics,K Milovicům
2026-08-12,bio,K Milovicům
2026-08-21,generic,K Milovicům
2026-08-26,paper,K Milovicům
2026-08-26,bio,K Milovicům
2026-09-04,generic,K Milovicům
2026-09-09,plastics,K Milovicům
2026-09-09,bio,K Milovicům
2026-09-18,generic,K Milovicům
2026-09-23,paper,K Milovicům
2026-09-23,bio,K Milovicům
2026-10-02,generic,K Milovicům
2026-10-07,plastics,K Milovicům
2026-10-07,bio,K Milovicům
2026-10-16,generic,K Milovicům
2026-10-21,paper,K Milovicům
2026-10-21,bio,K Milovicům
2026-10-30,generic,K Milovicům
2026-11-04,plastics,K Milovicům
2026-11-04,bio,K Milovicům
2026-11-13,generic,K Milovicům
2026-11-18,paper,K Milovicům
2026-11-18,bio,K Milovicům
2026-11-27,generic,K Milovicům
2026-12-02,plastics,K Milovicům
2026-12-02,bio,K Milovicům
2026-12-11,generic,K Milovicům
2026-12-16,paper,K Milovicům
2026-12-16,bio,K Milovicům
2026-12-25,generic,K Milovicům
2026-12-30,plastics,K Milovicům
2026-12-30,bio,K Milovicům
2026-01-08,generic,Kollárova
2026-01-14,paper,Kollárova
2026-01-14,bio,Kollárova
2026-01-22,generic,Kollárova
2026-01-28,plastics,Kollárova
2026-01-28,bio,Kollárova
2026-02-05,generic,Kollárova
2026-02-11,paper,Kollárova
2026-02-11,bio,Kollárova
2026-02-19,generic,Kollárova
2026-02-25,plastics,Kollárova
2026-02-25,bio,Kollárova
2026-03-05,generic,Kollárova
2026-03-11,paper,Kollárova
2026-03-11,bio,Kollárova
2026-03-19,generic,Kollárova
2026-03-25,plastics,Kollárova
2026-03-25,bio,Kollárova
2026-04-02,generic,Kollárova
2026-04-08,paper,Kollárova
2026-04-08,bio,Kollárova
2026-04-16,generic,Kollárova
2026-04-22,plastics,Kollárova
2026-04-22,bio,Kollárova
2026-04-30,generic,Kollárova
2026-05-06,paper,Kollárova
2026-05-06,bio,Kollárova
2026-05-14,generic,Kollárova
2026-05-20,plastics,Kollárova
2026-05-20,bio,Kollárova
2026-05-28,generic,Kollárova
2026-06-03,paper,Kollárova
2026-06-03,bio,Kollárova
2026-06-11,generic,Kollárova
2026-06-17,plastics,Kollárova
2026-06-17,bio,Kollárova
2026-06-25,generic,Kollárova
2026-07-01,paper,Kollárova
2026-07-01,bio,Kollárova
2026-07-09,generic,Kollárova
2026-07-15,plastics,Kollárova
2026-07-15,bio,Kollárova
2026-07-23,generic,Kollárova
2026-07-29,paper,Kollárova
2026-07-29,bio,Kollárova
2026-08-06,generic,Kollárova
2026-08-12,plastics,Kollárova
2026-08-12,bio,Kollárova
2026-08-20,generic,Kollárova
2026-08-26,paper,Kollárova
2026-08-26,bio,Kollárova
2026-09-03,generic,Kollárova
2026-09-09,plastics,Kollárova
2026-09-09,bio,Kollárova
2026-09-17,generic,Kollárova
2026-09-23,paper,Kollárova
2026-09-23,bio,Kollárova
2026-10-01,generic,Kollárova
2026-10-07,plastics,Kollárova
2026-10-07,bio,Kollárova
2026-10-15,generic,Kollárova
2026-10-21,paper,Kollárova
2026-10-21,bio,Kollárova
2026-10-29,generic,Kollárova
2026-11-04,plastics,Kollárova
2026-11-04,bio,Kollárova
2026-11-12,generic,Kollárova
2026-11-18,paper,Kollárova
2026-11-18,bio,Kollárova
2026-11-26,generic,Kollárova
2026-12-02,plastics,Kollárova
2026-12-02,bio,Kollárova
2026-12-10,generic,Kollárova
2026-12-16,paper,Kollárova
2026-12-16,bio,Kollárova
2026-12-24,generic,Kollárova
2026-12-30,plastics,Kollárova
2026-12-30,bio,Kollárova
2026-01-08,generic,Komenského
2026-01-14,paper,Komenského
2026-01-14,bio,Komenského
2026-01-22,generic,Komenského
2026-01-28,plastics,Komenského
2026-01-28,bio,Komenského
2026-02-05,generic,Komenského
2026-02-11,paper,Komenského
2026-02-11,bio,Komenského
2026-02-19,generic,Komenského
2026-02-25,plastics,Komenského
2026-02-25,bio,Komenského
2026-03-05,generic,Komenského
2026-03-11,paper,Komenského
2026-03-11,bio,Komenského
2026-03-19,generic,Komenského
2026-03-25,plastics,Komenského
2026-03-25,bio,Komenského
2026-04-02,generic,Komenského
2026-04-08,paper,Komenského
2026-04-08,bio,Komenského
2026-04-16,generic,Komenského
2026-04-22,plastics,Komenského
2026-04-22,bio,Komenského
2026-04-30,generic,Komenského
2026-05-06,paper,Komenského
2026-05-06,bio,Komenského
2026-05-14,generic,Komenského
2026-05-20,plastics,Komenského
2026-05-20,bio,Komenského
2026-05-28,generic,Komenského
2026-06-03,paper,Komenského
2026-06-03,bio,Komenského
2026-06-11,generic,Komenského
2026-06-17,plastics,Komenského
2026-06-17,bio,Komenského
2026-06-25,generic,Komenského
2026-07-01,paper,Komenského
2026-07-01,bio,Komenského
2026-07-09,generic,Komenského
2026-07-15,plastics,Komenského
2026-07-15,bio,Komenského
2026-07-23,generic,Komenského
2026-07-29,paper,Komenského
2026-07-29,bio,Komenského
2026-08-06,generic,Komenského
2026-08-12,plastics,Komenského
2026-08-12,bio,Komenského
2026-08-20,generic,Komenského
2026-08-26,paper,Komenského
2026-08-26,bio,Komenského
2026-09-03,generic,Komenského
2026-09-09,plastics,Komenského
2026-09-09,bio,Komenského
2026-09-17,generic,Komenského
2026-09-23,paper,Komenského
2026-09-23,bio,Komenského
2026-10-01,generic,Komenského
2026-10-07,plastics,Komenského
2026-10-07,bio,Komenského
2026-10-15,generic,Komenského
2026-10-21,paper,Komenského
2026-10-21,bio,Komenského
2026-10-29,generic,Komenského
2026-11-04,plastics,Komenského
2026-11-04,bio,Komenského
2026-11-12,generic,Komenského
2026-11-18,paper,Komenského
2026-11-18,bio,Komenského
2026-11-26,generic,Komenského
2026-12-02,plastics,Komenského
2026-12-02,bio,Komenského
2026-12-10,generic,Komenského
2026-12-16,paper,Komenského
2026-12-16,bio,Komenského
2026-12-24,generic,Komenského
2026-12-30,plastics,Komenského
2026-12-30,bio,Komenského
2026-01-06,generic,Kpt. Jaroše
2026-01-14,paper,Kpt. Jaroše
2026-01-14,bio,Kpt. Jaroše
2026-01-20,generic,Kpt. Jaroše
2026-01-28,plastics,Kpt. Jaroše
2026-01-28,bio,Kpt. Jaroše
2026-02-03,generic,Kpt. Jaroše
2026-02-11,paper,Kpt. Jaroše
2026-02-11,bio,Kpt. Jaroše
2026-02-17,generic,Kpt. Jaroše
2026-02-25,plastics,Kpt. Jaroše
2026-02-25,bio,Kpt. Jaroše
2026-03-03,generic,Kpt. Jaroše
2026-03-11,paper,Kpt. Jaroše
2026-03-11,bio,Kpt. Jaroše
2026-03-17,generic,Kpt. Jaroše
2026-03-25,plastics,Kpt. Jaroše
2026-03-25,bio,Kpt. Jaroše
2026-03-31,generic,Kpt. Jaroše
2026-04-08,paper,Kpt. Jaroše
2026-04-08,bio,Kpt. Jaroše
2026-04-14,generic,Kpt. Jaroše
2026-04-22,plastics,Kpt. Jaroše
2026-04-22,bio,Kpt. Jaroše
2026-04-28,generic,Kpt. Jaroše
2026-05-06,paper,Kpt. Jaroše
2026-05-06,bio,Kpt. Jaroše
2026-05-12,generic,Kpt. Jaroše
2026-05-20,plastics,Kpt. Jaroše
2026-05-20,bio,Kpt. Jaroše
2026-05-26,generic,Kpt. Jaroše
2026-06-03,paper,Kpt. Jaroše
2026-06-03,bio,Kpt. Jaroše
2026-06-09,generic,Kpt. Jaroše
2026-06-17,plastics,Kpt. Jaroše
2026-06-17,bio,Kpt. Jaroše
2026-06-23,generic,Kpt. Jaroše
2026-07-01,paper,Kpt. Jaroše
2026-07-01,bio,Kpt. Jaroše
2026-07-07,generic,Kpt. Jaroše
2026-07-15,plastics,Kpt. Jaroše
2026-07-15,bio,Kpt. Jaroše
2026-07-21,generic,Kpt. Jaroše
2026-07-29,paper,Kpt. Jaroše
2026-07-29,bio,Kpt. Jaroše
2026-08-04,generic,Kpt. Jaroše
2026-08-12,plastics,Kpt. Jaroše
2026-08-12,bio,Kpt. Jaroše
2026-08-18,generic,Kpt. Jaroše
2026-08-26,paper,Kpt. Jaroše
2026-08-26,bio,Kpt. Jaroše
2026-09-01,generic,Kpt. Jaroše
2026-09-09,plastics,Kpt. Jaroše
2026-09-09,bio,Kpt. Jaroše
2026-09-15,generic,Kpt. Jaroše
2026-09-23,paper,Kpt. Jaroše
2026-09-23,bio,Kpt. Jaroše
2026-09-29,generic,Kpt. Jaroše
2026-10-07,plastics,Kpt. Jaroše
2026-10-07,bio,Kpt. Jaroše
2026-10-13,generic,Kpt. Jaroše
2026-10-21,paper,Kpt. Jaroše
2026-10-21,bio,Kpt. Jaroše
2026-10-27,generic,Kpt. Jaroše
2026-11-04,plastics,Kpt. Jaroše
2026-11-04,bio,Kpt. Jaroše
2026-11-10,generic,Kpt. Jaroše
2026-11-18,paper,Kpt. Jaroše
2026-11-18,bio,Kpt. Jaroše
2026-11-24,generic,Kpt. Jaroše
2026-12-02,plastics,Kpt. Jaroše
2026-12-02,bio,Kpt. Jaroše
2026-12-08,generic,Kpt. Jaroše
2026-12-16,paper,Kpt. Jaroše
2026-12-16,bio,Kpt. Jaroše
2026-12-22,generic,Kpt. Jaroše
2026-12-30,plastics,Kpt. Jaroše
2026-12-30,bio,Kpt. Jaroše
2026-01-08,generic,Králíčkova
2026-01-14,paper,Králíčkova
2026-01-14,bio,Králíčkova
2026-01-22,generic,Králíčkova
2026-01-28,plastics,Králíčkova
2026-01-28,bio,Králíčkova
2026-02-05,generic,Králíčkova
2026-02-11,paper,Králíčkova
2026-02-11,bio,Králíčkova
2026-02-19,generic,Králíčkova
2026-02-25,plastics,Králíčkova
2026-02-25,bio,Králíčkova
2026-03-05,generic,Králíčkova
2026-03-11,paper,Králíčkova
2026-03-11,bio,Králíčkova
2026-03-19,generic,Králíčkova
2026-03-25,plastics,Králíčkova
2026-03-25,bio,Králíčkova
2026-04-02,generic,Králíčkova
2026-04-08,paper,Králíčkova
2026-04-08,bio,Králíčkova
2026-04-16,generic,Králíčkova
2026-04-22,plastics,Králíčkova
2026-04-22,bio,Králíčkova
2026-04-30,generic,Králíčkova
2026-05-06,paper,Králíčkova
2026-05-06,bio,Králíčkova
2026-05-14,generic,Králíčkova
2026-05-20,plastics,Králíčkova
2026-05-20,bio,Králíčkova
2026-05-28,generic,Králíčkova
2026-06-03,paper,Králíčkova
2026-06-03,bio,Králíčkova
2026-06-11,generic,Králíčkova
2026-06-17,plastics,Králíčkova
2026-06-17,bio,Králíčkova
2026-06-25,generic,Králíčkova
2026-07-01,paper,Králíčkova
2026-07-01,bio,Králíčkova
2026-07-09,generic,Králíčkova
2026-07-15,plastics,Králíčkova
2026-07-15,bio,Králíčkova
2026-07-23,generic,Králíčkova
2026-07-29,paper,Králíčkova
2026-07-29,bio,Králíčkova
2026-08-06,generic,Králíčkova
2026-08-12,plastics,Králíčkova
2026-08-12,bio,Králíčkova
2026-08-20,generic,Králíčkova
2026-08-26,paper,Králíčkova
2026-08-26,bio,Králíčkova
2026-09-03,generic,Králíčkova
2026-09-09,plastics,Králíčkova
2026-09-09,bio,Králíčkova
2026-09-17,generic,Králíčkova
2026-09-23,paper,Králíčkova
2026-09-23,bio,Králíčkova
2026-10-01,generic,Králíčkova
2026-10-07,plastics,Králíčkova
2026-10-07,bio,Králíčkova
2026-10-15,generic,Králíčkova
2026-10-21,paper,Králíčkova
2026-10-21,bio,Králíčkova
2026-10-29,generic,Králíčkova
2026-11-04,plastics,Králíčkova
2026-11-04,bio,Králíčkova
2026-11-12,generic,Králíčkova
2026-11-18,paper,Králíčkova
2026-11-18,bio,Králíčkova
2026-11-26,generic,Králíčkova
2026-12-02,plastics,Králíčkova
2026-12-02,bio,Králíčkova
2026-12-10,generic,Králíčkova
2026-12-16,paper,Králíčkova
2026-12-16,bio,Králíčkova
2026-12-24,generic,Králíčkova
2026-12-30,plastics,Králíčkova
2026-12-30,bio,Králíčkova
2026-01-08,generic,Krátká
2026-01-14,paper,Krátká
2026-01-14,bio,Krátká
2026-01-22,generic,Krátká
2026-01-28,plastics,Krátká
2026-01-28,bio,Krátká
2026-02-05,generic,Krátká
2026-02-11,paper,Krátká
2026-02-11,bio,Krátká
2026-02-19,generic,Krátká
2026-02-25,plastics,Krátká
2026-02-25,bio,Krátká
2026-03-05,generic,Krátká
2026-03-11,paper,Krátká
2026-03-11,bio,Krátká
2026-03-19,generic,Krátká
2026-03-25,plastics,Krátká
2026-03-25,bio,Krátká
2026-04-02,generic,Krátká
2026-04-08,paper,Krátká
2026-04-08,bio,Krátká
2026-04-16,generic,Krátká
2026-04-22,plastics,Krátká
2026-04-22,bio,Krátká
2026-04-30,generic,Krátká
2026-05-06,paper,Krátká
2026-05-06,bio,Krátká
2026-05-14,generic,Krátká
2026-05-20,plastics,Krátká
2026-05-20,bio,Krátká
2026-05-28,generic,Krátká
2026-06-03,paper,Krátká
2026-06-03,bio,Krátká
2026-06-11,generic,Krátká
2026-06-17,plastics,Krátká
2026-06-17,bio,Krátká
2026-06-25,generic,Krátká
2026-07-01,paper,Krátká
2026-07-01,bio,Krátká
2026-07-09,generic,Krátká
2026-07-15,plastics,Krátká
2026-07-15,bio,Krátká
2026-07-23,generic,Krátká
2026-07-29,paper,Krátká
2026-07-29,bio,Krátká
2026-08-06,generic,Krátká
2026-08-12,plastics,Krátká
2026-08-12,bio,Krátká
2026-08-20,generic,Krátká
2026-08-26,paper,Krátká
2026-08-26,bio,Krátká
2026-09-03,generic,Krátká
2026-09-09,plastics,Krátká
2026-09-09,bio,Krátká
2026-09-17,generic,Krátká
2026-09-23,paper,Krátká
2026-09-23,bio,Krátká
2026-10-01,generic,Krátká
2026-10-07,plastics,Krátká
2026-10-07,bio,Krátká
2026-10-15,generic,Krátká
2026-10-21,paper,Krátká
2026-10-21,bio,Krátká
2026-10-29,generic,Krátká
2026-11-04,plastics,Krátká
2026-11-04,bio,Krátká
2026-11-12,generic,Krátká
2026-11-18,paper,Krátká
2026-11-18,bio,Krátká
2026-11-26,generic,Krátká
2026-12-02,plastics,Krátká
2026-12-02,bio,Krátká
2026-12-10,generic,Krátká
2026-12-16,paper,Krátká
2026-12-16,bio,Krátká
2026-12-24,generic,Krátká
2026-12-30,plastics,Krátká
2026-12-30,bio,Krátká
2026-01-08,generic,Křižíkova
2026-01-14,paper,Křižíkova
2026-01-14,bio,Křižíkova
2026-01-22,generic,Křižíkova
2026-01-28,plastics,Křižíkova
2026-01-28,bio,Křižíkova
2026-02-05,generic,Křižíkova
2026-02-11,paper,Křižíkova
2026-02-11,bio,Křižíkova
2026-02-19,generic,Křižíkova
2026-02-25,plastics,Křižíkova
2026-02-25,bio,Křižíkova
2026-03-05,generic,Křižíkova
2026-03-11,paper,Křižíkova
2026-03-11,bio,Křižíkova
2026-03-19,generic,Křižíkova
2026-03-25,plastics,Křižíkova
2026-03-25,bio,Křižíkova
2026-04-02,generic,Křižíkova
2026-04-08,paper,Křižíkova
2026-04-08,bio,Křižíkova
2026-04-16,generic,Křižíkova
2026-04-22,plastics,Křižíkova
2026-04-22,bio,Křižíkova
2026-04-30,generic,Křižíkova
2026-05-06,paper,Křižíkova
2026-05-06,bio,Křižíkova
2026-05-14,generic,Křižíkova
2026-05-20,plastics,Křižíkova
2026-05-20,bio,Křižíkova
2026-05-28,generic,Křižíkova
2026-06-03,paper,Křižíkova
2026-06-03,bio,Křižíkova
2026-06-11,generic,Křižíkova
2026-06-17,plastics,Křižíkova
2026-06-17,bio,Křižíkova
2026-06-25,generic,Křižíkova
2026-07-01,paper,Křižíkova
2026-07-01,bio,Křižíkova
2026-07-09,generic,Křižíkova
2026-07-15,plastics,Křižíkova
2026-07-15,bio,Křižíkova
2026-07-23,generic,Křižíkova
2026-07-29,paper,Křižíkova
2026-07-29,bio,Křižíkova
2026-08-06,generic,Křižíkova
2026-08-12,plastics,Křižíkova
2026-08-12,bio,Křižíkova
2026-08-20,generic,Křižíkova
2026-08-26,paper,Křižíkova
2026-08-26,bio,Křižíkova
2026-09-03,generic,Křižíkova
2026-09-09,plastics,Křižíkova
2026-09-09,bio,Křižíkova
2026-09-17,generic,Křižíkova
2026-09-23,paper,Křižíkova
2026-09-23,bio,Křižíkova
2026-10-01,generic,Křižíkova
2026-10-07,plastics,Křižíkova
2026-10-07,bio,Křižíkova
2026-10-15,generic,Křižíkova
2026-10-21,paper,Křižíkova
2026-10-21,bio,Křižíkova
2026-10-29,generic,Křižíkova
2026-11-04,plastics,Křižíkova
2026-11-04,bio,Křižíkova
2026-11-12,generic,Křižíkova
2026-11-18,paper,Křižíkova
2026-11-18,bio,Křižíkova
2026-11-26,generic,Křižíkova
2026-12-02,plastics,Křižíkova
2026-12-02,bio,Křižíkova
2026-12-10,generic,Křižíkova
2026-12-16,paper,Křižíkova
2026-12-16,bio,Křižíkova
2026-12-24,generic,Křižíkova
2026-12-30,plastics,Křižíkova
2026-12-30,bio,Křižíkova
2026-01-08,generic,K Šibáku
2026-01-14,paper,K Šibáku
2026-01-14,bio,K Šibáku
2026-01-22,generic,K Šibáku
2026-01-28,plastics,K Šibáku
2026-01-28,bio,K Šibáku
2026-02-05,generic,K Šibáku
2026-02-11,paper,K Šibáku
2026-02-11,bio,K Šibáku
2026-02-19,generic,K Šibáku
2026-02-25,plastics,K Šibáku
2026-02-25,bio,K Šibáku
2026-03-05,generic,K Šibáku
2026-03-11,paper,K Šibáku
2026-03-11,bio,K Šibáku
2026-03-19,generic,K Šibáku
2026-03-25,plastics,K Šibáku
2026-03-25,bio,K Šibáku
2026-04-02,generic,K Šibáku
2026-04-08,paper,K Šibáku
2026-04-08,bio,K Šibáku
2026-04-16,generic,K Šibáku
2026-04-22,plastics,K Šibáku
2026-04-22,bio,K Šibáku
2026-04-30,generic,K Šibáku
2026-05-06,paper,K Šibáku
2026-05-06,bio,K Šibáku
2026-05-14,generic,K Šibáku
2026-05-20,plastics,K Šibáku
2026-05-20,bio,K Šibáku
2026-05-28,generic,K Šibáku
2026-06-03,paper,K Šibáku
2026-06-03,bio,K Šibáku
2026-06-11,generic,K Šibáku
2026-06-17,plastics,K Šibáku
2026-06-17,bio,K Šibáku
2026-06-25,generic,K Šibáku
2026-07-01,paper,K Šibáku
2026-07-01,bio,K Šibáku
2026-07-09,generic,K Šibáku
2026-07-15,plastics,K Šibáku
2026-07-15,bio,K Šibáku
2026-07-23,generic,K Šibáku
2026-07-29,paper,K Šibáku
2026-07-29,bio,K Šibáku
2026-08-06,generic,K Šibáku
2026-08-12,plastics,K Šibáku
2026-08-12,bio,K Šibáku
2026-08-20,generic,K Šibáku
2026-08-26,paper,K Šibáku
2026-08-26,bio,K Šibáku
2026-09-03,generic,K Šibáku
2026-09-09,plastics,K Šibáku
2026-09-09,bio,K Šibáku
2026-09-17,generic,K Šibáku
2026-09-23,paper,K Šibáku
2026-09-23,bio,K Šibáku
2026-10-01,generic,K Šibáku
2026-10-07,plastics,K Šibáku
2026-10-07,bio,K Šibáku
2026-10-15,generic,K Šibáku
2026-10-21,paper,K Šibáku
2026-10-21,bio,K Šibáku
2026-10-29,generic,K Šibáku
2026-11-04,plastics,K Šibáku
2026-11-04,bio,K Šibáku
2026-11-12,generic,K Šibáku
2026-11-18,paper,K Šibáku
2026-11-18,bio,K Šibáku
2026-11-26,generic,K Šibáku
2026-12-02,plastics,K Šibáku
2026-12-02,bio,K Šibáku
2026-12-10,generic,K Šibáku
2026-12-16,paper,K Šibáku
2026-12-16,bio,K Šibáku
2026-12-24,generic,K Šibáku
2026-12-30,plastics,K Šibáku
2026-12-30,bio,K Šibáku
2026-01-06,generic,Kupkova
2026-01-14,paper,Kupkova
2026-01-14,bio,Kupkova
2026-01-20,generic,Kupkova
2026-01-28,plastics,Kupkova
2026-01-28,bio,Kupkova
2026-02-03,generic,Kupkova
2026-02-11,paper,Kupkova
2026-02-11,bio,Kupkova
2026-02-17,generic,Kupkova
2026-02-25,plastics,Kupkova
2026-02-25,bio,Kupkova
2026-03-03,generic,Kupkova
2026-03-11,paper,Kupkova
2026-03-11,bio,Kupkova
2026-03-17,generic,Kupkova
2026-03-25,plastics,Kupkova
2026-03-25,bio,Kupkova
2026-03-31,generic,Kupkova
2026-04-08,paper,Kupkova
2026-04-08,bio,Kupkova
2026-04-14,generic,Kupkova
2026-04-22,plastics,Kupkova
2026-04-22,bio,Kupkova
2026-04-28,generic,Kupkova
2026-05-06,paper,Kupkova
2026-05-06,bio,Kupkova
2026-05-12,generic,Kupkova
2026-05-20,plastics,Kupkova
2026-05-20,bio,Kupkova
2026-05-26,generic,Kupkova
2026-06-03,paper,Kupkova
2026-06-03,bio,Kupkova
2026-06-09,generic,Kupkova
2026-06-17,plastics,Kupkova
2026-06-17,bio,Kupkova
2026-06-23,generic,Kupkova
2026-07-01,paper,Kupkova
2026-07-01,bio,Kupkova
2026-07-07,generic,Kupkova
2026-07-15,plastics,Kupkova
2026-07-15,bio,Kupkova
2026-07-21,generic,Kupkova
2026-07-29,paper,Kupkova
2026-07-29,bio,Kupkova
2026-08-04,generic,Kupkova
2026-08-12,plastics,Kupkova
2026-08-12,bio,Kupkova
2026-08-18,generic,Kupkova
2026-08-26,paper,Kupkova
2026-08-26,bio,Kupkova
2026-09-01,generic,Kupkova
2026-09-09,plastics,Kupkova
2026-09-09,bio,Kupkova
2026-09-15,generic,Kupkova
2026-09-23,paper,Kupkova
2026-09-23,bio,Kupkova
2026-09-29,generic,Kupkova
2026-10-07,plastics,Kupkova
2026-10-07,bio,Kupkova
2026-10-13,generic,Kupkova
2026-10-21,paper,Kupkova
2026-10-21,bio,Kupkova
2026-10-27,generic,Kupkova
2026-11-04,plastics,Kupkova
2026-11-04,bio,Kupkova
2026-11-10,generic,Kupkova
2026-11-18,paper,Kupkova
2026-11-18,bio,Kupkova
2026-11-24,generic,Kupkova
2026-12-02,plastics,Kupkova
2026-12-02,bio,Kupkova
2026-12-08,generic,Kupkova
2026-12-16,paper,Kupkova
2026-12-16,bio,Kupkova
2026-12-22,generic,Kupkova
2026-12-30,plastics,Kupkova
2026-12-30,bio,Kupkova
2026-01-06,generic,K Závodišti (křížení Ke Karlovu)
2026-01-14,paper,K Závodišti (křížení Ke Karlovu)
2026-01-14,bio,K Závodišti (křížení Ke Karlovu)
2026-01-20,generic,K Závodišti (křížení Ke Karlovu)
2026-01-28,plastics,K Závodišti (křížení Ke Karlovu)
2026-01-28,bio,K Závodišti (křížení Ke Karlovu)
2026-02-03,generic,K Závodišti (křížení Ke Karlovu)
2026-02-11,paper,K Závodišti (křížení Ke Karlovu)
2026-02-11,bio,K Závodišti (křížení Ke Karlovu)
2026-02-17,generic,K Závodišti (křížení Ke Karlovu)
2026-02-25,plastics,K Závodišti (křížení Ke Karlovu)
2026-02-25,bio,K Závodišti (křížení Ke Karlovu)
2026-03-03,generic,K Závodišti (křížení Ke Karlovu)
2026-03-11,paper,K Závodišti (křížení Ke Karlovu)
2026-03-11,bio,K Závodišti (křížení Ke Karlovu)
2026-03-17,generic,K Závodišti (křížení Ke Karlovu)
2026-03-25,plastics,K Závodišti (křížení Ke Karlovu)
2026-03-25,bio,K Závodišti (křížení Ke Karlovu)
2026-03-31,generic,K Závodišti (křížení Ke Karlovu)
2026-04-08,paper,K Závodišti (křížení Ke Karlovu)
2026-04-08,bio,K Závodišti (křížení Ke Karlovu)
2026-04-14,generic,K Závodišti (křížení Ke Karlovu)
2026-04-22,plastics,K Závodišti (křížení Ke Karlovu)
2026-04-22,bio,K Závodišti (křížení Ke Karlovu)
2026-04-28,generic,K Závodišti (křížení Ke Karlovu)
2026-05-06,paper,K Závodišti (křížení Ke Karlovu)
2026-05-06,bio,K Závodišti (křížení Ke Karlovu)
2026-05-12,generic,K Závodišti (křížení Ke Karlovu)
2026-05-20,plastics,K Závodišti (křížení Ke Karlovu)
2026-05-20,bio,K Závodišti (křížení Ke Karlovu)
2026-05-26,generic,K Závodišti (křížení Ke Karlovu)
2026-06-03,paper,K Závodišti (křížení Ke Karlovu)
2026-06-03,bio,K Závodišti (křížení Ke Karlovu)
2026-06-09,generic,K Závodišti (křížení Ke Karlovu)
2026-06-17,plastics,K Závodišti (křížení Ke Karlovu)
2026-06-17,bio,K Závodišti (křížení Ke Karlovu)
2026-06-23,generic,K Závodišti (křížení Ke Karlovu)
2026-07-01,paper,K Závodišti (křížení Ke Karlovu)
2026-07-01,bio,K Závodišti (křížení Ke Karlovu)
2026-07-07,generic,K Závodišti (křížení Ke Karlovu)
2026-07-15,plastics,K Závodišti (křížení Ke Karlovu)
2026-07-15,bio,K Závodišti (křížení Ke Karlovu)
2026-07-21,generic,K Závodišti (křížení Ke Karlovu)
2026-07-29,paper,K Závodišti (křížení Ke Karlovu)
2026-07-29,bio,K Závodišti (křížení Ke Karlovu)
2026-08-04,generic,K Závodišti (křížení Ke Karlovu)
2026-08-12,plastics,K Závodišti (křížení Ke Karlovu)
2026-08-12,bio,K Závodišti (křížení Ke Karlovu)
2026-08-18,generic,K Závodišti (křížení Ke Karlovu)
2026-08-26,paper,K Závodišti (křížení Ke Karlovu)
2026-08-26,bio,K Závodišti (křížení Ke Karlovu)
2026-09-01,generic,K Závodišti (křížení Ke Karlovu)
2026-09-09,plastics,K Závodišti (křížení Ke Karlovu)
2026-09-09,bio,K Závodišti (křížení Ke Karlovu)
2026-09-15,generic,K Závodišti (křížení Ke Karlovu)
2026-09-23,paper,K Závodišti (křížení Ke Karlovu)
2026-09-23,bio,K Závodišti (křížení Ke Karlovu)
2026-09-29,generic,K Závodišti (křížení Ke Karlovu)
2026-10-07,plastics,K Závodišti (křížení Ke Karlovu)
2026-10-07,bio,K Závodišti (křížení Ke Karlovu)
2026-10-13,generic,K Závodišti (křížení Ke Karlovu)
2026-10-21,paper,K Závodišti (křížení Ke Karlovu)
2026-10-21,bio,K Závodišti (křížení Ke Karlovu)
2026-10-27,generic,K Závodišti (křížení Ke Karlovu)
2026-11-04,plastics,K Závodišti (křížení Ke Karlovu)
2026-11-04,bio,K Závodišti (křížení Ke Karlovu)
2026-11-10,generic,K Závodišti (křížení Ke Karlovu)
2026-11-18,paper,K Závodišti (křížení Ke Karlovu)
2026-11-18,bio,K Závodišti (křížení Ke Karlovu)
2026-11-24,generic,K Závodišti (křížení Ke Karlovu)
2026-12-02,plastics,K Závodišti (křížení Ke Karlovu)
2026-12-02,bio,K Závodišti (křížení Ke Karlovu)
2026-12-08,generic,K Závodišti (křížení Ke Karlovu)
2026-12-16,paper,K Závodišti (křížení Ke Karlovu)
2026-12-16,bio,K Závodišti (křížení Ke Karlovu)
2026-12-22,generic,K Závodišti (křížení Ke Karlovu)
2026-12-30,plastics,K Závodišti (křížení Ke Karlovu)
2026-12-30,bio,K Závodišti (křížení Ke Karlovu)
2026-01-08,generic,Legionářská
2026-01-14,paper,Legionářská
2026-01-14,bio,Legionářská
2026-01-22,generic,Legionářská
2026-01-28,plastics,Legionářská
2026-01-28,bio,Legionářská
2026-02-05,generic,Legionářská
2026-02-11,paper,Legionářská
2026-02-11,bio,Legionářská
2026-02-19,generic,Legionářská
2026-02-25,plastics,Legionářská
2026-02-25,bio,Legionářská
2026-03-05,generic,Legionářská
2026-03-11,paper,Legionářská
2026-03-11,bio,Legionářská
2026-03-19,generic,Legionářská
2026-03-25,plastics,Legionářská
2026-03-25,bio,Legionářská
2026-04-02,generic,Legionářská
2026-04-08,paper,Legionářská
2026-04-08,bio,Legionářská
2026-04-16,generic,Legionářská
2026-04-22,plastics,Legionářská
2026-04-22,bio,Legionářská
2026-04-30,generic,Legionářská
2026-05-06,paper,Legionářská
2026-05-06,bio,Legionářská
2026-05-14,generic,Legionářská
2026-05-20,plastics,Legionářská
2026-05-20,bio,Legionářská
2026-05-28,generic,Legionářská
2026-06-03,paper,Legionářská
2026-06-03,bio,Legionářská
2026-06-11,generic,Legionářská
2026-06-17,plastics,Legionářská
2026-06-17,bio,Legionářská
2026-06-25,generic,Legionářská
2026-07-01,paper,Legionářská
2026-07-01,bio,Legionářská
2026-07-09,generic,Legionářská
2026-07-15,plastics,Legionářská
2026-07-15,bio,Legionářská
2026-07-23,generic,Legionářská
2026-07-29,paper,Legionářská
2026-07-29,bio,Legionářská
2026-08-06,generic,Legionářská
2026-08-12,plastics,Legionářská
2026-08-12,bio,Legionářská
2026-08-20,generic,Legionářská
2026-08-26,paper,Legionářská
2026-08-26,bio,Legionářská
2026-09-03,generic,Legionářská
2026-09-09,plastics,Legionářská
2026-09-09,bio,Legionářská
2026-09-17,generic,Legionářská
2026-09-23,paper,Legionářská
2026-09-23,bio,Legionářská
2026-10-01,generic,Legionářská
2026-10-07,plastics,Legionářská
2026-10-07,bio,Legionářská
2026-10-15,generic,Legionářská
2026-10-21,paper,Legionářská
2026-10-21,bio,Legionářská
2026-10-29,generic,Legionářská
2026-11-04,plastics,Legionářská
2026-11-04,bio,Legionářská
2026-11-12,generic,Legionářská
2026-11-18,paper,Legionářská
2026-11-18,bio,Legionářská
2026-11-26,generic,Legionářská
2026-12-02,plastics,Legionářská
2026-12-02,bio,Legionářská
2026-12-10,generic,Legionářská
2026-12-16,paper,Legionářská
2026-12-16,bio,Legionářská
2026-12-24,generic,Legionářská
2026-12-30,plastics,Legionářská
2026-12-30,bio,Legionářská
2026-01-08,generic,Lidická
2026-01-14,paper,Lidická
2026-01-14,bio,Lidická
2026-01-22,generic,Lidická
2026-01-28,plastics,Lidická
2026-01-28,bio,Lidická
2026-02-05,generic,Lidická
2026-02-11,paper,Lidická
2026-02-11,bio,Lidická
2026-02-19,generic,Lidická
2026-02-25,plastics,Lidická
2026-02-25,bio,Lidická
2026-03-05,generic,Lidická
2026-03-11,paper,Lidická
2026-03-11,bio,Lidická
2026-03-19,generic,Lidická
2026-03-25,plastics,Lidická
2026-03-25,bio,Lidická
2026-04-02,generic,Lidická
2026-04-08,paper,Lidická
2026-04-08,bio,Lidická
2026-04-16,generic,Lidická
2026-04-22,plastics,Lidická
2026-04-22,bio,Lidická
2026-04-30,generic,Lidická
2026-05-06,paper,Lidická
2026-05-06,bio,Lidická
2026-05-14,generic,Lidická
2026-05-20,plastics,Lidická
2026-05-20,bio,Lidická
2026-05-28,generic,Lidická
2026-06-03,paper,Lidická
2026-06-03,bio,Lidická
2026-06-11,generic,Lidická
2026-06-17,plastics,Lidická
2026-06-17,bio,Lidická
2026-06-25,generic,Lidická
2026-07-01,paper,Lidická
2026-07-01,bio,Lidická
2026-07-09,generic,Lidická
2026-07-15,plastics,Lidická
2026-07-15,bio,Lidická
2026-07-23,generic,Lidická
2026-07-29,paper,Lidická
2026-07-29,bio,Lidická
2026-08-06,generic,Lidická
2026-08-12,plastics,Lidická
2026-08-12,bio,Lidická
2026-08-20,generic,Lidická
2026-08-26,paper,Lidická
2026-08-26,bio,Lidická
2026-09-03,generic,Lidická
2026-09-09,plastics,Lidická
2026-09-09,bio,Lidická
2026-09-17,generic,Lidická
2026-09-23,paper,Lidická
2026-09-23,bio,Lidická
2026-10-01,generic,Lidická
2026-10-07,plastics,Lidická
2026-10-07,bio,Lidická
2026-10-15,generic,Lidická
2026-10-21,paper,Lidická
2026-10-21,bio,Lidická
2026-10-29,generic,Lidická
2026-11-04,plastics,Lidická
2026-11-04,bio,Lidická
2026-11-12,generic,Lidická
2026-11-18,paper,Lidická
2026-11-18,bio,Lidická
2026-11-26,generic,Lidická
2026-12-02,plastics,Lidická
2026-12-02,bio,Lidická
2026-12-10,generic,Lidická
2026-12-16,paper,Lidická
2026-12-16,bio,Lidická
2026-12-24,generic,Lidická
2026-12-30,plastics,Lidická
2026-12-30,bio,Lidická
2026-01-07,generic,Lipová
2026-01-14,paper,Lipová
2026-01-14,bio,Lipová
2026-01-21,generic,Lipová
2026-01-28,plastics,Lipová
2026-01-28,bio,Lipová
2026-02-04,generic,Lipová
2026-02-11,paper,Lipová
2026-02-11,bio,Lipová
2026-02-18,generic,Lipová
2026-02-25,plastics,Lipová
2026-02-25,bio,Lipová
2026-03-04,generic,Lipová
2026-03-11,paper,Lipová
2026-03-11,bio,Lipová
2026-03-18,generic,Lipová
2026-03-25,plastics,Lipová
2026-03-25,bio,Lipová
2026-04-01,generic,Lipová
2026-04-08,paper,Lipová
2026-04-08,bio,Lipová
2026-04-15,generic,Lipová
2026-04-22,plastics,Lipová
2026-04-22,bio,Lipová
2026-04-29,generic,Lipová
2026-05-06,paper,Lipová
2026-05-06,bio,Lipová
2026-05-13,generic,Lipová
2026-05-20,plastics,Lipová
2026-05-20,bio,Lipová
2026-05-27,generic,Lipová
2026-06-03,paper,Lipová
2026-06-03,bio,Lipová
2026-06-10,generic,Lipová
2026-06-17,plastics,Lipová
2026-06-17,bio,Lipová
2026-06-24,generic,Lipová
2026-07-01,paper,Lipová
2026-07-01,bio,Lipová
2026-07-08,generic,Lipová
2026-07-15,plastics,Lipová
2026-07-15,bio,Lipová
2026-07-22,generic,Lipová
2026-07-29,paper,Lipová
2026-07-29,bio,Lipová
2026-08-05,generic,Lipová
2026-08-12,plastics,Lipová
2026-08-12,bio,Lipová
2026-08-19,generic,Lipová
2026-08-26,paper,Lipová
2026-08-26,bio,Lipová
2026-09-02,generic,Lipová
2026-09-09,plastics,Lipová
2026-09-09,bio,Lipová
2026-09-16,generic,Lipová
2026-09-23,paper,Lipová
2026-09-23,bio,Lipová
2026-09-30,generic,Lipová
2026-10-07,plastics,Lipová
2026-10-07,bio,Lipová
2026-10-14,generic,Lipová
2026-10-21,paper,Lipová
2026-10-21,bio,Lipová
2026-10-28,generic,Lipová
2026-11-04,plastics,Lipová
2026-11-04,bio,Lipová
2026-11-11,generic,Lipová
2026-11-18,paper,Lipová
2026-11-18,bio,Lipová
2026-11-25,generic,Lipová
2026-12-02,plastics,Lipová
2026-12-02,bio,Lipová
2026-12-09,generic,Lipová
2026-12-16,paper,Lipová
2026-12-16,bio,Lipová
2026-12-23,generic,Lipová
2026-12-30,plastics,Lipová
2026-12-30,bio,Lipová
2026-01-06,generic,Lom
2026-01-14,paper,Lom
2026-01-14,bio,Lom
2026-01-20,generic,Lom
2026-01-28,plastics,Lom
2026-01-28,bio,Lom
2026-02-03,generic,Lom
2026-02-11,paper,Lom
2026-02-11,bio,Lom
2026-02-17,generic,Lom
2026-02-25,plastics,Lom
2026-02-25,bio,Lom
2026-03-03,generic,Lom
2026-03-11,paper,Lom
2026-03-11,bio,Lom
2026-03-17,generic,Lom
2026-03-25,plastics,Lom
2026-03-25,bio,Lom
2026-03-31,generic,Lom
2026-04-08,paper,Lom
2026-04-08,bio,Lom
2026-04-14,generic,Lom
2026-04-22,plastics,Lom
2026-04-22,bio,Lom
2026-04-28,generic,Lom
2026-05-06,paper,Lom
2026-05-06,bio,Lom
2026-05-12,generic,Lom
2026-05-20,plastics,Lom
2026-05-20,bio,Lom
2026-05-26,generic,Lom
2026-06-03,paper,Lom
2026-06-03,bio,Lom
2026-06-09,generic,Lom
2026-06-17,plastics,Lom
2026-06-17,bio,Lom
2026-06-23,generic,Lom
2026-07-01,paper,Lom
2026-07-01,bio,Lom
2026-07-07,generic,Lom
2026-07-15,plastics,Lom
2026-07-15,bio,Lom
2026-07-21,generic,Lom
2026-07-29,paper,Lom
2026-07-29,bio,Lom
2026-08-04,generic,Lom
2026-08-12,plastics,Lom
2026-08-12,bio,Lom
2026-08-18,generic,Lom
2026-08-26,paper,Lom
2026-08-26,bio,Lom
2026-09-01,generic,Lom
2026-09-09,plastics,Lom
2026-09-09,bio,Lom
2026-09-15,generic,Lom
2026-09-23,paper,Lom
2026-09-23,bio,Lom
2026-09-29,generic,Lom
2026-10-07,plastics,Lom
2026-10-07,bio,Lom
2026-10-13,generic,Lom
2026-10-21,paper,Lom
2026-10-21,bio,Lom
2026-10-27,generic,Lom
2026-11-04,plastics,Lom
2026-11-04,bio,Lom
2026-11-10,generic,Lom
2026-11-18,paper,Lom
2026-11-18,bio,Lom
2026-11-24,generic,Lom
2026-12-02,plastics,Lom
2026-12-02,bio,Lom
2026-12-08,generic,Lom
2026-12-16,paper,Lom
2026-12-16,bio,Lom
2026-12-22,generic,Lom
2026-12-30,plastics,Lom
2026-12-30,bio,Lom
2026-01-09,generic,Luční
2026-01-14,paper,Luční
2026-01-14,bio,Luční
2026-01-23,generic,Luční
2026-01-28,plastics,Luční
2026-01-28,bio,Luční
2026-02-06,generic,Luční
2026-02-11,paper,Luční
2026-02-11,bio,Luční
2026-02-20,generic,Luční
2026-02-25,plastics,Luční
2026-02-25,bio,Luční
2026-03-06,generic,Luční
2026-03-11,paper,Luční
2026-03-11,bio,Luční
2026-03-20,generic,Luční
2026-03-25,plastics,Luční
2026-03-25,bio,Luční
2026-04-03,generic,Luční
2026-04-08,paper,Luční
2026-04-08,bio,Luční
2026-04-17,generic,Luční
2026-04-22,plastics,Luční
2026-04-22,bio,Luční
2026-05-01,generic,Luční
2026-05-06,paper,Luční
2026-05-06,bio,Luční
2026-05-15,generic,Luční
2026-05-20,plastics,Luční
2026-05-20,bio,Luční
2026-05-29,generic,Luční
2026-06-03,paper,Luční
2026-06-03,bio,Luční
2026-06-12,generic,Luční
2026-06-17,plastics,Luční
2026-06-17,bio,Luční
2026-06-26,generic,Luční
2026-07-01,paper,Luční
2026-07-01,bio,Luční
2026-07-10,generic,Luční
2026-07-15,plastics,Luční
2026-07-15,bio,Luční
2026-07-24,generic,Luční
2026-07-29,paper,Luční
2026-07-29,bio,Luční
2026-08-07,generic,Luční
2026-08-12,plastics,Luční
2026-08-12,bio,Luční
2026-08-21,generic,Luční
2026-08-26,paper,Luční
2026-08-26,bio,Luční
2026-09-04,generic,Luční
2026-09-09,plastics,Luční
2026-09-09,bio,Luční
2026-09-18,generic,Luční
2026-09-23,paper,Luční
2026-09-23,bio,Luční
2026-10-02,generic,Luční
2026-10-07,plastics,Luční
2026-10-07,bio,Luční
2026-10-16,generic,Luční
2026-10-21,paper,Luční
2026-10-21,bio,Luční
2026-10-30,generic,Luční
2026-11-04,plastics,Luční
2026-11-04,bio,Luční
2026-11-13,generic,Luční
2026-11-18,paper,Luční
2026-11-18,bio,Luční
2026-11-27,generic,Luční
2026-12-02,plastics,Luční
2026-12-02,bio,Luční
2026-12-11,generic,Luční
2026-12-16,paper,Luční
2026-12-16,bio,Luční
2026-12-25,generic,Luční
2026-12-30,plastics,Luční
2026-12-30,bio,Luční
2026-01-06,generic,Máchova
2026-01-14,paper,Máchova
2026-01-14,bio,Máchova
2026-01-20,generic,Máchova
2026-01-28,plastics,Máchova
2026-01-28,bio,Máchova
2026-02-03,generic,Máchova
2026-02-11,paper,Máchova
2026-02-11,bio,Máchova
2026-02-17,generic,Máchova
2026-02-25,plastics,Máchova
2026-02-25,bio,Máchova
2026-03-03,generic,Máchova
2026-03-11,paper,Máchova
2026-03-11,bio,Máchova
2026-03-17,generic,Máchova
2026-03-25,plastics,Máchova
2026-03-25,bio,Máchova
2026-03-31,generic,Máchova
2026-04-08,paper,Máchova
2026-04-08,bio,Máchova
2026-04-14,generic,Máchova
2026-04-22,plastics,Máchova
2026-04-22,bio,Máchova
2026-04-28,generic,Máchova
2026-05-06,paper,Máchova
2026-05-06,bio,Máchova
2026-05-12,generic,Máchova
2026-05-20,plastics,Máchova
2026-05-20,bio,Máchova
2026-05-26,generic,Máchova
2026-06-03,paper,Máchova
2026-06-03,bio,Máchova
2026-06-09,generic,Máchova
2026-06-17,plastics,Máchova
2026-06-17,bio,Máchova
2026-06-23,generic,Máchova
2026-07-01,paper,Máchova
2026-07-01,bio,Máchova
2026-07-07,generic,Máchova
2026-07-15,plastics,Máchova
2026-07-15,bio,Máchova
2026-07-21,generic,Máchova
2026-07-29,paper,Máchova
2026-07-29,bio,Máchova
2026-08-04,generic,Máchova
2026-08-12,plastics,Máchova
2026-08-12,bio,Máchova
2026-08-18,generic,Máchova
2026-08-26,paper,Máchova
2026-08-26,bio,Máchova
2026-09-01,generic,Máchova
2026-09-09,plastics,Máchova
2026-09-09,bio,Máchova
2026-09-15,generic,Máchova
2026-09-23,paper,Máchova
2026-09-23,bio,Máchova
2026-09-29,generic,Máchova
2026-10-07,plastics,Máchova
2026-10-07,bio,Máchova
2026-10-13,generic,Máchova
2026-10-21,paper,Máchova
2026-10-21,bio,Máchova
2026-10-27,generic,Máchova
2026-11-04,plastics,Máchova
2026-11-04,bio,Máchova
2026-11-10,generic,Máchova
2026-11-18,paper,Máchova
2026-11-18,bio,Máchova
2026-11-24,generic,Máchova
2026-12-02,plastics,Máchova
2026-12-02,bio,Máchova
2026-12-08,generic,Máchova
2026-12-16,paper,Máchova
2026-12-16,bio,Máchova
2026-12-22,generic,Máchova
2026-12-30,plastics,Máchova
2026-12-30,bio,Máchova
2026-01-08,generic,Mánesova
2026-01-14,paper,Mánesova
2026-01-14,bio,Mánesova
2026-01-22,generic,Mánesova
2026-01-28,plastics,Mánesova
2026-01-28,bio,Mánesova
2026-02-05,generic,Mánesova
2026-02-11,paper,Mánesova
2026-02-11,bio,Mánesova
2026-02-19,generic,Mánesova
2026-02-25,plastics,Mánesova
2026-02-25,bio,Mánesova
2026-03-05,generic,Mánesova
2026-03-11,paper,Mánesova
2026-03-11,bio,Mánesova
2026-03-19,generic,Mánesova
2026-03-25,plastics,Mánesova
2026-03-25,bio,Mánesova
2026-04-02,generic,Mánesova
2026-04-08,paper,Mánesova
2026-04-08,bio,Mánesova
2026-04-16,generic,Mánesova
2026-04-22,plastics,Mánesova
2026-04-22,bio,Mánesova
2026-04-30,generic,Mánesova
2026-05-06,paper,Mánesova
2026-05-06,bio,Mánesova
2026-05-14,generic,Mánesova
2026-05-20,plastics,Mánesova
2026-05-20,bio,Mánesova
2026-05-28,generic,Mánesova
2026-06-03,paper,Mánesova
2026-06-03,bio,Mánesova
2026-06-11,generic,Mánesova
2026-06-17,plastics,Mánesova
2026-06-17,bio,Mánesova
2026-06-25,generic,Mánesova
2026-07-01,paper,Mánesova
2026-07-01,bio,Mánesova
2026-07-09,generic,Mánesova
2026-07-15,plastics,Mánesova
2026-07-15,bio,Mánesova
2026-07-23,generic,Mánesova
2026-07-29,paper,Mánesova
2026-07-29,bio,Mánesova
2026-08-06,generic,Mánesova
2026-08-12,plastics,Mánesova
2026-08-12,bio,Mánesova
2026-08-20,generic,Mánesova
2026-08-26,paper,Mánesova
2026-08-26,bio,Mánesova
2026-09-03,generic,Mánesova
2026-09-09,plastics,Mánesova
2026-09-09,bio,Mánesova
2026-09-17,generic,Mánesova
2026-09-23,paper,Mánesova
2026-09-23,bio,Mánesova
2026-10-01,generic,Mánesova
2026-10-07,plastics,Mánesova
2026-10-07,bio,Mánesova
2026-10-15,generic,Mánesova
2026-10-21,paper,Mánesova
2026-10-21,bio,Mánesova
2026-10-29,generic,Mánesova
2026-11-04,plastics,Mánesova
2026-11-04,bio,Mánesova
2026-11-12,generic,Mánesova
2026-11-18,paper,Mánesova
2026-11-18,bio,Mánesova
2026-11-26,generic,Mánesova
2026-12-02,plastics,Mánesova
2026-12-02,bio,Mánesova
2026-12-10,generic,Mánesova
2026-12-16,paper,Mánesova
2026-12-16,bio,Mánesova
2026-12-24,generic,Mánesova
2026-12-30,plastics,Mánesova
2026-12-30,bio,Mánesova
2026-01-06,generic,Masarykova
2026-01-14,paper,Masarykova
2026-01-14,bio,Masarykova
2026-01-20,generic,Masarykova
2026-01-28,plastics,Masarykova
2026-01-28,bio,Masarykova
2026-02-03,generic,Masarykova
2026-02-11,paper,Masarykova
2026-02-11,bio,Masarykova
2026-02-17,generic,Masarykova
2026-02-25,plastics,Masarykova
2026-02-25,bio,Masarykova
2026-03-03,generic,Masarykova
2026-03-11,paper,Masarykova
2026-03-11,bio,Masarykova
2026-03-17,generic,Masarykova
2026-03-25,plastics,Masarykova
2026-03-25,bio,Masarykova
2026-03-31,generic,Masarykova
2026-04-08,paper,Masarykova
2026-04-08,bio,Masarykova
2026-04-14,generic,Masarykova
2026-04-22,plastics,Masarykova
2026-04-22,bio,Masarykova
2026-04-28,generic,Masarykova
2026-05-06,paper,Masarykova
2026-05-06,bio,Masarykova
2026-05-12,generic,Masarykova
2026-05-20,plastics,Masarykova
2026-05-20,bio,Masarykova
2026-05-26,generic,Masarykova
2026-06-03,paper,Masarykova
2026-06-03,bio,Masarykova
2026-06-09,generic,Masarykova
2026-06-17,plastics,Masarykova
2026-06-17,bio,Masarykova
2026-06-23,generic,Masarykova
2026-07-01,paper,Masarykova
2026-07-01,bio,Masarykova
2026-07-07,generic,Masarykova
2026-07-15,plastics,Masarykova
2026-07-15,bio,Masarykova
2026-07-21,generic,Masarykova
2026-07-29,paper,Masarykova
2026-07-29,bio,Masarykova
2026-08-04,generic,Masarykova
2026-08-12,plastics,Masarykova
2026-08-12,bio,Masarykova
2026-08-18,generic,Masarykova
2026-08-26,paper,Masarykova
2026-08-26,bio,Masarykova
2026-09-01,generic,Masarykova
2026-09-09,plastics,Masarykova
2026-09-09,bio,Masarykova
2026-09-15,generic,Masarykova
2026-09-23,paper,Masarykova
2026-09-23,bio,Masarykova
2026-09-29,generic,Masarykova
2026-10-07,plastics,Masarykova
2026-10-07,bio,Masarykova
2026-10-13,generic,Masarykova
2026-10-21,paper,Masarykova
2026-10-21,bio,Masarykova
2026-10-27,generic,Masarykova
2026-11-04,plastics,Masarykova
2026-11-04,bio,Masarykova
2026-11-10,generic,Masarykova
2026-11-18,paper,Masarykova
2026-11-18,bio,Masarykova
2026-11-24,generic,Masarykova
2026-12-02,plastics,Masarykova
2026-12-02,bio,Masarykova
2026-12-08,generic,Masarykova
2026-12-16,paper,Masarykova
2026-12-16,bio,Masarykova
2026-12-22,generic,Masarykova
2026-12-30,plastics,Masarykova
2026-12-30,bio,Masarykova
2026-01-08,generic,Mírová
2026-01-14,paper,Mírová
2026-01-14,bio,Mírová
2026-01-22,generic,Mírová
2026-01-28,plastics,Mírová
2026-01-28,bio,Mírová
2026-02-05,generic,Mírová
2026-02-11,paper,Mírová
2026-02-11,bio,Mírová
2026-02-19,generic,Mírová
2026-02-25,plastics,Mírová
2026-02-25,bio,Mírová
2026-03-05,generic,Mírová
2026-03-11,paper,Mírová
2026-03-11,bio,Mírová
2026-03-19,generic,Mírová
2026-03-25,plastics,Mírová
2026-03-25,bio,Mírová
2026-04-02,generic,Mírová
2026-04-08,paper,Mírová
2026-04-08,bio,Mírová
2026-04-16,generic,Mírová
2026-04-22,plastics,Mírová
2026-04-22,bio,Mírová
2026-04-30,generic,Mírová
2026-05-06,paper,Mírová
2026-05-06,bio,Mírová
2026-05-14,generic,Mírová
2026-05-20,plastics,Mírová
2026-05-20,bio,Mírová
2026-05-28,generic,Mírová
2026-06-03,paper,Mírová
2026-06-03,bio,Mírová
2026-06-11,generic,Mírová
2026-06-17,plastics,Mírová
2026-06-17,bio,Mírová
2026-06-25,generic,Mírová
2026-07-01,paper,Mírová
2026-07-01,bio,Mírová
2026-07-09,generic,Mírová
2026-07-15,plastics,Mírová
2026-07-15,bio,Mírová
2026-07-23,generic,Mírová
2026-07-29,paper,Mírová
2026-07-29,bio,Mírová
2026-08-06,generic,Mírová
2026-08-12,plastics,Mírová
2026-08-12,bio,Mírová
2026-08-20,generic,Mírová
2026-08-26,paper,Mírová
2026-08-26,bio,Mírová
2026-09-03,generic,Mírová
2026-09-09,plastics,Mírová
2026-09-09,bio,Mírová
2026-09-17,generic,Mírová
2026-09-23,paper,Mírová
2026-09-23,bio,Mírová
2026-10-01,generic,Mírová
2026-10-07,plastics,Mírová
2026-10-07,bio,Mírová
2026-10-15,generic,Mírová
2026-10-21,paper,Mírová
2026-10-21,bio,Mírová
2026-10-29,generic,Mírová
2026-11-04,plastics,Mírová
2026-11-04,bio,Mírová
2026-11-12,generic,Mírová
2026-11-18,paper,Mírová
2026-11-18,bio,Mírová
2026-11-26,generic,Mírová
2026-12-02,plastics,Mírová
2026-12-02,bio,Mírová
2026-12-10,generic,Mírová
2026-12-16,paper,Mírová
2026-12-16,bio,Mírová
2026-12-24,generic,Mírová
2026-12-30,plastics,Mírová
2026-12-30,bio,Mírová
2026-01-07,generic,Mladá
2026-01-14,paper,Mladá
2026-01-14,bio,Mladá
2026-01-21,generic,Mladá
2026-01-28,plastics,Mladá
2026-01-28,bio,Mladá
2026-02-04,generic,Mladá
2026-02-11,paper,Mladá
2026-02-11,bio,Mladá
2026-02-18,generic,Mladá
2026-02-25,plastics,Mladá
2026-02-25,bio,Mladá
2026-03-04,generic,Mladá
2026-03-11,paper,Mladá
2026-03-11,bio,Mladá
2026-03-18,generic,Mladá
2026-03-25,plastics,Mladá
2026-03-25,bio,Mladá
2026-04-01,generic,Mladá
2026-04-08,paper,Mladá
2026-04-08,bio,Mladá
2026-04-15,generic,Mladá
2026-04-22,plastics,Mladá
2026-04-22,bio,Mladá
2026-04-29,generic,Mladá
2026-05-06,paper,Mladá
2026-05-06,bio,Mladá
2026-05-13,generic,Mladá
2026-05-20,plastics,Mladá
2026-05-20,bio,Mladá
2026-05-27,generic,Mladá
2026-06-03,paper,Mladá
2026-06-03,bio,Mladá
2026-06-10,generic,Mladá
2026-06-17,plastics,Mladá
2026-06-17,bio,Mladá
2026-06-24,generic,Mladá
2026-07-01,paper,Mladá
2026-07-01,bio,Mladá
2026-07-08,generic,Mladá
2026-07-15,plastics,Mladá
2026-07-15,bio,Mladá
2026-07-22,generic,Mladá
2026-07-29,paper,Mladá
2026-07-29,bio,Mladá
2026-08-05,generic,Mladá
2026-08-12,plastics,Mladá
2026-08-12,bio,Mladá
2026-08-19,generic,Mladá
2026-08-26,paper,Mladá
2026-08-26,bio,Mladá
2026-09-02,generic,Mladá
2026-09-09,plastics,Mladá
2026-09-09,bio,Mladá
2026-09-16,generic,Mladá
2026-09-23,paper,Mladá
2026-09-23,bio,Mladá
2026-09-30,generic,Mladá
2026-10-07,plastics,Mladá
2026-10-07,bio,Mladá
2026-10-14,generic,Mladá
2026-10-21,paper,Mladá
2026-10-21,bio,Mladá
2026-10-28,generic,Mladá
2026-11-04,plastics,Mladá
2026-11-04,bio,Mladá
2026-11-11,generic,Mladá
2026-11-18,paper,Mladá
2026-11-18,bio,Mladá
2026-11-25,generic,Mladá
2026-12-02,plastics,Mladá
2026-12-02,bio,Mladá
2026-12-09,generic,Mladá
2026-12-16,paper,Mladá
2026-12-16,bio,Mladá
2026-12-23,generic,Mladá
2026-12-30,plastics,Mladá
2026-12-30,bio,Mladá
2026-01-06,generic,Muchova
2026-01-14,paper,Muchova
2026-01-14,bio,Muchova
2026-01-20,generic,Muchova
2026-01-28,plastics,Muchova
2026-01-28,bio,Muchova
2026-02-03,generic,Muchova
2026-02-11,paper,Muchova
2026-02-11,bio,Muchova
2026-02-17,generic,Muchova
2026-02-25,plastics,Muchova
2026-02-25,bio,Muchova
2026-03-03,generic,Muchova
2026-03-11,paper,Muchova
2026-03-11,bio,Muchova
2026-03-17,generic,Muchova
2026-03-25,plastics,Muchova
2026-03-25,bio,Muchova
2026-03-31,generic,Muchova
2026-04-08,paper,Muchova
2026-04-08,bio,Muchova
2026-04-14,generic,Muchova
2026-04-22,plastics,Muchova
2026-04-22,bio,Muchova
2026-04-28,generic,Muchova
2026-05-06,paper,Muchova
2026-05-06,bio,Muchova
2026-05-12,generic,Muchova
2026-05-20,plastics,Muchova
2026-05-20,bio,Muchova
2026-05-26,generic,Muchova
2026-06-03,paper,Muchova
2026-06-03,bio,Muchova
2026-06-09,generic,Muchova
2026-06-17,plastics,Muchova
2026-06-17,bio,Muchova
2026-06-23,generic,Muchova
2026-07-01,paper,Muchova
2026-07-01,bio,Muchova
2026-07-07,generic,Muchova
2026-07-15,plastics,Muchova
2026-07-15,bio,Muchova
2026-07-21,generic,Muchova
2026-07-29,paper,Muchova
2026-07-29,bio,Muchova
2026-08-04,generic,Muchova
2026-08-12,plastics,Muchova
2026-08-12,bio,Muchova
2026-08-18,generic,Muchova
2026-08-26,paper,Muchova
2026-08-26,bio,Muchova
2026-09-01,generic,Muchova
2026-09-09,plastics,Muchova
2026-09-09,bio,Muchova
2026-09-15,generic,Muchova
2026-09-23,paper,Muchova
2026-09-23,bio,Muchova
2026-09-29,generic,Muchova
2026-10-07,plastics,Muchova
2026-10-07,bio,Muchova
2026-10-13,generic,Muchova
2026-10-21,paper,Muchova
2026-10-21,bio,Muchova
2026-10-27,generic,Muchova
2026-11-04,plastics,Muchova
2026-11-04,bio,Muchova
2026-11-10,generic,Muchova
2026-11-18,paper,Muchova
2026-11-18,bio,Muchova
2026-11-24,generic,Muchova
2026-12-02,plastics,Muchova
2026-12-02,bio,Muchova
2026-12-08,generic,Muchova
2026-12-16,paper,Muchova
2026-12-16,bio,Muchova
2026-12-22,generic,Muchova
2026-12-30,plastics,Muchova
2026-12-30,bio,Muchova
2026-01-08,generic,Na Brůdku
2026-01-14,paper,Na Brůdku
2026-01-14,bio,Na Brůdku
2026-01-22,generic,Na Brůdku
2026-01-28,plastics,Na Brůdku
2026-01-28,bio,Na Brůdku
2026-02-05,generic,Na Brůdku
2026-02-11,paper,Na Brůdku
2026-02-11,bio,Na Brůdku
2026-02-19,generic,Na Brůdku
2026-02-25,plastics,Na Brůdku
2026-02-25,bio,Na Brůdku
2026-03-05,generic,Na Brůdku
2026-03-11,paper,Na Brůdku
2026-03-11,bio,Na Brůdku
2026-03-19,generic,Na Brůdku
2026-03-25,plastics,Na Brůdku
2026-03-25,bio,Na Brůdku
2026-04-02,generic,Na Brůdku
2026-04-08,paper,Na Brůdku
2026-04-08,bio,Na Brůdku
2026-04-16,generic,Na Brůdku
2026-04-22,plastics,Na Brůdku
2026-04-22,bio,Na Brůdku
2026-04-30,generic,Na Brůdku
2026-05-06,paper,Na Brůdku
2026-05-06,bio,Na Brůdku
2026-05-14,generic,Na Brůdku
2026-05-20,plastics,Na Brůdku
2026-05-20,bio,Na Brůdku
2026-05-28,generic,Na Brůdku
2026-06-03,paper,Na Brůdku
2026-06-03,bio,Na Brůdku
2026-06-11,generic,Na Brůdku
2026-06-17,plastics,Na Brůdku
2026-06-17,bio,Na Brůdku
2026-06-25,generic,Na Brůdku
2026-07-01,paper,Na Brůdku
2026-07-01,bio,Na Brůdku
2026-07-09,generic,Na Brůdku
2026-07-15,plastics,Na Brůdku
2026-07-15,bio,Na Brůdku
2026-07-23,generic,Na Brůdku
2026-07-29,paper,Na Brůdku
2026-07-29,bio,Na Brůdku
2026-08-06,generic,Na Brůdku
2026-08-12,plastics,Na Brůdku
2026-08-12,bio,Na Brůdku
2026-08-20,generic,Na Brůdku
2026-08-26,paper,Na Brůdku
2026-08-26,bio,Na Brůdku
2026-09-03,generic,Na Brůdku
2026-09-09,plastics,Na Brůdku
2026-09-09,bio,Na Brůdku
2026-09-17,generic,Na Brůdku
2026-09-23,paper,Na Brůdku
2026-09-23,bio,Na Brůdku
2026-10-01,generic,Na Brůdku
2026-10-07,plastics,Na Brůdku
2026-10-07,bio,Na Brůdku
2026-10-15,generic,Na Brůdku
2026-10-21,paper,Na Brůdku
2026-10-21,bio,Na Brůdku
2026-10-29,generic,Na Brůdku
2026-11-04,plastics,Na Brůdku
2026-11-04,bio,Na Brůdku
2026-11-12,generic,Na Brůdku
2026-11-18,paper,Na Brůdku
2026-11-18,bio,Na Brůdku
2026-11-26,generic,Na Brůdku
2026-12-02,plastics,Na Brůdku
2026-12-02,bio,Na Brůdku
2026-12-10,generic,Na Brůdku
2026-12-16,paper,Na Brůdku
2026-12-16,bio,Na Brůdku
2026-12-24,generic,Na Brůdku
2026-12-30,plastics,Na Brůdku
2026-12-30,bio,Na Brůdku
2026-01-09,generic,Na Homolce
2026-01-14,paper,Na Homolce
2026-01-14,bio,Na Homolce
2026-01-23,generic,Na Homolce
2026-01-28,plastics,Na Homolce
2026-01-28,bio,Na Homolce
2026-02-06,generic,Na Homolce
2026-02-11,paper,Na Homolce
2026-02-11,bio,Na Homolce
2026-02-20,generic,Na Homolce
2026-02-25,plastics,Na Homolce
2026-02-25,bio,Na Homolce
2026-03-06,generic,Na Homolce
2026-03-11,paper,Na Homolce
2026-03-11,bio,Na Homolce
2026-03-20,generic,Na Homolce
2026-03-25,plastics,Na Homolce
2026-03-25,bio,Na Homolce
2026-04-03,generic,Na Homolce
2026-04-08,paper,Na Homolce
2026-04-08,bio,Na Homolce
2026-04-17,generic,Na Homolce
2026-04-22,plastics,Na Homolce
2026-04-22,bio,Na Homolce
2026-05-01,generic,Na Homolce
2026-05-06,paper,Na Homolce
2026-05-06,bio,Na Homolce
2026-05-15,generic,Na Homolce
2026-05-20,plastics,Na Homolce
2026-05-20,bio,Na Homolce
2026-05-29,generic,Na Homolce
2026-06-03,paper,Na Homolce
2026-06-03,bio,Na Homolce
2026-06-12,generic,Na Homolce
2026-06-17,plastics,Na Homolce
2026-06-17,bio,Na Homolce
2026-06-26,generic,Na Homolce
2026-07-01,paper,Na Homolce
2026-07-01,bio,Na Homolce
2026-07-10,generic,Na Homolce
2026-07-15,plastics,Na Homolce
2026-07-15,bio,Na Homolce
2026-07-24,generic,Na Homolce
2026-07-29,paper,Na Homolce
2026-07-29,bio,Na Homolce
2026-08-07,generic,Na Homolce
2026-08-12,plastics,Na Homolce
2026-08-12,bio,Na Homolce
2026-08-21,generic,Na Homolce
2026-08-26,paper,Na Homolce
2026-08-26,bio,Na Homolce
2026-09-04,generic,Na Homolce
2026-09-09,plastics,Na Homolce
2026-09-09,bio,Na Homolce
2026-09-18,generic,Na Homolce
2026-09-23,paper,Na Homolce
2026-09-23,bio,Na Homolce
2026-10-02,generic,Na Homolce
2026-10-07,plastics,Na Homolce
2026-10-07,bio,Na Homolce
2026-10-16,generic,Na Homolce
2026-10-21,paper,Na Homolce
2026-10-21,bio,Na Homolce
2026-10-30,generic,Na Homolce
2026-11-04,plastics,Na Homolce
2026-11-04,bio,Na Homolce
2026-11-13,generic,Na Homolce
2026-11-18,paper,Na Homolce
2026-11-18,bio,Na Homolce
2026-11-27,generic,Na Homolce
2026-12-02,plastics,Na Homolce
2026-12-02,bio,Na Homolce
2026-12-11,generic,Na Homolce
2026-12-16,paper,Na Homolce
2026-12-16,bio,Na Homolce
2026-12-25,generic,Na Homolce
2026-12-30,plastics,Na Homolce
2026-12-30,bio,Na Homolce
2026-01-06,generic,Náměstí B. Hrozného
2026-01-14,paper,Náměstí B. Hrozného
2026-01-14,bio,Náměstí B. Hrozného
2026-01-20,generic,Náměstí B. Hrozného
2026-01-28,plastics,Náměstí B. Hrozného
2026-01-28,bio,Náměstí B. Hrozného
2026-02-03,generic,Náměstí B. Hrozného
2026-02-11,paper,Náměstí B. Hrozného
2026-02-11,bio,Náměstí B. Hrozného
2026-02-17,generic,Náměstí B. Hrozného
2026-02-25,plastics,Náměstí B. Hrozného
2026-02-25,bio,Náměstí B. Hrozného
2026-03-03,generic,Náměstí B. Hrozného
2026-03-11,paper,Náměstí B. Hrozného
2026-03-11,bio,Náměstí B. Hrozného
2026-03-17,generic,Náměstí B. Hrozného
2026-03-25,plastics,Náměstí B. Hrozného
2026-03-25,bio,Náměstí B. Hrozného
2026-03-31,generic,Náměstí B. Hrozného
2026-04-08,paper,Náměstí B. Hrozného
2026-04-08,bio,Náměstí B. Hrozného
2026-04-14,generic,Náměstí B. Hrozného
2026-04-22,plastics,Náměstí B. Hrozného
2026-04-22,bio,Náměstí B. Hrozného
2026-04-28,generic,Náměstí B. Hrozného
2026-05-06,paper,Náměstí B. Hrozného
2026-05-06,bio,Náměstí B. Hrozného
2026-05-12,generic,Náměstí B. Hrozného
2026-05-20,plastics,Náměstí B. Hrozného
2026-05-20,bio,Náměstí B. Hrozného
2026-05-26,generic,Náměstí B. Hrozného
2026-06-03,paper,Náměstí B. Hrozného
2026-06-03,bio,Náměstí B. Hrozného
2026-06-09,generic,Náměstí B. Hrozného
2026-06-17,plastics,Náměstí B. Hrozného
2026-06-17,bio,Náměstí B. Hrozného
2026-06-23,generic,Náměstí B. Hrozného
2026-07-01,paper,Náměstí B. Hrozného
2026-07-01,bio,Náměstí B. Hrozného
2026-07-07,generic,Náměstí B. Hrozného
2026-07-15,plastics,Náměstí B. Hrozného
2026-07-15,bio,Náměstí B. Hrozného
2026-07-21,generic,Náměstí B. Hrozného
2026-07-29,paper,Náměstí B. Hrozného
2026-07-29,bio,Náměstí B. Hrozného
2026-08-04,generic,Náměstí B. Hrozného
2026-08-12,plastics,Náměstí B. Hrozného
2026-08-12,bio,Náměstí B. Hrozného
2026-08-18,generic,Náměstí B. Hrozného
2026-08-26,paper,Náměstí B. Hrozného
2026-08-26,bio,Náměstí B. Hrozného
2026-09-01,generic,Náměstí B. Hrozného
2026-09-09,plastics,Náměstí B. Hrozného
2026-09-09,bio,Náměstí B. Hrozného
2026-09-15,generic,Náměstí B. Hrozného
2026-09-23,paper,Náměstí B. Hrozného
2026-09-23,bio,Náměstí B. Hrozného
2026-09-29,generic,Náměstí B. Hrozného
2026-10-07,plastics,Náměstí B. Hrozného
2026-10-07,bio,Náměstí B. Hrozného
2026-10-13,generic,Náměstí B. Hrozného
2026-10-21,paper,Náměstí B. Hrozného
2026-10-21,bio,Náměstí B. Hrozného
2026-10-27,generic,Náměstí B. Hrozného
2026-11-04,plastics,Náměstí B. Hrozného
2026-11-04,bio,Náměstí B. Hrozného
2026-11-10,generic,Náměstí B. Hrozného
2026-11-18,paper,Náměstí B. Hrozného
2026-11-18,bio,Náměstí B. Hrozného
2026-11-24,generic,Náměstí B. Hrozného
2026-12-02,plastics,Náměstí B. Hrozného
2026-12-02,bio,Náměstí B. Hrozného
2026-12-08,generic,Náměstí B. Hrozného
2026-12-16,paper,Náměstí B. Hrozného
2026-12-16,bio,Náměstí B. Hrozného
2026-12-22,generic,Náměstí B. Hrozného
2026-12-30,plastics,Náměstí B. Hrozného
2026-12-30,bio,Náměstí B. Hrozného
2026-01-07,generic,Na Mlíčníku
2026-01-14,paper,Na Mlíčníku
2026-01-14,bio,Na Mlíčníku
2026-01-21,generic,Na Mlíčníku
2026-01-28,plastics,Na Mlíčníku
2026-01-28,bio,Na Mlíčníku
2026-02-04,generic,Na Mlíčníku
2026-02-11,paper,Na Mlíčníku
2026-02-11,bio,Na Mlíčníku
2026-02-18,generic,Na Mlíčníku
2026-02-25,plastics,Na Mlíčníku
2026-02-25,bio,Na Mlíčníku
2026-03-04,generic,Na Mlíčníku
2026-03-11,paper,Na Mlíčníku
2026-03-11,bio,Na Mlíčníku
2026-03-18,generic,Na Mlíčníku
2026-03-25,plastics,Na Mlíčníku
2026-03-25,bio,Na Mlíčníku
2026-04-01,generic,Na Mlíčníku
2026-04-08,paper,Na Mlíčníku
2026-04-08,bio,Na Mlíčníku
2026-04-15,generic,Na Mlíčníku
2026-04-22,plastics,Na Mlíčníku
2026-04-22,bio,Na Mlíčníku
2026-04-29,generic,Na Mlíčníku
2026-05-06,paper,Na Mlíčníku
2026-05-06,bio,Na Mlíčníku
2026-05-13,generic,Na Mlíčníku
2026-05-20,plastics,Na Mlíčníku
2026-05-20,bio,Na Mlíčníku
2026-05-27,generic,Na Mlíčníku
2026-06-03,paper,Na Mlíčníku
2026-06-03,bio,Na Mlíčníku
2026-06-10,generic,Na Mlíčníku
2026-06-17,plastics,Na Mlíčníku
2026-06-17,bio,Na Mlíčníku
2026-06-24,generic,Na Mlíčníku
2026-07-01,paper,Na Mlíčníku
2026-07-01,bio,Na Mlíčníku
2026-07-08,generic,Na Mlíčníku
2026-07-15,plastics,Na Mlíčníku
2026-07-15,bio,Na Mlíčníku
2026-07-22,generic,Na Mlíčníku
2026-07-29,paper,Na Mlíčníku
2026-07-29,bio,Na Mlíčníku
2026-08-05,generic,Na Mlíčníku
2026-08-12,plastics,Na Mlíčníku
2026-08-12,bio,Na Mlíčníku
2026-08-19,generic,Na Mlíčníku
2026-08-26,paper,Na Mlíčníku
2026-08-26,bio,Na Mlíčníku
2026-09-02,generic,Na Mlíčníku
2026-09-09,plastics,Na Mlíčníku
2026-09-09,bio,Na Mlíčníku
2026-09-16,generic,Na Mlíčníku
2026-09-23,paper,Na Mlíčníku
2026-09-23,bio,Na Mlíčníku
2026-09-30,generic,Na Mlíčníku
2026-10-07,plastics,Na Mlíčníku
2026-10-07,bio,Na Mlíčníku
2026-10-14,generic,Na Mlíčníku
2026-10-21,paper,Na Mlíčníku
2026-10-21,bio,Na Mlíčníku
2026-10-28,generic,Na Mlíčníku
2026-11-04,plastics,Na Mlíčníku
2026-11-04,bio,Na Mlíčníku
2026-11-11,generic,Na Mlíčníku
2026-11-18,paper,Na Mlíčníku
2026-11-18,bio,Na Mlíčníku
2026-11-25,generic,Na Mlíčníku
2026-12-02,plastics,Na Mlíčníku
2026-12-02,bio,Na Mlíčníku
2026-12-09,generic,Na Mlíčníku
2026-12-16,paper,Na Mlíčníku
2026-12-16,bio,Na Mlíčníku
2026-12-23,generic,Na Mlíčníku
2026-12-30,plastics,Na Mlíčníku
2026-12-30,bio,Na Mlíčníku
2026-01-08,generic,Na Písku
2026-01-14,paper,Na Písku
2026-01-14,bio,Na Písku
2026-01-22,generic,Na Písku
2026-01-28,plastics,Na Písku
2026-01-28,bio,Na Písku
2026-02-05,generic,Na Písku
2026-02-11,paper,Na Písku
2026-02-11,bio,Na Písku
2026-02-19,generic,Na Písku
2026-02-25,plastics,Na Písku
2026-02-25,bio,Na Písku
2026-03-05,generic,Na Písku
2026-03-11,paper,Na Písku
2026-03-11,bio,Na Písku
2026-03-19,generic,Na Písku
2026-03-25,plastics,Na Písku
2026-03-25,bio,Na Písku
2026-04-02,generic,Na Písku
2026-04-08,paper,Na Písku
2026-04-08,bio,Na Písku
2026-04-16,generic,Na Písku
2026-04-22,plastics,Na Písku
2026-04-22,bio,Na Písku
2026-04-30,generic,Na Písku
2026-05-06,paper,Na Písku
2026-05-06,bio,Na Písku
2026-05-14,generic,Na Písku
2026-05-20,plastics,Na Písku
2026-05-20,bio,Na Písku
2026-05-28,generic,Na Písku
2026-06-03,paper,Na Písku
2026-06-03,bio,Na Písku
2026-06-11,generic,Na Písku
2026-06-17,plastics,Na Písku
2026-06-17,bio,Na Písku
2026-06-25,generic,Na Písku
2026-07-01,paper,Na Písku
2026-07-01,bio,Na Písku
2026-07-09,generic,Na Písku
2026-07-15,plastics,Na Písku
2026-07-15,bio,Na Písku
2026-07-23,generic,Na Písku
2026-07-29,paper,Na Písku
2026-07-29,bio,Na Písku
2026-08-06,generic,Na Písku
2026-08-12,plastics,Na Písku
2026-08-12,bio,Na Písku
2026-08-20,generic,Na Písku
2026-08-26,paper,Na Písku
2026-08-26,bio,Na Písku
2026-09-03,generic,Na Písku
2026-09-09,plastics,Na Písku
2026-09-09,bio,Na Písku
2026-09-17,generic,Na Písku
2026-09-23,paper,Na Písku
2026-09-23,bio,Na Písku
2026-10-01,generic,Na Písku
2026-10-07,plastics,Na Písku
2026-10-07,bio,Na Písku
2026-10-15,generic,Na Písku
2026-10-21,paper,Na Písku
2026-10-21,bio,Na Písku
2026-10-29,generic,Na Písku
2026-11-04,plastics,Na Písku
2026-11-04,bio,Na Písku
2026-11-12,generic,Na Písku
2026-11-18,paper,Na Písku
2026-11-18,bio,Na Písku
2026-11-26,generic,Na Písku
2026-12-02,plastics,Na Písku
2026-12-02,bio,Na Písku
2026-12-10,generic,Na Písku
2026-12-16,paper,Na Písku
2026-12-16,bio,Na Písku
2026-12-24,generic,Na Písku
2026-12-30,plastics,Na Písku
2026-12-30,bio,Na Písku
2026-01-06,generic,Na Rybníčku
2026-01-14,paper,Na Rybníčku
2026-01-14,bio,Na Rybníčku
2026-01-20,generic,Na Rybníčku
2026-01-28,plastics,Na Rybníčku
2026-01-28,bio,Na Rybníčku
2026-02-03,generic,Na Rybníčku
2026-02-11,paper,Na Rybníčku
2026-02-11,bio,Na Rybníčku
2026-02-17,generic,Na Rybníčku
2026-02-25,plastics,Na Rybníčku
2026-02-25,bio,Na Rybníčku
2026-03-03,generic,Na Rybníčku
2026-03-11,paper,Na Rybníčku
2026-03-11,bio,Na Rybníčku
2026-03-17,generic,Na Rybníčku
2026-03-25,plastics,Na Rybníčku
2026-03-25,bio,Na Rybníčku
2026-03-31,generic,Na Rybníčku
2026-04-08,paper,Na Rybníčku
2026-04-08,bio,Na Rybníčku
2026-04-14,generic,Na Rybníčku
2026-04-22,plastics,Na Rybníčku
2026-04-22,bio,Na Rybníčku
2026-04-28,generic,Na Rybníčku
2026-05-06,paper,Na Rybníčku
2026-05-06,bio,Na Rybníčku
2026-05-12,generic,Na Rybníčku
2026-05-20,plastics,Na Rybníčku
2026-05-20,bio,Na Rybníčku
2026-05-26,generic,Na Rybníčku
2026-06-03,paper,Na Rybníčku
2026-06-03,bio,Na Rybníčku
2026-06-09,generic,Na Rybníčku
2026-06-17,plastics,Na Rybníčku
2026-06-17,bio,Na Rybníčku
2026-06-23,generic,Na Rybníčku
2026-07-01,paper,Na Rybníčku
2026-07-01,bio,Na Rybníčku
2026-07-07,generic,Na Rybníčku
2026-07-15,plastics,Na Rybníčku
2026-07-15,bio,Na Rybníčku
2026-07-21,generic,Na Rybníčku
2026-07-29,paper,Na Rybníčku
2026-07-29,bio,Na Rybníčku
2026-08-04,generic,Na Rybníčku
2026-08-12,plastics,Na Rybníčku
2026-08-12,bio,Na Rybníčku
2026-08-18,generic,Na Rybníčku
2026-08-26,paper,Na Rybníčku
2026-08-26,bio,Na Rybníčku
2026-09-01,generic,Na Rybníčku
2026-09-09,plastics,Na Rybníčku
2026-09-09,bio,Na Rybníčku
2026-09-15,generic,Na Rybníčku
2026-09-23,paper,Na Rybníčku
2026-09-23,bio,Na Rybníčku
2026-09-29,generic,Na Rybníčku
2026-10-07,plastics,Na Rybníčku
2026-10-07,bio,Na Rybníčku
2026-10-13,generic,Na Rybníčku
2026-10-21,paper,Na Rybníčku
2026-10-21,bio,Na Rybníčku
2026-10-27,generic,Na Rybníčku
2026-11-04,plastics,Na Rybníčku
2026-11-04,bio,Na Rybníčku
2026-11-10,generic,Na Rybníčku
2026-11-18,paper,Na Rybníčku
2026-11-18,bio,Na Rybníčku
2026-11-24,generic,Na Rybníčku
2026-12-02,plastics,Na Rybníčku
2026-12-02,bio,Na Rybníčku
2026-12-08,generic,Na Rybníčku
2026-12-16,paper,Na Rybníčku
2026-12-16,bio,Na Rybníčku
2026-12-22,generic,Na Rybníčku
2026-12-30,plastics,Na Rybníčku
2026-12-30,bio,Na Rybníčku
2026-01-08,generic,Na Staré vsi
2026-01-14,paper,Na Staré vsi
2026-01-14,bio,Na Staré vsi
2026-01-22,generic,Na Staré vsi
2026-01-28,plastics,Na Staré vsi
2026-01-28,bio,Na Staré vsi
2026-02-05,generic,Na Staré vsi
2026-02-11,paper,Na Staré vsi
2026-02-11,bio,Na Staré vsi
2026-02-19,generic,Na Staré vsi
2026-02-25,plastics,Na Staré vsi
2026-02-25,bio,Na Staré vsi
2026-03-05,generic,Na Staré vsi
2026-03-11,paper,Na Staré vsi
2026-03-11,bio,Na Staré vsi
2026-03-19,generic,Na Staré vsi
2026-03-25,plastics,Na Staré vsi
2026-03-25,bio,Na Staré vsi
2026-04-02,generic,Na Staré vsi
2026-04-08,paper,Na Staré vsi
2026-04-08,bio,Na Staré vsi
2026-04-16,generic,Na Staré vsi
2026-04-22,plastics,Na Staré vsi
2026-04-22,bio,Na Staré vsi
2026-04-30,generic,Na Staré vsi
2026-05-06,paper,Na Staré vsi
2026-05-06,bio,Na Staré vsi
2026-05-14,generic,Na Staré vsi
2026-05-20,plastics,Na Staré vsi
2026-05-20,bio,Na Staré vsi
2026-05-28,generic,Na Staré vsi
2026-06-03,paper,Na Staré vsi
2026-06-03,bio,Na Staré vsi
2026-06-11,generic,Na Staré vsi
2026-06-17,plastics,Na Staré vsi
2026-06-17,bio,Na Staré vsi
2026-06-25,generic,Na Staré vsi
2026-07-01,paper,Na Staré vsi
2026-07-01,bio,Na Staré vsi
2026-07-09,generic,Na Staré vsi
2026-07-15,plastics,Na Staré vsi
2026-07-15,bio,Na Staré vsi
2026-07-23,generic,Na Staré vsi
2026-07-29,paper,Na Staré vsi
2026-07-29,bio,Na Staré vsi
2026-08-06,generic,Na Staré vsi
2026-08-12,plastics,Na Staré vsi
2026-08-12,bio,Na Staré vsi
2026-08-20,generic,Na Staré vsi
2026-08-26,paper,Na Staré vsi
2026-08-26,bio,Na Staré vsi
2026-09-03,generic,Na Staré vsi
2026-09-09,plastics,Na Staré vsi
2026-09-09,bio,Na Staré vsi
2026-09-17,generic,Na Staré vsi
2026-09-23,paper,Na Staré vsi
2026-09-23,bio,Na Staré vsi
2026-10-01,generic,Na Staré vsi
2026-10-07,plastics,Na Staré vsi
2026-10-07,bio,Na Staré vsi
2026-10-15,generic,Na Staré vsi
2026-10-21,paper,Na Staré vsi
2026-10-21,bio,Na Staré vsi
2026-10-29,generic,Na Staré vsi
2026-11-04,plastics,Na Staré vsi
2026-11-04,bio,Na Staré vsi
2026-11-12,generic,Na Staré vsi
2026-11-18,paper,Na Staré vsi
2026-11-18,bio,Na Staré vsi
2026-11-26,generic,Na Staré vsi
2026-12-02,plastics,Na Staré vsi
2026-12-02,bio,Na Staré vsi
2026-12-10,generic,Na Staré vsi
2026-12-16,paper,Na Staré vsi
2026-12-16,bio,Na Staré vsi
2026-12-24,generic,Na Staré vsi
2026-12-30,plastics,Na Staré vsi
2026-12-30,bio,Na Staré vsi
2026-01-08,generic,Na Vlečce
2026-01-14,paper,Na Vlečce
2026-01-14,bio,Na Vlečce
2026-01-22,generic,Na Vlečce
2026-01-28,plastics,Na Vlečce
2026-01-28,bio,Na Vlečce
2026-02-05,generic,Na Vlečce
2026-02-11,paper,Na Vlečce
2026-02-11,bio,Na Vlečce
2026-02-19,generic,Na Vlečce
2026-02-25,plastics,Na Vlečce
2026-02-25,bio,Na Vlečce
2026-03-05,generic,Na Vlečce
2026-03-11,paper,Na Vlečce
2026-03-11,bio,Na Vlečce
2026-03-19,generic,Na Vlečce
2026-03-25,plastics,Na Vlečce
2026-03-25,bio,Na Vlečce
2026-04-02,generic,Na Vlečce
2026-04-08,paper,Na Vlečce
2026-04-08,bio,Na Vlečce
2026-04-16,generic,Na Vlečce
2026-04-22,plastics,Na Vlečce
2026-04-22,bio,Na Vlečce
2026-04-30,generic,Na Vlečce
2026-05-06,paper,Na Vlečce
2026-05-06,bio,Na Vlečce
2026-05-14,generic,Na Vlečce
2026-05-20,plastics,Na Vlečce
2026-05-20,bio,Na Vlečce
2026-05-28,generic,Na Vlečce
2026-06-03,paper,Na Vlečce
2026-06-03,bio,Na Vlečce
2026-06-11,generic,Na Vlečce
2026-06-17,plastics,Na Vlečce
2026-06-17,bio,Na Vlečce
2026-06-25,generic,Na Vlečce
2026-07-01,paper,Na Vlečce
2026-07-01,bio,Na Vlečce
2026-07-09,generic,Na Vlečce
2026-07-15,plastics,Na Vlečce
2026-07-15,bio,Na Vlečce
2026-07-23,generic,Na Vlečce
2026-07-29,paper,Na Vlečce
2026-07-29,bio,Na Vlečce
2026-08-06,generic,Na Vlečce
2026-08-12,plastics,Na Vlečce
2026-08-12,bio,Na Vlečce
2026-08-20,generic,Na Vlečce
2026-08-26,paper,Na Vlečce
2026-08-26,bio,Na Vlečce
2026-09-03,generic,Na Vlečce
2026-09-09,plastics,Na Vlečce
2026-09-09,bio,Na Vlečce
2026-09-17,generic,Na Vlečce
2026-09-23,paper,Na Vlečce
2026-09-23,bio,Na Vlečce
2026-10-01,generic,Na Vlečce
2026-10-07,plastics,Na Vlečce
2026-10-07,bio,Na Vlečce
2026-10-15,generic,Na Vlečce
2026-10-21,paper,Na Vlečce
2026-10-21,bio,Na Vlečce
2026-10-29,generic,Na Vlečce
2026-11-04,plastics,Na Vlečce
2026-11-04,bio,Na Vlečce
2026-11-12,generic,Na Vlečce
2026-11-18,paper,Na Vlečce
2026-11-18,bio,Na Vlečce
2026-11-26,generic,Na Vlečce
2026-12-02,plastics,Na Vlečce
2026-12-02,bio,Na Vlečce
2026-12-10,generic,Na Vlečce
2026-12-16,paper,Na Vlečce
2026-12-16,bio,Na Vlečce
2026-12-24,generic,Na Vlečce
2026-12-30,plastics,Na Vlečce
2026-12-30,bio,Na Vlečce
2026-01-14,paper,Na Výsluní
2026-01-14,bio,Na Výsluní
2026-01-28,plastics,Na Výsluní
2026-01-28,bio,Na Výsluní
2026-02-11,paper,Na Výsluní
2026-02-11,bio,Na Výsluní
2026-02-25,plastics,Na Výsluní
2026-02-25,bio,Na Výsluní
2026-03-11,paper,Na Výsluní
2026-03-11,bio,Na Výsluní
2026-03-25,plastics,Na Výsluní
2026-03-25,bio,Na Výsluní
2026-04-08,paper,Na Výsluní
2026-04-08,bio,Na Výsluní
2026-04-22,plastics,Na Výsluní
2026-04-22,bio,Na Výsluní
2026-05-06,paper,Na Výsluní
2026-05-06,bio,Na Výsluní
2026-05-20,plastics,Na Výsluní
2026-05-20,bio,Na Výsluní
2026-06-03,paper,Na Výsluní
2026-06-03,bio,Na Výsluní
2026-06-17,plastics,Na Výsluní
2026-06-17,bio,Na Výsluní
2026-07-01,paper,Na Výsluní
2026-07-01,bio,Na Výsluní
2026-07-15,plastics,Na Výsluní
2026-07-15,bio,Na Výsluní
2026-07-29,paper,Na Výsluní
2026-07-29,bio,Na Výsluní
2026-08-12,plastics,Na Výsluní
2026-08-12,bio,Na Výsluní
2026-08-26,paper,Na Výsluní
2026-08-26,bio,Na Výsluní
2026-09-09,plastics,Na Výsluní
2026-09-09,bio,Na Výsluní
2026-09-23,paper,Na Výsluní
2026-09-23,bio,Na Výsluní
2026-10-07,plastics,Na Výsluní
2026-10-07,bio,Na Výsluní
2026-10-21,paper,Na Výsluní
2026-10-21,bio,Na Výsluní
2026-11-04,plastics,Na Výsluní
2026-11-04,bio,Na Výsluní
2026-11-18,paper,Na Výsluní
2026-11-18,bio,Na Výsluní
2026-12-02,plastics,Na Výsluní
2026-12-02,bio,Na Výsluní
2026-12-16,paper,Na Výsluní
2026-12-16,bio,Na Výsluní
2026-12-30,plastics,Na Výsluní
2026-12-30,bio,Na Výsluní
2026-01-08,generic,Na Vysoké mezi
2026-01-14,paper,Na Vysoké mezi
2026-01-14,bio,Na Vysoké mezi
2026-01-22,generic,Na Vysoké mezi
2026-01-28,plastics,Na Vysoké mezi
2026-01-28,bio,Na Vysoké mezi
2026-02-05,generic,Na Vysoké mezi
2026-02-11,paper,Na Vysoké mezi
2026-02-11,bio,Na Vysoké mezi
2026-02-19,generic,Na Vysoké mezi
2026-02-25,plastics,Na Vysoké mezi
2026-02-25,bio,Na Vysoké mezi
2026-03-05,generic,Na Vysoké mezi
2026-03-11,paper,Na Vysoké mezi
2026-03-11,bio,Na Vysoké mezi
2026-03-19,generic,Na Vysoké mezi
2026-03-25,plastics,Na Vysoké mezi
2026-03-25,bio,Na Vysoké mezi
2026-04-02,generic,Na Vysoké mezi
2026-04-08,paper,Na Vysoké mezi
2026-04-08,bio,Na Vysoké mezi
2026-04-16,generic,Na Vysoké mezi
2026-04-22,plastics,Na Vysoké mezi
2026-04-22,bio,Na Vysoké mezi
2026-04-30,generic,Na Vysoké mezi
2026-05-06,paper,Na Vysoké mezi
2026-05-06,bio,Na Vysoké mezi
2026-05-14,generic,Na Vysoké mezi
2026-05-20,plastics,Na Vysoké mezi
2026-05-20,bio,Na Vysoké mezi
2026-05-28,generic,Na Vysoké mezi
2026-06-03,paper,Na Vysoké mezi
2026-06-03,bio,Na Vysoké mezi
2026-06-11,generic,Na Vysoké mezi
2026-06-17,plastics,Na Vysoké mezi
2026-06-17,bio,Na Vysoké mezi
2026-06-25,generic,Na Vysoké mezi
2026-07-01,paper,Na Vysoké mezi
2026-07-01,bio,Na Vysoké mezi
2026-07-09,generic,Na Vysoké mezi
2026-07-15,plastics,Na Vysoké mezi
2026-07-15,bio,Na Vysoké mezi
2026-07-23,generic,Na Vysoké mezi
2026-07-29,paper,Na Vysoké mezi
2026-07-29,bio,Na Vysoké mezi
2026-08-06,generic,Na Vysoké mezi
2026-08-12,plastics,Na Vysoké mezi
2026-08-12,bio,Na Vysoké mezi
2026-08-20,generic,Na Vysoké mezi
2026-08-26,paper,Na Vysoké mezi
2026-08-26,bio,Na Vysoké mezi
2026-09-03,generic,Na Vysoké mezi
2026-09-09,plastics,Na Vysoké mezi
2026-09-09,bio,Na Vysoké mezi
2026-09-17,generic,Na Vysoké mezi
2026-09-23,paper,Na Vysoké mezi
2026-09-23,bio,Na Vysoké mezi
2026-10-01,generic,Na Vysoké mezi
2026-10-07,plastics,Na Vysoké mezi
2026-10-07,bio,Na Vysoké mezi
2026-10-15,generic,Na Vysoké mezi
2026-10-21,paper,Na Vysoké mezi
2026-10-21,bio,Na Vysoké mezi
2026-10-29,generic,Na Vysoké mezi
2026-11-04,plastics,Na Vysoké mezi
2026-11-04,bio,Na Vysoké mezi
2026-11-12,generic,Na Vysoké mezi
2026-11-18,paper,Na Vysoké mezi
2026-11-18,bio,Na Vysoké mezi
2026-11-26,generic,Na Vysoké mezi
2026-12-02,plastics,Na Vysoké mezi
2026-12-02,bio,Na Vysoké mezi
2026-12-10,generic,Na Vysoké mezi
2026-12-16,paper,Na Vysoké mezi
2026-12-16,bio,Na Vysoké mezi
2026-12-24,generic,Na Vysoké mezi
2026-12-30,plastics,Na Vysoké mezi
2026-12-30,bio,Na Vysoké mezi
2026-01-08,generic,Na Zemské stezce
2026-01-14,paper,Na Zemské stezce
2026-01-14,bio,Na Zemské stezce
2026-01-22,generic,Na Zemské stezce
2026-01-28,plastics,Na Zemské stezce
2026-01-28,bio,Na Zemské stezce
2026-02-05,generic,Na Zemské stezce
2026-02-11,paper,Na Zemské stezce
2026-02-11,bio,Na Zemské stezce
2026-02-19,generic,Na Zemské stezce
2026-02-25,plastics,Na Zemské stezce
2026-02-25,bio,Na Zemské stezce
2026-03-05,generic,Na Zemské stezce
2026-03-11,paper,Na Zemské stezce
2026-03-11,bio,Na Zemské stezce
2026-03-19,generic,Na Zemské stezce
2026-03-25,plastics,Na Zemské stezce
2026-03-25,bio,Na Zemské stezce
2026-04-02,generic,Na Zemské stezce
2026-04-08,paper,Na Zemské stezce
2026-04-08,bio,Na Zemské stezce
2026-04-16,generic,Na Zemské stezce
2026-04-22,plastics,Na Zemské stezce
2026-04-22,bio,Na Zemské stezce
2026-04-30,generic,Na Zemské stezce
2026-05-06,paper,Na Zemské stezce
2026-05-06,bio,Na Zemské stezce
2026-05-14,generic,Na Zemské stezce
2026-05-20,plastics,Na Zemské stezce
2026-05-20,bio,Na Zemské stezce
2026-05-28,generic,Na Zemské stezce
2026-06-03,paper,Na Zemské stezce
2026-06-03,bio,Na Zemské stezce
2026-06-11,generic,Na Zemské stezce
2026-06-17,plastics,Na Zemské stezce
2026-06-17,bio,Na Zemské stezce
2026-06-25,generic,Na Zemské stezce
2026-07-01,paper,Na Zemské stezce
2026-07-01,bio,Na Zemské stezce
2026-07-09,generic,Na Zemské stezce
2026-07-15,plastics,Na Zemské stezce
2026-07-15,bio,Na Zemské stezce
2026-07-23,generic,Na Zemské stezce
2026-07-29,paper,Na Zemské stezce
2026-07-29,bio,Na Zemské stezce
2026-08-06,generic,Na Zemské stezce
2026-08-12,plastics,Na Zemské stezce
2026-08-12,bio,Na Zemské stezce
2026-08-20,generic,Na Zemské stezce
2026-08-26,paper,Na Zemské stezce
2026-08-26,bio,Na Zemské stezce
2026-09-03,generic,Na Zemské stezce
2026-09-09,plastics,Na Zemské stezce
2026-09-09,bio,Na Zemské stezce
2026-09-17,generic,Na Zemské stezce
2026-09-23,paper,Na Zemské stezce
2026-09-23,bio,Na Zemské stezce
2026-10-01,generic,Na Zemské stezce
2026-10-07,plastics,Na Zemské stezce
2026-10-07,bio,Na Zemské stezce
2026-10-15,generic,Na Zemské stezce
2026-10-21,paper,Na Zemské stezce
2026-10-21,bio,Na Zemské stezce
2026-10-29,generic,Na Zemské stezce
2026-11-04,plastics,Na Zemské stezce
2026-11-04,bio,Na Zemské stezce
2026-11-12,generic,Na Zemské stezce
2026-11-18,paper,Na Zemské stezce
2026-11-18,bio,Na Zemské stezce
2026-11-26,generic,Na Zemské stezce
2026-12-02,plastics,Na Zemské stezce
2026-12-02,bio,Na Zemské stezce
2026-12-10,generic,Na Zemské stezce
2026-12-16,paper,Na Zemské stezce
2026-12-16,bio,Na Zemské stezce
2026-12-24,generic,Na Zemské stezce
2026-12-30,plastics,Na Zemské stezce
2026-12-30,bio,Na Zemské stezce
2026-01-08,generic,Nerudova
2026-01-14,paper,Nerudova
2026-01-14,bio,Nerudova
2026-01-22,generic,Nerudova
2026-01-28,plastics,Nerudova
2026-01-28,bio,Nerudova
2026-02-05,generic,Nerudova
2026-02-11,paper,Nerudova
2026-02-11,bio,Nerudova
2026-02-19,generic,Nerudova
2026-02-25,plastics,Nerudova
2026-02-25,bio,Nerudova
2026-03-05,generic,Nerudova
2026-03-11,paper,Nerudova
2026-03-11,bio,Nerudova
2026-03-19,generic,Nerudova
2026-03-25,plastics,Nerudova
2026-03-25,bio,Nerudova
2026-04-02,generic,Nerudova
2026-04-08,paper,Nerudova
2026-04-08,bio,Nerudova
2026-04-16,generic,Nerudova
2026-04-22,plastics,Nerudova
2026-04-22,bio,Nerudova
2026-04-30,generic,Nerudova
2026-05-06,paper,Nerudova
2026-05-06,bio,Nerudova
2026-05-14,generic,Nerudova
2026-05-20,plastics,Nerudova
2026-05-20,bio,Nerudova
2026-05-28,generic,Nerudova
2026-06-03,paper,Nerudova
2026-06-03,bio,Nerudova
2026-06-11,generic,Nerudova
2026-06-17,plastics,Nerudova
2026-06-17,bio,Nerudova
2026-06-25,generic,Nerudova
2026-07-01,paper,Nerudova
2026-07-01,bio,Nerudova
2026-07-09,generic,Nerudova
2026-07-15,plastics,Nerudova
2026-07-15,bio,Nerudova
2026-07-23,generic,Nerudova
2026-07-29,paper,Nerudova
2026-07-29,bio,Nerudova
2026-08-06,generic,Nerudova
2026-08-12,plastics,Nerudova
2026-08-12,bio,Nerudova
2026-08-20,generic,Nerudova
2026-08-26,paper,Nerudova
2026-08-26,bio,Nerudova
2026-09-03,generic,Nerudova
2026-09-09,plastics,Nerudova
2026-09-09,bio,Nerudova
2026-09-17,generic,Nerudova
2026-09-23,paper,Nerudova
2026-09-23,bio,Nerudova
2026-10-01,generic,Nerudova
2026-10-07,plastics,Nerudova
2026-10-07,bio,Nerudova
2026-10-15,generic,Nerudova
2026-10-21,paper,Nerudova
2026-10-21,bio,Nerudova
2026-10-29,generic,Nerudova
2026-11-04,plastics,Nerudova
2026-11-04,bio,Nerudova
2026-11-12,generic,Nerudova
2026-11-18,paper,Nerudova
2026-11-18,bio,Nerudova
2026-11-26,generic,Nerudova
2026-12-02,plastics,Nerudova
2026-12-02,bio,Nerudova
2026-12-10,generic,Nerudova
2026-12-16,paper,Nerudova
2026-12-16,bio,Nerudova
2026-12-24,generic,Nerudova
2026-12-30,plastics,Nerudova
2026-12-30,bio,Nerudova
2026-01-08,generic,Nová
2026-01-14,paper,Nová
2026-01-14,bio,Nová
2026-01-22,generic,Nová
2026-01-28,plastics,Nová
2026-01-28,bio,Nová
2026-02-05,generic,Nová
2026-02-11,paper,Nová
2026-02-11,bio,Nová
2026-02-19,generic,Nová
2026-02-25,plastics,Nová
2026-02-25,bio,Nová
2026-03-05,generic,Nová
2026-03-11,paper,Nová
2026-03-11,bio,Nová
2026-03-19,generic,Nová
2026-03-25,plastics,Nová
2026-03-25,bio,Nová
2026-04-02,generic,Nová
2026-04-08,paper,Nová
2026-04-08,bio,Nová
2026-04-16,generic,Nová
2026-04-22,plastics,Nová
2026-04-22,bio,Nová
2026-04-30,generic,Nová
2026-05-06,paper,Nová
2026-05-06,bio,Nová
2026-05-14,generic,Nová
2026-05-20,plastics,Nová
2026-05-20,bio,Nová
2026-05-28,generic,Nová
2026-06-03,paper,Nová
2026-06-03,bio,Nová
2026-06-11,generic,Nová
2026-06-17,plastics,Nová
2026-06-17,bio,Nová
2026-06-25,generic,Nová
2026-07-01,paper,Nová
2026-07-01,bio,Nová
2026-07-09,generic,Nová
2026-07-15,plastics,Nová
2026-07-15,bio,Nová
2026-07-23,generic,Nová
2026-07-29,paper,Nová
2026-07-29,bio,Nová
2026-08-06,generic,Nová
2026-08-12,plastics,Nová
2026-08-12,bio,Nová
2026-08-20,generic,Nová
2026-08-26,paper,Nová
2026-08-26,bio,Nová
2026-09-03,generic,Nová
2026-09-09,plastics,Nová
2026-09-09,bio,Nová
2026-09-17,generic,Nová
2026-09-23,paper,Nová
2026-09-23,bio,Nová
2026-10-01,generic,Nová
2026-10-07,plastics,Nová
2026-10-07,bio,Nová
2026-10-15,generic,Nová
2026-10-21,paper,Nová
2026-10-21,bio,Nová
2026-10-29,generic,Nová
2026-11-04,plastics,Nová
2026-11-04,bio,Nová
2026-11-12,generic,Nová
2026-11-18,paper,Nová
2026-11-18,bio,Nová
2026-11-26,generic,Nová
2026-12-02,plastics,Nová
2026-12-02,bio,Nová
2026-12-10,generic,Nová
2026-12-16,paper,Nová
2026-12-16,bio,Nová
2026-12-24,generic,Nová
2026-12-30,plastics,Nová
2026-12-30,bio,Nová
2026-01-07,generic,Okrsek
2026-01-14,paper,Okrsek
2026-01-14,bio,Okrsek
2026-01-21,generic,Okrsek
2026-01-28,plastics,Okrsek
2026-01-28,bio,Okrsek
2026-02-04,generic,Okrsek
2026-02-11,paper,Okrsek
2026-02-11,bio,Okrsek
2026-02-18,generic,Okrsek
2026-02-25,plastics,Okrsek
2026-02-25,bio,Okrsek
2026-03-04,generic,Okrsek
2026-03-11,paper,Okrsek
2026-03-11,bio,Okrsek
2026-03-18,generic,Okrsek
2026-03-25,plastics,Okrsek
2026-03-25,bio,Okrsek
2026-04-01,generic,Okrsek
2026-04-08,paper,Okrsek
2026-04-08,bio,Okrsek
2026-04-15,generic,Okrsek
2026-04-22,plastics,Okrsek
2026-04-22,bio,Okrsek
2026-04-29,generic,Okrsek
2026-05-06,paper,Okrsek
2026-05-06,bio,Okrsek
2026-05-13,generic,Okrsek
2026-05-20,plastics,Okrsek
2026-05-20,bio,Okrsek
2026-05-27,generic,Okrsek
2026-06-03,paper,Okrsek
2026-06-03,bio,Okrsek
2026-06-10,generic,Okrsek
2026-06-17,plastics,Okrsek
2026-06-17,bio,Okrsek
2026-06-24,generic,Okrsek
2026-07-01,paper,Okrsek
2026-07-01,bio,Okrsek
2026-07-08,generic,Okrsek
2026-07-15,plastics,Okrsek
2026-07-15,bio,Okrsek
2026-07-22,generic,Okrsek
2026-07-29,paper,Okrsek
2026-07-29,bio,Okrsek
2026-08-05,generic,Okrsek
2026-08-12,plastics,Okrsek
2026-08-12,bio,Okrsek
2026-08-19,generic,Okrsek
2026-08-26,paper,Okrsek
2026-08-26,bio,Okrsek
2026-09-02,generic,Okrsek
2026-09-09,plastics,Okrsek
2026-09-09,bio,Okrsek
2026-09-16,generic,Okrsek
2026-09-23,paper,Okrsek
2026-09-23,bio,Okrsek
2026-09-30,generic,Okrsek
2026-10-07,plastics,Okrsek
2026-10-07,bio,Okrsek
2026-10-14,generic,Okrsek
2026-10-21,paper,Okrsek
2026-10-21,bio,Okrsek
2026-10-28,generic,Okrsek
2026-11-04,plastics,Okrsek
2026-11-04,bio,Okrsek
2026-11-11,generic,Okrsek
2026-11-18,paper,Okrsek
2026-11-18,bio,Okrsek
2026-11-25,generic,Okrsek
2026-12-02,plastics,Okrsek
2026-12-02,bio,Okrsek
2026-12-09,generic,Okrsek
2026-12-16,paper,Okrsek
2026-12-16,bio,Okrsek
2026-12-23,generic,Okrsek
2026-12-30,plastics,Okrsek
2026-12-30,bio,Okrsek
2026-01-09,generic,Okružní
2026-01-14,paper,Okružní
2026-01-14,bio,Okružní
2026-01-23,generic,Okružní
2026-01-28,plastics,Okružní
2026-01-28,bio,Okružní
2026-02-06,generic,Okružní
2026-02-11,paper,Okružní
2026-02-11,bio,Okružní
2026-02-20,generic,Okružní
2026-02-25,plastics,Okružní
2026-02-25,bio,Okružní
2026-03-06,generic,Okružní
2026-03-11,paper,Okružní
2026-03-11,bio,Okružní
2026-03-20,generic,Okružní
2026-03-25,plastics,Okružní
2026-03-25,bio,Okružní
2026-04-03,generic,Okružní
2026-04-08,paper,Okružní
2026-04-08,bio,Okružní
2026-04-17,generic,Okružní
2026-04-22,plastics,Okružní
2026-04-22,bio,Okružní
2026-05-01,generic,Okružní
2026-05-06,paper,Okružní
2026-05-06,bio,Okružní
2026-05-15,generic,Okružní
2026-05-20,plastics,Okružní
2026-05-20,bio,Okružní
2026-05-29,generic,Okružní
2026-06-03,paper,Okružní
2026-06-03,bio,Okružní
2026-06-12,generic,Okružní
2026-06-17,plastics,Okružní
2026-06-17,bio,Okružní
2026-06-26,generic,Okružní
2026-07-01,paper,Okružní
2026-07-01,bio,Okružní
2026-07-10,generic,Okružní
2026-07-15,plastics,Okružní
2026-07-15,bio,Okružní
2026-07-24,generic,Okružní
2026-07-29,paper,Okružní
2026-07-29,bio,Okružní
2026-08-07,generic,Okružní
2026-08-12,plastics,Okružní
2026-08-12,bio,Okružní
2026-08-21,generic,Okružní
2026-08-26,paper,Okružní
2026-08-26,bio,Okružní
2026-09-04,generic,Okružní
2026-09-09,plastics,Okružní
2026-09-09,bio,Okružní
2026-09-18,generic,Okružní
2026-09-23,paper,Okružní
2026-09-23,bio,Okružní
2026-10-02,generic,Okružní
2026-10-07,plastics,Okružní
2026-10-07,bio,Okružní
2026-10-16,generic,Okružní
2026-10-21,paper,Okružní
2026-10-21,bio,Okružní
2026-10-30,generic,Okružní
2026-11-04,plastics,Okružní
2026-11-04,bio,Okružní
2026-11-13,generic,Okružní
2026-11-18,paper,Okružní
2026-11-18,bio,Okružní
2026-11-27,generic,Okružní
2026-12-02,plastics,Okružní
2026-12-02,bio,Okružní
2026-12-11,generic,Okružní
2026-12-16,paper,Okružní
2026-12-16,bio,Okružní
2026-12-25,generic,Okružní
2026-12-30,plastics,Okružní
2026-12-30,bio,Okružní
2026-01-08,generic,Olbrachtova
2026-01-14,paper,Olbrachtova
2026-01-14,bio,Olbrachtova
2026-01-22,generic,Olbrachtova
2026-01-28,plastics,Olbrachtova
2026-01-28,bio,Olbrachtova
2026-02-05,generic,Olbrachtova
2026-02-11,paper,Olbrachtova
2026-02-11,bio,Olbrachtova
2026-02-19,generic,Olbrachtova
2026-02-25,plastics,Olbrachtova
2026-02-25,bio,Olbrachtova
2026-03-05,generic,Olbrachtova
2026-03-11,paper,Olbrachtova
2026-03-11,bio,Olbrachtova
2026-03-19,generic,Olbrachtova
2026-03-25,plastics,Olbrachtova
2026-03-25,bio,Olbrachtova
2026-04-02,generic,Olbrachtova
2026-04-08,paper,Olbrachtova
2026-04-08,bio,Olbrachtova
2026-04-16,generic,Olbrachtova
2026-04-22,plastics,Olbrachtova
2026-04-22,bio,Olbrachtova
2026-04-30,generic,Olbrachtova
2026-05-06,paper,Olbrachtova
2026-05-06,bio,Olbrachtova
2026-05-14,generic,Olbrachtova
2026-05-20,plastics,Olbrachtova
2026-05-20,bio,Olbrachtova
2026-05-28,generic,Olbrachtova
2026-06-03,paper,Olbrachtova
2026-06-03,bio,Olbrachtova
2026-06-11,generic,Olbrachtova
2026-06-17,plastics,Olbrachtova
2026-06-17,bio,Olbrachtova
2026-06-25,generic,Olbrachtova
2026-07-01,paper,Olbrachtova
2026-07-01,bio,Olbrachtova
2026-07-09,generic,Olbrachtova
2026-07-15,plastics,Olbrachtova
2026-07-15,bio,Olbrachtova
2026-07-23,generic,Olbrachtova
2026-07-29,paper,Olbrachtova
2026-07-29,bio,Olbrachtova
2026-08-06,generic,Olbrachtova
2026-08-12,plastics,Olbrachtova
2026-08-12,bio,Olbrachtova
2026-08-20,generic,Olbrachtova
2026-08-26,paper,Olbrachtova
2026-08-26,bio,Olbrachtova
2026-09-03,generic,Olbrachtova
2026-09-09,plastics,Olbrachtova
2026-09-09,bio,Olbrachtova
2026-09-17,generic,Olbrachtova
2026-09-23,paper,Olbrachtova
2026-09-23,bio,Olbrachtova
2026-10-01,generic,Olbrachtova
2026-10-07,plastics,Olbrachtova
2026-10-07,bio,Olbrachtova
2026-10-15,generic,Olbrachtova
2026-10-21,paper,Olbrachtova
2026-10-21,bio,Olbrachtova
2026-10-29,generic,Olbrachtova
2026-11-04,plastics,Olbrachtova
2026-11-04,bio,Olbrachtova
2026-11-12,generic,Olbrachtova
2026-11-18,paper,Olbrachtova
2026-11-18,bio,Olbrachtova
2026-11-26,generic,Olbrachtova
2026-12-02,plastics,Olbrachtova
2026-12-02,bio,Olbrachtova
2026-12-10,generic,Olbrachtova
2026-12-16,paper,Olbrachtova
2026-12-16,bio,Olbrachtova
2026-12-24,generic,Olbrachtova
2026-12-30,plastics,Olbrachtova
2026-12-30,bio,Olbrachtova
2026-01-08,generic,Palackého
2026-01-14,paper,Palackého
2026-01-14,bio,Palackého
2026-01-22,generic,Palackého
2026-01-28,plastics,Palackého
2026-01-28,bio,Palackého
2026-02-05,generic,Palackého
2026-02-11,paper,Palackého
2026-02-11,bio,Palackého
2026-02-19,generic,Palackého
2026-02-25,plastics,Palackého
2026-02-25,bio,Palackého
2026-03-05,generic,Palackého
2026-03-11,paper,Palackého
2026-03-11,bio,Palackého
2026-03-19,generic,Palackého
2026-03-25,plastics,Palackého
2026-03-25,bio,Palackého
2026-04-02,generic,Palackého
2026-04-08,paper,Palackého
2026-04-08,bio,Palackého
2026-04-16,generic,Palackého
2026-04-22,plastics,Palackého
2026-04-22,bio,Palackého
2026-04-30,generic,Palackého
2026-05-06,paper,Palackého
2026-05-06,bio,Palackého
2026-05-14,generic,Palackého
2026-05-20,plastics,Palackého
2026-05-20,bio,Palackého
2026-05-28,generic,Palackého
2026-06-03,paper,Palackého
2026-06-03,bio,Palackého
2026-06-11,generic,Palackého
2026-06-17,plastics,Palackého
2026-06-17,bio,Palackého
2026-06-25,generic,Palackého
2026-07-01,paper,Palackého
2026-07-01,bio,Palackého
2026-07-09,generic,Palackého
2026-07-15,plastics,Palackého
2026-07-15,bio,Palackého
2026-07-23,generic,Palackého
2026-07-29,paper,Palackého
2026-07-29,bio,Palackého
2026-08-06,generic,Palackého
2026-08-12,plastics,Palackého
2026-08-12,bio,Palackého
2026-08-20,generic,Palackého
2026-08-26,paper,Palackého
2026-08-26,bio,Palackého
2026-09-03,generic,Palackého
2026-09-09,plastics,Palackého
2026-09-09,bio,Palackého
2026-09-17,generic,Palackého
2026-09-23,paper,Palackého
2026-09-23,bio,Palackého
2026-10-01,generic,Palackého
2026-10-07,plastics,Palackého
2026-10-07,bio,Palackého
2026-10-15,generic,Palackého
2026-10-21,paper,Palackého
2026-10-21,bio,Palackého
2026-10-29,generic,Palackého
2026-11-04,plastics,Palackého
2026-11-04,bio,Palackého
2026-11-12,generic,Palackého
2026-11-18,paper,Palackého
2026-11-18,bio,Palackého
2026-11-26,generic,Palackého
2026-12-02,plastics,Palackého
2026-12-02,bio,Palackého
2026-12-10,generic,Palackého
2026-12-16,paper,Palackého
2026-12-16,bio,Palackého
2026-12-24,generic,Palackého
2026-12-30,plastics,Palackého
2026-12-30,bio,Palackého
2026-01-08,generic,Pivovarská
2026-01-14,paper,Pivovarská
2026-01-14,bio,Pivovarská
2026-01-22,generic,Pivovarská
2026-01-28,plastics,Pivovarská
2026-01-28,bio,Pivovarská
2026-02-05,generic,Pivovarská
2026-02-11,paper,Pivovarská
2026-02-11,bio,Pivovarská
2026-02-19,generic,Pivovarská
2026-02-25,plastics,Pivovarská
2026-02-25,bio,Pivovarská
2026-03-05,generic,Pivovarská
2026-03-11,paper,Pivovarská
2026-03-11,bio,Pivovarská
2026-03-19,generic,Pivovarská
2026-03-25,plastics,Pivovarská
2026-03-25,bio,Pivovarská
2026-04-02,generic,Pivovarská
2026-04-08,paper,Pivovarská
2026-04-08,bio,Pivovarská
2026-04-16,generic,Pivovarská
2026-04-22,plastics,Pivovarská
2026-04-22,bio,Pivovarská
2026-04-30,generic,Pivovarská
2026-05-06,paper,Pivovarská
2026-05-06,bio,Pivovarská
2026-05-14,generic,Pivovarská
2026-05-20,plastics,Pivovarská
2026-05-20,bio,Pivovarská
2026-05-28,generic,Pivovarská
2026-06-03,paper,Pivovarská
2026-06-03,bio,Pivovarská
2026-06-11,generic,Pivovarská
2026-06-17,plastics,Pivovarská
2026-06-17,bio,Pivovarská
2026-06-25,generic,Pivovarská
2026-07-01,paper,Pivovarská
2026-07-01,bio,Pivovarská
2026-07-09,generic,Pivovarská
2026-07-15,plastics,Pivovarská
2026-07-15,bio,Pivovarská
2026-07-23,generic,Pivovarská
2026-07-29,paper,Pivovarská
2026-07-29,bio,Pivovarská
2026-08-06,generic,Pivovarská
2026-08-12,plastics,Pivovarská
2026-08-12,bio,Pivovarská
2026-08-20,generic,Pivovarská
2026-08-26,paper,Pivovarská
2026-08-26,bio,Pivovarská
2026-09-03,generic,Pivovarská
2026-09-09,plastics,Pivovarská
2026-09-09,bio,Pivovarská
2026-09-17,generic,Pivovarská
2026-09-23,paper,Pivovarská
2026-09-23,bio,Pivovarská
2026-10-01,generic,Pivovarská
2026-10-07,plastics,Pivovarská
2026-10-07,bio,Pivovarská
2026-10-15,generic,Pivovarská
2026-10-21,paper,Pivovarská
2026-10-21,bio,Pivovarská
2026-10-29,generic,Pivovarská
2026-11-04,plastics,Pivovarská
2026-11-04,bio,Pivovarská
2026-11-12,generic,Pivovarská
2026-11-18,paper,Pivovarská
2026-11-18,bio,Pivovarská
2026-11-26,generic,Pivovarská
2026-12-02,plastics,Pivovarská
2026-12-02,bio,Pivovarská
2026-12-10,generic,Pivovarská
2026-12-16,paper,Pivovarská
2026-12-16,bio,Pivovarská
2026-12-24,generic,Pivovarská
2026-12-30,plastics,Pivovarská
2026-12-30,bio,Pivovarská
2026-01-07,generic,Poděbradova
2026-01-14,paper,Poděbradova
2026-01-14,bio,Poděbradova
2026-01-21,generic,Poděbradova
2026-01-28,plastics,Poděbradova
2026-01-28,bio,Poděbradova
2026-02-04,generic,Poděbradova
2026-02-11,paper,Poděbradova
2026-02-11,bio,Poděbradova
2026-02-18,generic,Poděbradova
2026-02-25,plastics,Poděbradova
2026-02-25,bio,Poděbradova
2026-03-04,generic,Poděbradova
2026-03-11,paper,Poděbradova
2026-03-11,bio,Poděbradova
2026-03-18,generic,Poděbradova
2026-03-25,plastics,Poděbradova
2026-03-25,bio,Poděbradova
2026-04-01,generic,Poděbradova
2026-04-08,paper,Poděbradova
2026-04-08,bio,Poděbradova
2026-04-15,generic,Poděbradova
2026-04-22,plastics,Poděbradova
2026-04-22,bio,Poděbradova
2026-04-29,generic,Poděbradova
2026-05-06,paper,Poděbradova
2026-05-06,bio,Poděbradova
2026-05-13,generic,Poděbradova
2026-05-20,plastics,Poděbradova
2026-05-20,bio,Poděbradova
2026-05-27,generic,Poděbradova
2026-06-03,paper,Poděbradova
2026-06-03,bio,Poděbradova
2026-06-10,generic,Poděbradova
2026-06-17,plastics,Poděbradova
2026-06-17,bio,Poděbradova
2026-06-24,generic,Poděbradova
2026-07-01,paper,Poděbradova
2026-07-01,bio,Poděbradova
2026-07-08,generic,Poděbradova
2026-07-15,plastics,Poděbradova
2026-07-15,bio,Poděbradova
2026-07-22,generic,Poděbradova
2026-07-29,paper,Poděbradova
2026-07-29,bio,Poděbradova
2026-08-05,generic,Poděbradova
2026-08-12,plastics,Poděbradova
2026-08-12,bio,Poděbradova
2026-08-19,generic,Poděbradova
2026-08-26,paper,Poděbradova
2026-08-26,bio,Poděbradova
2026-09-02,generic,Poděbradova
2026-09-09,plastics,Poděbradova
2026-09-09,bio,Poděbradova
2026-09-16,generic,Poděbradova
2026-09-23,paper,Poděbradova
2026-09-23,bio,Poděbradova
2026-09-30,generic,Poděbradova
2026-10-07,plastics,Poděbradova
2026-10-07,bio,Poděbradova
2026-10-14,generic,Poděbradova
2026-10-21,paper,Poděbradova
2026-10-21,bio,Poděbradova
2026-10-28,generic,Poděbradova
2026-11-04,plastics,Poděbradova
2026-11-04,bio,Poděbradova
2026-11-11,generic,Poděbradova
2026-11-18,paper,Poděbradova
2026-11-18,bio,Poděbradova
2026-11-25,generic,Poděbradova
2026-12-02,plastics,Poděbradova
2026-12-02,bio,Poděbradova
2026-12-09,generic,Poděbradova
2026-12-16,paper,Poděbradova
2026-12-16,bio,Poděbradova
2026-12-23,generic,Poděbradova
2026-12-30,plastics,Poděbradova
2026-12-30,bio,Poděbradova
2026-01-06,generic,Pod Klášterem
2026-01-14,paper,Pod Klášterem
2026-01-14,bio,Pod Klášterem
2026-01-20,generic,Pod Klášterem
2026-01-28,plastics,Pod Klášterem
2026-01-28,bio,Pod Klášterem
2026-02-03,generic,Pod Klášterem
2026-02-11,paper,Pod Klášterem
2026-02-11,bio,Pod Klášterem
2026-02-17,generic,Pod Klášterem
2026-02-25,plastics,Pod Klášterem
2026-02-25,bio,Pod Klášterem
2026-03-03,generic,Pod Klášterem
2026-03-11,paper,Pod Klášterem
2026-03-11,bio,Pod Klášterem
2026-03-17,generic,Pod Klášterem
2026-03-25,plastics,Pod Klášterem
2026-03-25,bio,Pod Klášterem
2026-03-31,generic,Pod Klášterem
2026-04-08,paper,Pod Klášterem
2026-04-08,bio,Pod Klášterem
2026-04-14,generic,Pod Klášterem
2026-04-22,plastics,Pod Klášterem
2026-04-22,bio,Pod Klášterem
2026-04-28,generic,Pod Klášterem
2026-05-06,paper,Pod Klášterem
2026-05-06,bio,Pod Klášterem
2026-05-12,generic,Pod Klášterem
2026-05-20,plastics,Pod Klášterem
2026-05-20,bio,Pod Klášterem
2026-05-26,generic,Pod Klášterem
2026-06-03,paper,Pod Klášterem
2026-06-03,bio,Pod Klášterem
2026-06-09,generic,Pod Klášterem
2026-06-17,plastics,Pod Klášterem
2026-06-17,bio,Pod Klášterem
2026-06-23,generic,Pod Klášterem
2026-07-01,paper,Pod Klášterem
2026-07-01,bio,Pod Klášterem
2026-07-07,generic,Pod Klášterem
2026-07-15,plastics,Pod Klášterem
2026-07-15,bio,Pod Klášterem
2026-07-21,generic,Pod Klášterem
2026-07-29,paper,Pod Klášterem
2026-07-29,bio,Pod Klášterem
2026-08-04,generic,Pod Klášterem
2026-08-12,plastics,Pod Klášterem
2026-08-12,bio,Pod Klášterem
2026-08-18,generic,Pod Klášterem
2026-08-26,paper,Pod Klášterem
2026-08-26,bio,Pod Klášterem
2026-09-01,generic,Pod Klášterem
2026-09-09,plastics,Pod Klášterem
2026-09-09,bio,Pod Klášterem
2026-09-15,generic,Pod Klášterem
2026-09-23,paper,Pod Klášterem
2026-09-23,bio,Pod Klášterem
2026-09-29,generic,Pod Klášterem
2026-10-07,plastics,Pod Klášterem
2026-10-07,bio,Pod Klášterem
2026-10-13,generic,Pod Klášterem
2026-10-21,paper,Pod Klášterem
2026-10-21,bio,Pod Klášterem
2026-10-27,generic,Pod Klášterem
2026-11-04,plastics,Pod Klášterem
2026-11-04,bio,Pod Klášterem
2026-11-10,generic,Pod Klášterem
2026-11-18,paper,Pod Klášterem
2026-11-18,bio,Pod Klášterem
2026-11-24,generic,Pod Klášterem
2026-12-02,plastics,Pod Klášterem
2026-12-02,bio,Pod Klášterem
2026-12-08,generic,Pod Klášterem
2026-12-16,paper,Pod Klášterem
2026-12-16,bio,Pod Klášterem
2026-12-22,generic,Pod Klášterem
2026-12-30,plastics,Pod Klášterem
2026-12-30,bio,Pod Klášterem
2026-01-08,generic,Přemyslova
2026-01-14,paper,Přemyslova
2026-01-14,bio,Přemyslova
2026-01-22,generic,Přemyslova
2026-01-28,plastics,Přemyslova
2026-01-28,bio,Přemyslova
2026-02-05,generic,Přemyslova
2026-02-11,paper,Přemyslova
2026-02-11,bio,Přemyslova
2026-02-19,generic,Přemyslova
2026-02-25,plastics,Přemyslova
2026-02-25,bio,Přemyslova
2026-03-05,generic,Přemyslova
2026-03-11,paper,Přemyslova
2026-03-11,bio,Přemyslova
2026-03-19,generic,Přemyslova
2026-03-25,plastics,Přemyslova
2026-03-25,bio,Přemyslova
2026-04-02,generic,Přemyslova
2026-04-08,paper,Přemyslova
2026-04-08,bio,Přemyslova
2026-04-16,generic,Přemyslova
2026-04-22,plastics,Přemyslova
2026-04-22,bio,Přemyslova
2026-04-30,generic,Přemyslova
2026-05-06,paper,Přemyslova
2026-05-06,bio,Přemyslova
2026-05-14,generic,Přemyslova
2026-05-20,plastics,Přemyslova
2026-05-20,bio,Přemyslova
2026-05-28,generic,Přemyslova
2026-06-03,paper,Přemyslova
2026-06-03,bio,Přemyslova
2026-06-11,generic,Přemyslova
2026-06-17,plastics,Přemyslova
2026-06-17,bio,Přemyslova
2026-06-25,generic,Přemyslova
2026-07-01,paper,Přemyslova
2026-07-01,bio,Přemyslova
2026-07-09,generic,Přemyslova
2026-07-15,plastics,Přemyslova
2026-07-15,bio,Přemyslova
2026-07-23,generic,Přemyslova
2026-07-29,paper,Přemyslova
2026-07-29,bio,Přemyslova
2026-08-06,generic,Přemyslova
2026-08-12,plastics,Přemyslova
2026-08-12,bio,Přemyslova
2026-08-20,generic,Přemyslova
2026-08-26,paper,Přemyslova
2026-08-26,bio,Přemyslova
2026-09-03,generic,Přemyslova
2026-09-09,plastics,Přemyslova
2026-09-09,bio,Přemyslova
2026-09-17,generic,Přemyslova
2026-09-23,paper,Přemyslova
2026-09-23,bio,Přemyslova
2026-10-01,generic,Přemyslova
2026-10-07,plastics,Přemyslova
2026-10-07,bio,Přemyslova
2026-10-15,generic,Přemyslova
2026-10-21,paper,Přemyslova
2026-10-21,bio,Přemyslova
2026-10-29,generic,Přemyslova
2026-11-04,plastics,Přemyslova
2026-11-04,bio,Přemyslova
2026-11-12,generic,Přemyslova
2026-11-18,paper,Přemyslova
2026-11-18,bio,Přemyslova
2026-11-26,generic,Přemyslova
2026-12-02,plastics,Přemyslova
2026-12-02,bio,Přemyslova
2026-12-10,generic,Přemyslova
2026-12-16,paper,Přemyslova
2026-12-16,bio,Přemyslova
2026-12-24,generic,Přemyslova
2026-12-30,plastics,Přemyslova
2026-12-30,bio,Přemyslova
2026-01-06,generic,Příčná
2026-01-14,paper,Příčná
2026-01-14,bio,Příčná
2026-01-20,generic,Příčná
2026-01-28,plastics,Příčná
2026-01-28,bio,Příčná
2026-02-03,generic,Příčná
2026-02-11,paper,Příčná
2026-02-11,bio,Příčná
2026-02-17,generic,Příčná
2026-02-25,plastics,Příčná
2026-02-25,bio,Příčná
2026-03-03,generic,Příčná
2026-03-11,paper,Příčná
2026-03-11,bio,Příčná
2026-03-17,generic,Příčná
2026-03-25,plastics,Příčná
2026-03-25,bio,Příčná
2026-03-31,generic,Příčná
2026-04-08,paper,Příčná
2026-04-08,bio,Příčná
2026-04-14,generic,Příčná
2026-04-22,plastics,Příčná
2026-04-22,bio,Příčná
2026-04-28,generic,Příčná
2026-05-06,paper,Příčná
2026-05-06,bio,Příčná
2026-05-12,generic,Příčná
2026-05-20,plastics,Příčná
2026-05-20,bio,Příčná
2026-05-26,generic,Příčná
2026-06-03,paper,Příčná
2026-06-03,bio,Příčná
2026-06-09,generic,Příčná
2026-06-17,plastics,Příčná
2026-06-17,bio,Příčná
2026-06-23,generic,Příčná
2026-07-01,paper,Příčná
2026-07-01,bio,Příčná
2026-07-07,generic,Příčná
2026-07-15,plastics,Příčná
2026-07-15,bio,Příčná
2026-07-21,generic,Příčná
2026-07-29,paper,Příčná
2026-07-29,bio,Příčná
2026-08-04,generic,Příčná
2026-08-12,plastics,Příčná
2026-08-12,bio,Příčná
2026-08-18,generic,Příčná
2026-08-26,paper,Příčná
2026-08-26,bio,Příčná
2026-09-01,generic,Příčná
2026-09-09,plastics,Příčná
2026-09-09,bio,Příčná
2026-09-15,generic,Příčná
2026-09-23,paper,Příčná
2026-09-23,bio,Příčná
2026-09-29,generic,Příčná
2026-10-07,plastics,Příčná
2026-10-07,bio,Příčná
2026-10-13,generic,Příčná
2026-10-21,paper,Příčná
2026-10-21,bio,Příčná
2026-10-27,generic,Příčná
2026-11-04,plastics,Příčná
2026-11-04,bio,Příčná
2026-11-10,generic,Příčná
2026-11-18,paper,Příčná
2026-11-18,bio,Příčná
2026-11-24,generic,Příčná
2026-12-02,plastics,Příčná
2026-12-02,bio,Příčná
2026-12-08,generic,Příčná
2026-12-16,paper,Příčná
2026-12-16,bio,Příčná
2026-12-22,generic,Příčná
2026-12-30,plastics,Příčná
2026-12-30,bio,Příčná
2026-01-07,generic,Průmyslová
2026-01-14,paper,Průmyslová
2026-01-14,bio,Průmyslová
2026-01-21,generic,Průmyslová
2026-01-28,plastics,Průmyslová
2026-01-28,bio,Průmyslová
2026-02-04,generic,Průmyslová
2026-02-11,paper,Průmyslová
2026-02-11,bio,Průmyslová
2026-02-18,generic,Průmyslová
2026-02-25,plastics,Průmyslová
2026-02-25,bio,Průmyslová
2026-03-04,generic,Průmyslová
2026-03-11,paper,Průmyslová
2026-03-11,bio,Průmyslová
2026-03-18,generic,Průmyslová
2026-03-25,plastics,Průmyslová
2026-03-25,bio,Průmyslová
2026-04-01,generic,Průmyslová
2026-04-08,paper,Průmyslová
2026-04-08,bio,Průmyslová
2026-04-15,generic,Průmyslová
2026-04-22,plastics,Průmyslová
2026-04-22,bio,Průmyslová
2026-04-29,generic,Průmyslová
2026-05-06,paper,Průmyslová
2026-05-06,bio,Průmyslová
2026-05-13,generic,Průmyslová
2026-05-20,plastics,Průmyslová
2026-05-20,bio,Průmyslová
2026-05-27,generic,Průmyslová
2026-06-03,paper,Průmyslová
2026-06-03,bio,Průmyslová
2026-06-10,generic,Průmyslová
2026-06-17,plastics,Průmyslová
2026-06-17,bio,Průmyslová
2026-06-24,generic,Průmyslová
2026-07-01,paper,Průmyslová
2026-07-01,bio,Průmyslová
2026-07-08,generic,Průmyslová
2026-07-15,plastics,Průmyslová
2026-07-15,bio,Průmyslová
2026-07-22,generic,Průmyslová
2026-07-29,paper,Průmyslová
2026-07-29,bio,Průmyslová
2026-08-05,generic,Průmyslová
2026-08-12,plastics,Průmyslová
2026-08-12,bio,Průmyslová
2026-08-19,generic,Průmyslová
2026-08-26,paper,Průmyslová
2026-08-26,bio,Průmyslová
2026-09-02,generic,Průmyslová
2026-09-09,plastics,Průmyslová
2026-09-09,bio,Průmyslová
2026-09-16,generic,Průmyslová
2026-09-23,paper,Průmyslová
2026-09-23,bio,Průmyslová
2026-09-30,generic,Průmyslová
2026-10-07,plastics,Průmyslová
2026-10-07,bio,Průmyslová
2026-10-14,generic,Průmyslová
2026-10-21,paper,Průmyslová
2026-10-21,bio,Průmyslová
2026-10-28,generic,Průmyslová
2026-11-04,plastics,Průmyslová
2026-11-04,bio,Průmyslová
2026-11-11,generic,Průmyslová
2026-11-18,paper,Průmyslová
2026-11-18,bio,Průmyslová
2026-11-25,generic,Průmyslová
2026-12-02,plastics,Průmyslová
2026-12-02,bio,Průmyslová
2026-12-09,generic,Průmyslová
2026-12-16,paper,Průmyslová
2026-12-16,bio,Průmyslová
2026-12-23,generic,Průmyslová
2026-12-30,plastics,Průmyslová
2026-12-30,bio,Průmyslová
2026-01-06,generic,Raisova
2026-01-14,paper,Raisova
2026-01-14,bio,Raisova
2026-01-20,generic,Raisova
2026-01-28,plastics,Raisova
2026-01-28,bio,Raisova
2026-02-03,generic,Raisova
2026-02-11,paper,Raisova
2026-02-11,bio,Raisova
2026-02-17,generic,Raisova
2026-02-25,plastics,Raisova
2026-02-25,bio,Raisova
2026-03-03,generic,Raisova
2026-03-11,paper,Raisova
2026-03-11,bio,Raisova
2026-03-17,generic,Raisova
2026-03-25,plastics,Raisova
2026-03-25,bio,Raisova
2026-03-31,generic,Raisova
2026-04-08,paper,Raisova
2026-04-08,bio,Raisova
2026-04-14,generic,Raisova
2026-04-22,plastics,Raisova
2026-04-22,bio,Raisova
2026-04-28,generic,Raisova
2026-05-06,paper,Raisova
2026-05-06,bio,Raisova
2026-05-12,generic,Raisova
2026-05-20,plastics,Raisova
2026-05-20,bio,Raisova
2026-05-26,generic,Raisova
2026-06-03,paper,Raisova
2026-06-03,bio,Raisova
2026-06-09,generic,Raisova
2026-06-17,plastics,Raisova
2026-06-17,bio,Raisova
2026-06-23,generic,Raisova
2026-07-01,paper,Raisova
2026-07-01,bio,Raisova
2026-07-07,generic,Raisova
2026-07-15,plastics,Raisova
2026-07-15,bio,Raisova
2026-07-21,generic,Raisova
2026-07-29,paper,Raisova
2026-07-29,bio,Raisova
2026-08-04,generic,Raisova
2026-08-12,plastics,Raisova
2026-08-12,bio,Raisova
2026-08-18,generic,Raisova
2026-08-26,paper,Raisova
2026-08-26,bio,Raisova
2026-09-01,generic,Raisova
2026-09-09,plastics,Raisova
2026-09-09,bio,Raisova
2026-09-15,generic,Raisova
2026-09-23,paper,Raisova
2026-09-23,bio,Raisova
2026-09-29,generic,Raisova
2026-10-07,plastics,Raisova
2026-10-07,bio,Raisova
2026-10-13,generic,Raisova
2026-10-21,paper,Raisova
2026-10-21,bio,Raisova
2026-10-27,generic,Raisova
2026-11-04,plastics,Raisova
2026-11-04,bio,Raisova
2026-11-10,generic,Raisova
2026-11-18,paper,Raisova
2026-11-18,bio,Raisova
2026-11-24,generic,Raisova
2026-12-02,plastics,Raisova
2026-12-02,bio,Raisova
2026-12-08,generic,Raisova
2026-12-16,paper,Raisova
2026-12-16,bio,Raisova
2026-12-22,generic,Raisova
2026-12-30,plastics,Raisova
2026-12-30,bio,Raisova
2026-01-07,generic,Řehačka
2026-01-13,paper,Řehačka
2026-01-14,bio,Řehačka
2026-01-14,bio,Řehačka
2026-01-21,generic,Řehačka
2026-01-27,plastics,Řehačka
2026-01-28,bio,Řehačka
2026-01-28,bio,Řehačka
2026-02-04,generic,Řehačka
2026-02-10,paper,Řehačka
2026-02-11,bio,Řehačka
2026-02-11,bio,Řehačka
2026-02-18,generic,Řehačka
2026-02-24,plastics,Řehačka
2026-02-25,bio,Řehačka
2026-02-25,bio,Řehačka
2026-03-04,generic,Řehačka
2026-03-10,paper,Řehačka
2026-03-11,bio,Řehačka
2026-03-11,bio,Řehačka
2026-03-18,generic,Řehačka
2026-03-24,plastics,Řehačka
2026-03-25,bio,Řehačka
2026-03-25,bio,Řehačka
2026-04-01,generic,Řehačka
2026-04-07,paper,Řehačka
2026-04-08,bio,Řehačka
2026-04-08,bio,Řehačka
2026-04-15,generic,Řehačka
2026-04-21,plastics,Řehačka
2026-04-22,bio,Řehačka
2026-04-22,bio,Řehačka
2026-04-29,generic,Řehačka
2026-05-05,paper,Řehačka
2026-05-06,bio,Řehačka
2026-05-06,bio,Řehačka
2026-05-13,generic,Řehačka
2026-05-19,plastics,Řehačka
2026-05-20,bio,Řehačka
2026-05-20,bio,Řehačka
2026-05-27,generic,Řehačka
2026-06-02,paper,Řehačka
2026-06-03,bio,Řehačka
2026-06-03,bio,Řehačka
2026-06-10,generic,Řehačka
2026-06-16,plastics,Řehačka
2026-06-17,bio,Řehačka
2026-06-17,bio,Řehačka
2026-06-24,generic,Řehačka
2026-06-30,paper,Řehačka
2026-07-01,bio,Řehačka
2026-07-01,bio,Řehačka
2026-07-08,generic,Řehačka
2026-07-14,plastics,Řehačka
2026-07-15,bio,Řehačka
2026-07-15,bio,Řehačka
2026-07-22,generic,Řehačka
2026-07-28,paper,Řehačka
2026-07-29,bio,Řehačka
2026-07-29,bio,Řehačka
2026-08-05,generic,Řehačka
2026-08-11,plastics,Řehačka
2026-08-12,bio,Řehačka
2026-08-12,bio,Řehačka
2026-08-19,generic,Řehačka
2026-08-25,paper,Řehačka
2026-08-26,bio,Řehačka
2026-08-26,bio,Řehačka
2026-09-02,generic,Řehačka
2026-09-08,plastics,Řehačka
2026-09-09,bio,Řehačka
2026-09-09,bio,Řehačka
2026-09-16,generic,Řehačka
2026-09-22,paper,Řehačka
2026-09-23,bio,Řehačka
2026-09-23,bio,Řehačka
2026-09-30,generic,Řehačka
2026-10-06,plastics,Řehačka
2026-10-07,bio,Řehačka
2026-10-07,bio,Řehačka
2026-10-14,generic,Řehačka
2026-10-20,paper,Řehačka
2026-10-21,bio,Řehačka
2026-10-21,bio,Řehačka
2026-10-28,generic,Řehačka
2026-11-03,plastics,Řehačka
2026-11-04,bio,Řehačka
2026-11-04,bio,Řehačka
2026-11-11,generic,Řehačka
2026-11-17,paper,Řehačka
2026-11-18,bio,Řehačka
2026-11-18,bio,Řehačka
2026-11-25,generic,Řehačka
2026-12-01,plastics,Řehačka
2026-12-02,bio,Řehačka
2026-12-02,bio,Řehačka
2026-12-09,generic,Řehačka
2026-12-15,paper,Řehačka
2026-12-16,bio,Řehačka
2026-12-16,bio,Řehačka
2026-12-23,generic,Řehačka
2026-12-29,plastics,Řehačka
2026-12-30,bio,Řehačka
2026-12-30,bio,Řehačka
2026-01-08,generic,Resslova
2026-01-14,paper,Resslova
2026-01-14,bio,Resslova
2026-01-22,generic,Resslova
2026-01-28,plastics,Resslova
2026-01-28,bio,Resslova
2026-02-05,generic,Resslova
2026-02-11,paper,Resslova
2026-02-11,bio,Resslova
2026-02-19,generic,Resslova
2026-02-25,plastics,Resslova
2026-02-25,bio,Resslova
2026-03-05,generic,Resslova
2026-03-11,paper,Resslova
2026-03-11,bio,Resslova
2026-03-19,generic,Resslova
2026-03-25,plastics,Resslova
2026-03-25,bio,Resslova
2026-04-02,generic,Resslova
2026-04-08,paper,Resslova
2026-04-08,bio,Resslova
2026-04-16,generic,Resslova
2026-04-22,plastics,Resslova
2026-04-22,bio,Resslova
2026-04-30,generic,Resslova
2026-05-06,paper,Resslova
2026-05-06,bio,Resslova
2026-05-14,generic,Resslova
2026-05-20,plastics,Resslova
2026-05-20,bio,Resslova
2026-05-28,generic,Resslova
2026-06-03,paper,Resslova
2026-06-03,bio,Resslova
2026-06-11,generic,Resslova
2026-06-17,plastics,Resslova
2026-06-17,bio,Resslova
2026-06-25,generic,Resslova
2026-07-01,paper,Resslova
2026-07-01,bio,Resslova
2026-07-09,generic,Resslova
2026-07-15,plastics,Resslova
2026-07-15,bio,Resslova
2026-07-23,generic,Resslova
2026-07-29,paper,Resslova
2026-07-29,bio,Resslova
2026-08-06,generic,Resslova
2026-08-12,plastics,Resslova
2026-08-12,bio,Resslova
2026-08-20,generic,Resslova
2026-08-26,paper,Resslova
2026-08-26,bio,Resslova
2026-09-03,generic,Resslova
2026-09-09,plastics,Resslova
2026-09-09,bio,Resslova
2026-09-17,generic,Resslova
2026-09-23,paper,Resslova
2026-09-23,bio,Resslova
2026-10-01,generic,Resslova
2026-10-07,plastics,Resslova
2026-10-07,bio,Resslova
2026-10-15,generic,Resslova
2026-10-21,paper,Resslova
2026-10-21,bio,Resslova
2026-10-29,generic,Resslova
2026-11-04,plastics,Resslova
2026-11-04,bio,Resslova
2026-11-12,generic,Resslova
2026-11-18,paper,Resslova
2026-11-18,bio,Resslova
2026-11-26,generic,Resslova
2026-12-02,plastics,Resslova
2026-12-02,bio,Resslova
2026-12-10,generic,Resslova
2026-12-16,paper,Resslova
2026-12-16,bio,Resslova
2026-12-24,generic,Resslova
2026-12-30,plastics,Resslova
2026-12-30,bio,Resslova
2026-01-06,generic,Riegrova
2026-01-14,paper,Riegrova
2026-01-14,bio,Riegrova
2026-01-20,generic,Riegrova
2026-01-28,plastics,Riegrova
2026-01-28,bio,Riegrova
2026-02-03,generic,Riegrova
2026-02-11,paper,Riegrova
2026-02-11,bio,Riegrova
2026-02-17,generic,Riegrova
2026-02-25,plastics,Riegrova
2026-02-25,bio,Riegrova
2026-03-03,generic,Riegrova
2026-03-11,paper,Riegrova
2026-03-11,bio,Riegrova
2026-03-17,generic,Riegrova
2026-03-25,plastics,Riegrova
2026-03-25,bio,Riegrova
2026-03-31,generic,Riegrova
2026-04-08,paper,Riegrova
2026-04-08,bio,Riegrova
2026-04-14,generic,Riegrova
2026-04-22,plastics,Riegrova
2026-04-22,bio,Riegrova
2026-04-28,generic,Riegrova
2026-05-06,paper,Riegrova
2026-05-06,bio,Riegrova
2026-05-12,generic,Riegrova
2026-05-20,plastics,Riegrova
2026-05-20,bio,Riegrova
2026-05-26,generic,Riegrova
2026-06-03,paper,Riegrova
2026-06-03,bio,Riegrova
2026-06-09,generic,Riegrova
2026-06-17,plastics,Riegrova
2026-06-17,bio,Riegrova
2026-06-23,generic,Riegrova
2026-07-01,paper,Riegrova
2026-07-01,bio,Riegrova
2026-07-07,generic,Riegrova
2026-07-15,plastics,Riegrova
2026-07-15,bio,Riegrova
2026-07-21,generic,Riegrova
2026-07-29,paper,Riegrova
2026-07-29,bio,Riegrova
2026-08-04,generic,Riegrova
2026-08-12,plastics,Riegrova
2026-08-12,bio,Riegrova
2026-08-18,generic,Riegrova
2026-08-26,paper,Riegrova
2026-08-26,bio,Riegrova
2026-09-01,generic,Riegrova
2026-09-09,plastics,Riegrova
2026-09-09,bio,Riegrova
2026-09-15,generic,Riegrova
2026-09-23,paper,Riegrova
2026-09-23,bio,Riegrova
2026-09-29,generic,Riegrova
2026-10-07,plastics,Riegrova
2026-10-07,bio,Riegrova
2026-10-13,generic,Riegrova
2026-10-21,paper,Riegrova
2026-10-21,bio,Riegrova
2026-10-27,generic,Riegrova
2026-11-04,plastics,Riegrova
2026-11-04,bio,Riegrova
2026-11-10,generic,Riegrova
2026-11-18,paper,Riegrova
2026-11-18,bio,Riegrova
2026-11-24,generic,Riegrova
2026-12-02,plastics,Riegrova
2026-12-02,bio,Riegrova
2026-12-08,generic,Riegrova
2026-12-16,paper,Riegrova
2026-12-16,bio,Riegrova
2026-12-22,generic,Riegrova
2026-12-30,plastics,Riegrova
2026-12-30,bio,Riegrova
2026-01-07,generic,Růžová
2026-01-14,paper,Růžová
2026-01-14,bio,Růžová
2026-01-21,generic,Růžová
2026-01-28,plastics,Růžová
2026-01-28,bio,Růžová
2026-02-04,generic,Růžová
2026-02-11,paper,Růžová
2026-02-11,bio,Růžová
2026-02-18,generic,Růžová
2026-02-25,plastics,Růžová
2026-02-25,bio,Růžová
2026-03-04,generic,Růžová
2026-03-11,paper,Růžová
2026-03-11,bio,Růžová
2026-03-18,generic,Růžová
2026-03-25,plastics,Růžová
2026-03-25,bio,Růžová
2026-04-01,generic,Růžová
2026-04-08,paper,Růžová
2026-04-08,bio,Růžová
2026-04-15,generic,Růžová
2026-04-22,plastics,Růžová
2026-04-22,bio,Růžová
2026-04-29,generic,Růžová
2026-05-06,paper,Růžová
2026-05-06,bio,Růžová
2026-05-13,generic,Růžová
2026-05-20,plastics,Růžová
2026-05-20,bio,Růžová
2026-05-27,generic,Růžová
2026-06-03,paper,Růžová
2026-06-03,bio,Růžová
2026-06-10,generic,Růžová
2026-06-17,plastics,Růžová
2026-06-17,bio,Růžová
2026-06-24,generic,Růžová
2026-07-01,paper,Růžová
2026-07-01,bio,Růžová
2026-07-08,generic,Růžová
2026-07-15,plastics,Růžová
2026-07-15,bio,Růžová
2026-07-22,generic,Růžová
2026-07-29,paper,Růžová
2026-07-29,bio,Růžová
2026-08-05,generic,Růžová
2026-08-12,plastics,Růžová
2026-08-12,bio,Růžová
2026-08-19,generic,Růžová
2026-08-26,paper,Růžová
2026-08-26,bio,Růžová
2026-09-02,generic,Růžová
2026-09-09,plastics,Růžová
2026-09-09,bio,Růžová
2026-09-16,generic,Růžová
2026-09-23,paper,Růžová
2026-09-23,bio,Růžová
2026-09-30,generic,Růžová
2026-10-07,plastics,Růžová
2026-10-07,bio,Růžová
2026-10-14,generic,Růžová
2026-10-21,paper,Růžová
2026-10-21,bio,Růžová
2026-10-28,generic,Růžová
2026-11-04,plastics,Růžová
2026-11-04,bio,Růžová
2026-11-11,generic,Růžová
2026-11-18,paper,Růžová
2026-11-18,bio,Růžová
2026-11-25,generic,Růžová
2026-12-02,plastics,Růžová
2026-12-02,bio,Růžová
2026-12-09,generic,Růžová
2026-12-16,paper,Růžová
2026-12-16,bio,Růžová
2026-12-23,generic,Růžová
2026-12-30,plastics,Růžová
2026-12-30,bio,Růžová
2026-01-08,generic,Rybízová
2026-01-14,paper,Rybízová
2026-01-14,bio,Rybízová
2026-01-22,generic,Rybízová
2026-01-28,plastics,Rybízová
2026-01-28,bio,Rybízová
2026-02-05,generic,Rybízová
2026-02-11,paper,Rybízová
2026-02-11,bio,Rybízová
2026-02-19,generic,Rybízová
2026-02-25,plastics,Rybízová
2026-02-25,bio,Rybízová
2026-03-05,generic,Rybízová
2026-03-11,paper,Rybízová
2026-03-11,bio,Rybízová
2026-03-19,generic,Rybízová
2026-03-25,plastics,Rybízová
2026-03-25,bio,Rybízová
2026-04-02,generic,Rybízová
2026-04-08,paper,Rybízová
2026-04-08,bio,Rybízová
2026-04-16,generic,Rybízová
2026-04-22,plastics,Rybízová
2026-04-22,bio,Rybízová
2026-04-30,generic,Rybízová
2026-05-06,paper,Rybízová
2026-05-06,bio,Rybízová
2026-05-14,generic,Rybízová
2026-05-20,plastics,Rybízová
2026-05-20,bio,Rybízová
2026-05-28,generic,Rybízová
2026-06-03,paper,Rybízová
2026-06-03,bio,Rybízová
2026-06-11,generic,Rybízová
2026-06-17,plastics,Rybízová
2026-06-17,bio,Rybízová
2026-06-25,generic,Rybízová
2026-07-01,paper,Rybízová
2026-07-01,bio,Rybízová
2026-07-09,generic,Rybízová
2026-07-15,plastics,Rybízová
2026-07-15,bio,Rybízová
2026-07-23,generic,Rybízová
2026-07-29,paper,Rybízová
2026-07-29,bio,Rybízová
2026-08-06,generic,Rybízová
2026-08-12,plastics,Rybízová
2026-08-12,bio,Rybízová
2026-08-20,generic,Rybízová
2026-08-26,paper,Rybízová
2026-08-26,bio,Rybízová
2026-09-03,generic,Rybízová
2026-09-09,plastics,Rybízová
2026-09-09,bio,Rybízová
2026-09-17,generic,Rybízová
2026-09-23,paper,Rybízová
2026-09-23,bio,Rybízová
2026-10-01,generic,Rybízová
2026-10-07,plastics,Rybízová
2026-10-07,bio,Rybízová
2026-10-15,generic,Rybízová
2026-10-21,paper,Rybízová
2026-10-21,bio,Rybízová
2026-10-29,generic,Rybízová
2026-11-04,plastics,Rybízová
2026-11-04,bio,Rybízová
2026-11-12,generic,Rybízová
2026-11-18,paper,Rybízová
2026-11-18,bio,Rybízová
2026-11-26,generic,Rybízová
2026-12-02,plastics,Rybízová
2026-12-02,bio,Rybízová
2026-12-10,generic,Rybízová
2026-12-16,paper,Rybízová
2026-12-16,bio,Rybízová
2026-12-24,generic,Rybízová
2026-12-30,plastics,Rybízová
2026-12-30,bio,Rybízová
2026-01-06,generic,Sadová
2026-01-14,paper,Sadová
2026-01-14,bio,Sadová
2026-01-20,generic,Sadová
2026-01-28,plastics,Sadová
2026-01-28,bio,Sadová
2026-02-03,generic,Sadová
2026-02-11,paper,Sadová
2026-02-11,bio,Sadová
2026-02-17,generic,Sadová
2026-02-25,plastics,Sadová
2026-02-25,bio,Sadová
2026-03-03,generic,Sadová
2026-03-11,paper,Sadová
2026-03-11,bio,Sadová
2026-03-17,generic,Sadová
2026-03-25,plastics,Sadová
2026-03-25,bio,Sadová
2026-03-31,generic,Sadová
2026-04-08,paper,Sadová
2026-04-08,bio,Sadová
2026-04-14,generic,Sadová
2026-04-22,plastics,Sadová
2026-04-22,bio,Sadová
2026-04-28,generic,Sadová
2026-05-06,paper,Sadová
2026-05-06,bio,Sadová
2026-05-12,generic,Sadová
2026-05-20,plastics,Sadová
2026-05-20,bio,Sadová
2026-05-26,generic,Sadová
2026-06-03,paper,Sadová
2026-06-03,bio,Sadová
2026-06-09,generic,Sadová
2026-06-17,plastics,Sadová
2026-06-17,bio,Sadová
2026-06-23,generic,Sadová
2026-07-01,paper,Sadová
2026-07-01,bio,Sadová
2026-07-07,generic,Sadová
2026-07-15,plastics,Sadová
2026-07-15,bio,Sadová
2026-07-21,generic,Sadová
2026-07-29,paper,Sadová
2026-07-29,bio,Sadová
2026-08-04,generic,Sadová
2026-08-12,plastics,Sadová
2026-08-12,bio,Sadová
2026-08-18,generic,Sadová
2026-08-26,paper,Sadová
2026-08-26,bio,Sadová
2026-09-01,generic,Sadová
2026-09-09,plastics,Sadová
2026-09-09,bio,Sadová
2026-09-15,generic,Sadová
2026-09-23,paper,Sadová
2026-09-23,bio,Sadová
2026-09-29,generic,Sadová
2026-10-07,plastics,Sadová
2026-10-07,bio,Sadová
2026-10-13,generic,Sadová
2026-10-21,paper,Sadová
2026-10-21,bio,Sadová
2026-10-27,generic,Sadová
2026-11-04,plastics,Sadová
2026-11-04,bio,Sadová
2026-11-10,generic,Sadová
2026-11-18,paper,Sadová
2026-11-18,bio,Sadová
2026-11-24,generic,Sadová
2026-12-02,plastics,Sadová
2026-12-02,bio,Sadová
2026-12-08,generic,Sadová
2026-12-16,paper,Sadová
2026-12-16,bio,Sadová
2026-12-22,generic,Sadová
2026-12-30,plastics,Sadová
2026-12-30,bio,Sadová
2026-01-08,generic,Šafaříkova
2026-01-14,paper,Šafaříkova
2026-01-14,bio,Šafaříkova
2026-01-22,generic,Šafaříkova
2026-01-28,plastics,Šafaříkova
2026-01-28,bio,Šafaříkova
2026-02-05,generic,Šafaříkova
2026-02-11,paper,Šafaříkova
2026-02-11,bio,Šafaříkova
2026-02-19,generic,Šafaříkova
2026-02-25,plastics,Šafaříkova
2026-02-25,bio,Šafaříkova
2026-03-05,generic,Šafaříkova
2026-03-11,paper,Šafaříkova
2026-03-11,bio,Šafaříkova
2026-03-19,generic,Šafaříkova
2026-03-25,plastics,Šafaříkova
2026-03-25,bio,Šafaříkova
2026-04-02,generic,Šafaříkova
2026-04-08,paper,Šafaříkova
2026-04-08,bio,Šafaříkova
2026-04-16,generic,Šafaříkova
2026-04-22,plastics,Šafaříkova
2026-04-22,bio,Šafaříkova
2026-04-30,generic,Šafaříkova
2026-05-06,paper,Šafaříkova
2026-05-06,bio,Šafaříkova
2026-05-14,generic,Šafaříkova
2026-05-20,plastics,Šafaříkova
2026-05-20,bio,Šafaříkova
2026-05-28,generic,Šafaříkova
2026-06-03,paper,Šafaříkova
2026-06-03,bio,Šafaříkova
2026-06-11,generic,Šafaříkova
2026-06-17,plastics,Šafaříkova
2026-06-17,bio,Šafaříkova
2026-06-25,generic,Šafaříkova
2026-07-01,paper,Šafaříkova
2026-07-01,bio,Šafaříkova
2026-07-09,generic,Šafaříkova
2026-07-15,plastics,Šafaříkova
2026-07-15,bio,Šafaříkova
2026-07-23,generic,Šafaříkova
2026-07-29,paper,Šafaříkova
2026-07-29,bio,Šafaříkova
2026-08-06,generic,Šafaříkova
2026-08-12,plastics,Šafaříkova
2026-08-12,bio,Šafaříkova
2026-08-20,generic,Šafaříkova
2026-08-26,paper,Šafaříkova
2026-08-26,bio,Šafaříkova
2026-09-03,generic,Šafaříkova
2026-09-09,plastics,Šafaříkova
2026-09-09,bio,Šafaříkova
2026-09-17,generic,Šafaříkova
2026-09-23,paper,Šafaříkova
2026-09-23,bio,Šafaříkova
2026-10-01,generic,Šafaříkova
2026-10-07,plastics,Šafaříkova
2026-10-07,bio,Šafaříkova
2026-10-15,generic,Šafaříkova
2026-10-21,paper,Šafaříkova
2026-10-21,bio,Šafaříkova
2026-10-29,generic,Šafaříkova
2026-11-04,plastics,Šafaříkova
2026-11-04,bio,Šafaříkova
2026-11-12,generic,Šafaříkova
2026-11-18,paper,Šafaříkova
2026-11-18,bio,Šafaříkova
2026-11-26,generic,Šafaříkova
2026-12-02,plastics,Šafaříkova
2026-12-02,bio,Šafaříkova
2026-12-10,generic,Šafaříkova
2026-12-16,paper,Šafaříkova
2026-12-16,bio,Šafaříkova
2026-12-24,generic,Šafaříkova
2026-12-30,plastics,Šafaříkova
2026-12-30,bio,Šafaříkova
2026-01-08,generic,Seifertova
2026-01-14,paper,Seifertova
2026-01-14,bio,Seifertova
2026-01-22,generic,Seifertova
2026-01-28,plastics,Seifertova
2026-01-28,bio,Seifertova
2026-02-05,generic,Seifertova
2026-02-11,paper,Seifertova
2026-02-11,bio,Seifertova
2026-02-19,generic,Seifertova
2026-02-25,plastics,Seifertova
2026-02-25,bio,Seifertova
2026-03-05,generic,Seifertova
2026-03-11,paper,Seifertova
2026-03-11,bio,Seifertova
2026-03-19,generic,Seifertova
2026-03-25,plastics,Seifertova
2026-03-25,bio,Seifertova
2026-04-02,generic,Seifertova
2026-04-08,paper,Seifertova
2026-04-08,bio,Seifertova
2026-04-16,generic,Seifertova
2026-04-22,plastics,Seifertova
2026-04-22,bio,Seifertova
2026-04-30,generic,Seifertova
2026-05-06,paper,Seifertova
2026-05-06,bio,Seifertova
2026-05-14,generic,Seifertova
2026-05-20,plastics,Seifertova
2026-05-20,bio,Seifertova
2026-05-28,generic,Seifertova
2026-06-03,paper,Seifertova
2026-06-03,bio,Seifertova
2026-06-11,generic,Seifertova
2026-06-17,plastics,Seifertova
2026-06-17,bio,Seifertova
2026-06-25,generic,Seifertova
2026-07-01,paper,Seifertova
2026-07-01,bio,Seifertova
2026-07-09,generic,Seifertova
2026-07-15,plastics,Seifertova
2026-07-15,bio,Seifertova
2026-07-23,generic,Seifertova
2026-07-29,paper,Seifertova
2026-07-29,bio,Seifertova
2026-08-06,generic,Seifertova
2026-08-12,plastics,Seifertova
2026-08-12,bio,Seifertova
2026-08-20,generic,Seifertova
2026-08-26,paper,Seifertova
2026-08-26,bio,Seifertova
2026-09-03,generic,Seifertova
2026-09-09,plastics,Seifertova
2026-09-09,bio,Seifertova
2026-09-17,generic,Seifertova
2026-09-23,paper,Seifertova
2026-09-23,bio,Seifertova
2026-10-01,generic,Seifertova
2026-10-07,plastics,Seifertova
2026-10-07,bio,Seifertova
2026-10-15,generic,Seifertova
2026-10-21,paper,Seifertova
2026-10-21,bio,Seifertova
2026-10-29,generic,Seifertova
2026-11-04,plastics,Seifertova
2026-11-04,bio,Seifertova
2026-11-12,generic,Seifertova
2026-11-18,paper,Seifertova
2026-11-18,bio,Seifertova
2026-11-26,generic,Seifertova
2026-12-02,plastics,Seifertova
2026-12-02,bio,Seifertova
2026-12-10,generic,Seifertova
2026-12-16,paper,Seifertova
2026-12-16,bio,Seifertova
2026-12-24,generic,Seifertova
2026-12-30,plastics,Seifertova
2026-12-30,bio,Seifertova
2026-01-09,generic,Sídliště
2026-01-14,paper,Sídliště
2026-01-14,bio,Sídliště
2026-01-23,generic,Sídliště
2026-01-28,plastics,Sídliště
2026-01-28,bio,Sídliště
2026-02-06,generic,Sídliště
2026-02-11,paper,Sídliště
2026-02-11,bio,Sídliště
2026-02-20,generic,Sídliště
2026-02-25,plastics,Sídliště
2026-02-25,bio,Sídliště
2026-03-06,generic,Sídliště
2026-03-11,paper,Sídliště
2026-03-11,bio,Sídliště
2026-03-20,generic,Sídliště
2026-03-25,plastics,Sídliště
2026-03-25,bio,Sídliště
2026-04-03,generic,Sídliště
2026-04-08,paper,Sídliště
2026-04-08,bio,Sídliště
2026-04-17,generic,Sídliště
2026-04-22,plastics,Sídliště
2026-04-22,bio,Sídliště
2026-05-01,generic,Sídliště
2026-05-06,paper,Sídliště
2026-05-06,bio,Sídliště
2026-05-15,generic,Sídliště
2026-05-20,plastics,Sídliště
2026-05-20,bio,Sídliště
2026-05-29,generic,Sídliště
2026-06-03,paper,Sídliště
2026-06-03,bio,Sídliště
2026-06-12,generic,Sídliště
2026-06-17,plastics,Sídliště
2026-06-17,bio,Sídliště
2026-06-26,generic,Sídliště
2026-07-01,paper,Sídliště
2026-07-01,bio,Sídliště
2026-07-10,generic,Sídliště
2026-07-15,plastics,Sídliště
2026-07-15,bio,Sídliště
2026-07-24,generic,Sídliště
2026-07-29,paper,Sídliště
2026-07-29,bio,Sídliště
2026-08-07,generic,Sídliště
2026-08-12,plastics,Sídliště
2026-08-12,bio,Sídliště
2026-08-21,generic,Sídliště
2026-08-26,paper,Sídliště
2026-08-26,bio,Sídliště
2026-09-04,generic,Sídliště
2026-09-09,plastics,Sídliště
2026-09-09,bio,Sídliště
2026-09-18,generic,Sídliště
2026-09-23,paper,Sídliště
2026-09-23,bio,Sídliště
2026-10-02,generic,Sídliště
2026-10-07,plastics,Sídliště
2026-10-07,bio,Sídliště
2026-10-16,generic,Sídliště
2026-10-21,paper,Sídliště
2026-10-21,bio,Sídliště
2026-10-30,generic,Sídliště
2026-11-04,plastics,Sídliště
2026-11-04,bio,Sídliště
2026-11-13,generic,Sídliště
2026-11-18,paper,Sídliště
2026-11-18,bio,Sídliště
2026-11-27,generic,Sídliště
2026-12-02,plastics,Sídliště
2026-12-02,bio,Sídliště
2026-12-11,generic,Sídliště
2026-12-16,paper,Sídliště
2026-12-16,bio,Sídliště
2026-12-25,generic,Sídliště
2026-12-30,plastics,Sídliště
2026-12-30,bio,Sídliště
2026-01-08,generic,Šípková
2026-01-14,paper,Šípková
2026-01-14,bio,Šípková
2026-01-22,generic,Šípková
2026-01-28,plastics,Šípková
2026-01-28,bio,Šípková
2026-02-05,generic,Šípková
2026-02-11,paper,Šípková
2026-02-11,bio,Šípková
2026-02-19,generic,Šípková
2026-02-25,plastics,Šípková
2026-02-25,bio,Šípková
2026-03-05,generic,Šípková
2026-03-11,paper,Šípková
2026-03-11,bio,Šípková
2026-03-19,generic,Šípková
2026-03-25,plastics,Šípková
2026-03-25,bio,Šípková
2026-04-02,generic,Šípková
2026-04-08,paper,Šípková
2026-04-08,bio,Šípková
2026-04-16,generic,Šípková
2026-04-22,plastics,Šípková
2026-04-22,bio,Šípková
2026-04-30,generic,Šípková
2026-05-06,paper,Šípková
2026-05-06,bio,Šípková
2026-05-14,generic,Šípková
2026-05-20,plastics,Šípková
2026-05-20,bio,Šípková
2026-05-28,generic,Šípková
2026-06-03,paper,Šípková
2026-06-03,bio,Šípková
2026-06-11,generic,Šípková
2026-06-17,plastics,Šípková
2026-06-17,bio,Šípková
2026-06-25,generic,Šípková
2026-07-01,paper,Šípková
2026-07-01,bio,Šípková
2026-07-09,generic,Šípková
2026-07-15,plastics,Šípková
2026-07-15,bio,Šípková
2026-07-23,generic,Šípková
2026-07-29,paper,Šípková
2026-07-29,bio,Šípková
2026-08-06,generic,Šípková
2026-08-12,plastics,Šípková
2026-08-12,bio,Šípková
2026-08-20,generic,Šípková
2026-08-26,paper,Šípková
2026-08-26,bio,Šípková
2026-09-03,generic,Šípková
2026-09-09,plastics,Šípková
2026-09-09,bio,Šípková
2026-09-17,generic,Šípková
2026-09-23,paper,Šípková
2026-09-23,bio,Šípková
2026-10-01,generic,Šípková
2026-10-07,plastics,Šípková
2026-10-07,bio,Šípková
2026-10-15,generic,Šípková
2026-10-21,paper,Šípková
2026-10-21,bio,Šípková
2026-10-29,generic,Šípková
2026-11-04,plastics,Šípková
2026-11-04,bio,Šípková
2026-11-12,generic,Šípková
2026-11-18,paper,Šípková
2026-11-18,bio,Šípková
2026-11-26,generic,Šípková
2026-12-02,plastics,Šípková
2026-12-02,bio,Šípková
2026-12-10,generic,Šípková
2026-12-16,paper,Šípková
2026-12-16,bio,Šípková
2026-12-24,generic,Šípková
2026-12-30,plastics,Šípková
2026-12-30,bio,Šípková
2026-01-08,generic,Školní náměstí
2026-01-14,paper,Školní náměstí
2026-01-14,bio,Školní náměstí
2026-01-22,generic,Školní náměstí
2026-01-28,plastics,Školní náměstí
2026-01-28,bio,Školní náměstí
2026-02-05,generic,Školní náměstí
2026-02-11,paper,Školní náměstí
2026-02-11,bio,Školní náměstí
2026-02-19,generic,Školní náměstí
2026-02-25,plastics,Školní náměstí
2026-02-25,bio,Školní náměstí
2026-03-05,generic,Školní náměstí
2026-03-11,paper,Školní náměstí
2026-03-11,bio,Školní náměstí
2026-03-19,generic,Školní náměstí
2026-03-25,plastics,Školní náměstí
2026-03-25,bio,Školní náměstí
2026-04-02,generic,Školní náměstí
2026-04-08,paper,Školní náměstí
2026-04-08,bio,Školní náměstí
2026-04-16,generic,Školní náměstí
2026-04-22,plastics,Školní náměstí
2026-04-22,bio,Školní náměstí
2026-04-30,generic,Školní náměstí
2026-05-06,paper,Školní náměstí
2026-05-06,bio,Školní náměstí
2026-05-14,generic,Školní náměstí
2026-05-20,plastics,Školní náměstí
2026-05-20,bio,Školní náměstí
2026-05-28,generic,Školní náměstí
2026-06-03,paper,Školní náměstí
2026-06-03,bio,Školní náměstí
2026-06-11,generic,Školní náměstí
2026-06-17,plastics,Školní náměstí
2026-06-17,bio,Školní náměstí
2026-06-25,generic,Školní náměstí
2026-07-01,paper,Školní náměstí
2026-07-01,bio,Školní náměstí
2026-07-09,generic,Školní náměstí
2026-07-15,plastics,Školní náměstí
2026-07-15,bio,Školní náměstí
2026-07-23,generic,Školní náměstí
2026-07-29,paper,Školní náměstí
2026-07-29,bio,Školní náměstí
2026-08-06,generic,Školní náměstí
2026-08-12,plastics,Školní náměstí
2026-08-12,bio,Školní náměstí
2026-08-20,generic,Školní náměstí
2026-08-26,paper,Školní náměstí
2026-08-26,bio,Školní náměstí
2026-09-03,generic,Školní náměstí
2026-09-09,plastics,Školní náměstí
2026-09-09,bio,Školní náměstí
2026-09-17,generic,Školní náměstí
2026-09-23,paper,Školní náměstí
2026-09-23,bio,Školní náměstí
2026-10-01,generic,Školní náměstí
2026-10-07,plastics,Školní náměstí
2026-10-07,bio,Školní náměstí
2026-10-15,generic,Školní náměstí
2026-10-21,paper,Školní náměstí
2026-10-21,bio,Školní náměstí
2026-10-29,generic,Školní náměstí
2026-11-04,plastics,Školní náměstí
2026-11-04,bio,Školní náměstí
2026-11-12,generic,Školní náměstí
2026-11-18,paper,Školní náměstí
2026-11-18,bio,Školní náměstí
2026-11-26,generic,Školní náměstí
2026-12-02,plastics,Školní náměstí
2026-12-02,bio,Školní náměstí
2026-12-10,generic,Školní náměstí
2026-12-16,paper,Školní náměstí
2026-12-16,bio,Školní náměstí
2026-12-24,generic,Školní náměstí
2026-12-30,plastics,Školní náměstí
2026-12-30,bio,Školní náměstí
2026-01-08,generic,Škrétova
2026-01-14,paper,Škrétova
2026-01-14,bio,Škrétova
2026-01-22,generic,Škrétova
2026-01-28,plastics,Škrétova
2026-01-28,bio,Škrétova
2026-02-05,generic,Škrétova
2026-02-11,paper,Škrétova
2026-02-11,bio,Škrétova
2026-02-19,generic,Škrétova
2026-02-25,plastics,Škrétova
2026-02-25,bio,Škrétova
2026-03-05,generic,Škrétova
2026-03-11,paper,Škrétova
2026-03-11,bio,Škrétova
2026-03-19,generic,Škrétova
2026-03-25,plastics,Škrétova
2026-03-25,bio,Škrétova
2026-04-02,generic,Škrétova
2026-04-08,paper,Škrétova
2026-04-08,bio,Škrétova
2026-04-16,generic,Škrétova
2026-04-22,plastics,Škrétova
2026-04-22,bio,Škrétova
2026-04-30,generic,Škrétova
2026-05-06,paper,Škrétova
2026-05-06,bio,Škrétova
2026-05-14,generic,Škrétova
2026-05-20,plastics,Škrétova
2026-05-20,bio,Škrétova
2026-05-28,generic,Škrétova
2026-06-03,paper,Škrétova
2026-06-03,bio,Škrétova
2026-06-11,generic,Škrétova
2026-06-17,plastics,Škrétova
2026-06-17,bio,Škrétova
2026-06-25,generic,Škrétova
2026-07-01,paper,Škrétova
2026-07-01,bio,Škrétova
2026-07-09,generic,Škrétova
2026-07-15,plastics,Škrétova
2026-07-15,bio,Škrétova
2026-07-23,generic,Škrétova
2026-07-29,paper,Škrétova
2026-07-29,bio,Škrétova
2026-08-06,generic,Škrétova
2026-08-12,plastics,Škrétova
2026-08-12,bio,Škrétova
2026-08-20,generic,Škrétova
2026-08-26,paper,Škrétova
2026-08-26,bio,Škrétova
2026-09-03,generic,Škrétova
2026-09-09,plastics,Škrétova
2026-09-09,bio,Škrétova
2026-09-17,generic,Škrétova
2026-09-23,paper,Škrétova
2026-09-23,bio,Škrétova
2026-10-01,generic,Škrétova
2026-10-07,plastics,Škrétova
2026-10-07,bio,Škrétova
2026-10-15,generic,Škrétova
2026-10-21,paper,Škrétova
2026-10-21,bio,Škrétova
2026-10-29,generic,Škrétova
2026-11-04,plastics,Škrétova
2026-11-04,bio,Škrétova
2026-11-12,generic,Škrétova
2026-11-18,paper,Škrétova
2026-11-18,bio,Škrétova
2026-11-26,generic,Škrétova
2026-12-02,plastics,Škrétova
2026-12-02,bio,Škrétova
2026-12-10,generic,Škrétova
2026-12-16,paper,Škrétova
2026-12-16,bio,Škrétova
2026-12-24,generic,Škrétova
2026-12-30,plastics,Škrétova
2026-12-30,bio,Škrétova
2026-01-08,generic,Škroupova
2026-01-14,paper,Škroupova
2026-01-14,bio,Škroupova
2026-01-22,generic,Škroupova
2026-01-28,plastics,Škroupova
2026-01-28,bio,Škroupova
2026-02-05,generic,Škroupova
2026-02-11,paper,Škroupova
2026-02-11,bio,Škroupova
2026-02-19,generic,Škroupova
2026-02-25,plastics,Škroupova
2026-02-25,bio,Škroupova
2026-03-05,generic,Škroupova
2026-03-11,paper,Škroupova
2026-03-11,bio,Škroupova
2026-03-19,generic,Škroupova
2026-03-25,plastics,Škroupova
2026-03-25,bio,Škroupova
2026-04-02,generic,Škroupova
2026-04-08,paper,Škroupova
2026-04-08,bio,Škroupova
2026-04-16,generic,Škroupova
2026-04-22,plastics,Škroupova
2026-04-22,bio,Škroupova
2026-04-30,generic,Škroupova
2026-05-06,paper,Škroupova
2026-05-06,bio,Škroupova
2026-05-14,generic,Škroupova
2026-05-20,plastics,Škroupova
2026-05-20,bio,Škroupova
2026-05-28,generic,Škroupova
2026-06-03,paper,Škroupova
2026-06-03,bio,Škroupova
2026-06-11,generic,Škroupova
2026-06-17,plastics,Škroupova
2026-06-17,bio,Škroupova
2026-06-25,generic,Škroupova
2026-07-01,paper,Škroupova
2026-07-01,bio,Škroupova
2026-07-09,generic,Škroupova
2026-07-15,plastics,Škroupova
2026-07-15,bio,Škroupova
2026-07-23,generic,Škroupova
2026-07-29,paper,Škroupova
2026-07-29,bio,Škroupova
2026-08-06,generic,Škroupova
2026-08-12,plastics,Škroupova
2026-08-12,bio,Škroupova
2026-08-20,generic,Škroupova
2026-08-26,paper,Škroupova
2026-08-26,bio,Škroupova
2026-09-03,generic,Škroupova
2026-09-09,plastics,Škroupova
2026-09-09,bio,Škroupova
2026-09-17,generic,Škroupova
2026-09-23,paper,Škroupova
2026-09-23,bio,Škroupova
2026-10-01,generic,Škroupova
2026-10-07,plastics,Škroupova
2026-10-07,bio,Škroupova
2026-10-15,generic,Škroupova
2026-10-21,paper,Škroupova
2026-10-21,bio,Škroupova
2026-10-29,generic,Škroupova
2026-11-04,plastics,Škroupova
2026-11-04,bio,Škroupova
2026-11-12,generic,Škroupova
2026-11-18,paper,Škroupova
2026-11-18,bio,Škroupova
2026-11-26,generic,Škroupova
2026-12-02,plastics,Škroupova
2026-12-02,bio,Škroupova
2026-12-10,generic,Škroupova
2026-12-16,paper,Škroupova
2026-12-16,bio,Škroupova
2026-12-24,generic,Škroupova
2026-12-30,plastics,Škroupova
2026-12-30,bio,Škroupova
2026-01-07,generic,Skupova
2026-01-14,paper,Skupova
2026-01-14,bio,Skupova
2026-01-21,generic,Skupova
2026-01-28,plastics,Skupova
2026-01-28,bio,Skupova
2026-02-04,generic,Skupova
2026-02-11,paper,Skupova
2026-02-11,bio,Skupova
2026-02-18,generic,Skupova
2026-02-25,plastics,Skupova
2026-02-25,bio,Skupova
2026-03-04,generic,Skupova
2026-03-11,paper,Skupova
2026-03-11,bio,Skupova
2026-03-18,generic,Skupova
2026-03-25,plastics,Skupova
2026-03-25,bio,Skupova
2026-04-01,generic,Skupova
2026-04-08,paper,Skupova
2026-04-08,bio,Skupova
2026-04-15,generic,Skupova
2026-04-22,plastics,Skupova
2026-04-22,bio,Skupova
2026-04-29,generic,Skupova
2026-05-06,paper,Skupova
2026-05-06,bio,Skupova
2026-05-13,generic,Skupova
2026-05-20,plastics,Skupova
2026-05-20,bio,Skupova
2026-05-27,generic,Skupova
2026-06-03,paper,Skupova
2026-06-03,bio,Skupova
2026-06-10,generic,Skupova
2026-06-17,plastics,Skupova
2026-06-17,bio,Skupova
2026-06-24,generic,Skupova
2026-07-01,paper,Skupova
2026-07-01,bio,Skupova
2026-07-08,generic,Skupova
2026-07-15,plastics,Skupova
2026-07-15,bio,Skupova
2026-07-22,generic,Skupova
2026-07-29,paper,Skupova
2026-07-29,bio,Skupova
2026-08-05,generic,Skupova
2026-08-12,plastics,Skupova
2026-08-12,bio,Skupova
2026-08-19,generic,Skupova
2026-08-26,paper,Skupova
2026-08-26,bio,Skupova
2026-09-02,generic,Skupova
2026-09-09,plastics,Skupova
2026-09-09,bio,Skupova
2026-09-16,generic,Skupova
2026-09-23,paper,Skupova
2026-09-23,bio,Skupova
2026-09-30,generic,Skupova
2026-10-07,plastics,Skupova
2026-10-07,bio,Skupova
2026-10-14,generic,Skupova
2026-10-21,paper,Skupova
2026-10-21,bio,Skupova
2026-10-28,generic,Skupova
2026-11-04,plastics,Skupova
2026-11-04,bio,Skupova
2026-11-11,generic,Skupova
2026-11-18,paper,Skupova
2026-11-18,bio,Skupova
2026-11-25,generic,Skupova
2026-12-02,plastics,Skupova
2026-12-02,bio,Skupova
2026-12-09,generic,Skupova
2026-12-16,paper,Skupova
2026-12-16,bio,Skupova
2026-12-23,generic,Skupova
2026-12-30,plastics,Skupova
2026-12-30,bio,Skupova
2026-01-08,generic,Slunéčkova
2026-01-14,paper,Slunéčkova
2026-01-14,bio,Slunéčkova
2026-01-22,generic,Slunéčkova
2026-01-28,plastics,Slunéčkova
2026-01-28,bio,Slunéčkova
2026-02-05,generic,Slunéčkova
2026-02-11,paper,Slunéčkova
2026-02-11,bio,Slunéčkova
2026-02-19,generic,Slunéčkova
2026-02-25,plastics,Slunéčkova
2026-02-25,bio,Slunéčkova
2026-03-05,generic,Slunéčkova
2026-03-11,paper,Slunéčkova
2026-03-11,bio,Slunéčkova
2026-03-19,generic,Slunéčkova
2026-03-25,plastics,Slunéčkova
2026-03-25,bio,Slunéčkova
2026-04-02,generic,Slunéčkova
2026-04-08,paper,Slunéčkova
2026-04-08,bio,Slunéčkova
2026-04-16,generic,Slunéčkova
2026-04-22,plastics,Slunéčkova
2026-04-22,bio,Slunéčkova
2026-04-30,generic,Slunéčkova
2026-05-06,paper,Slunéčkova
2026-05-06,bio,Slunéčkova
2026-05-14,generic,Slunéčkova
2026-05-20,plastics,Slunéčkova
2026-05-20,bio,Slunéčkova
2026-05-28,generic,Slunéčkova
2026-06-03,paper,Slunéčkova
2026-06-03,bio,Slunéčkova
2026-06-11,generic,Slunéčkova
2026-06-17,plastics,Slunéčkova
2026-06-17,bio,Slunéčkova
2026-06-25,generic,Slunéčkova
2026-07-01,paper,Slunéčkova
2026-07-01,bio,Slunéčkova
2026-07-09,generic,Slunéčkova
2026-07-15,plastics,Slunéčkova
2026-07-15,bio,Slunéčkova
2026-07-23,generic,Slunéčkova
2026-07-29,paper,Slunéčkova
2026-07-29,bio,Slunéčkova
2026-08-06,generic,Slunéčkova
2026-08-12,plastics,Slunéčkova
2026-08-12,bio,Slunéčkova
2026-08-20,generic,Slunéčkova
2026-08-26,paper,Slunéčkova
2026-08-26,bio,Slunéčkova
2026-09-03,generic,Slunéčkova
2026-09-09,plastics,Slunéčkova
2026-09-09,bio,Slunéčkova
2026-09-17,generic,Slunéčkova
2026-09-23,paper,Slunéčkova
2026-09-23,bio,Slunéčkova
2026-10-01,generic,Slunéčkova
2026-10-07,plastics,Slunéčkova
2026-10-07,bio,Slunéčkova
2026-10-15,generic,Slunéčkova
2026-10-21,paper,Slunéčkova
2026-10-21,bio,Slunéčkova
2026-10-29,generic,Slunéčkova
2026-11-04,plastics,Slunéčkova
2026-11-04,bio,Slunéčkova
2026-11-12,generic,Slunéčkova
2026-11-18,paper,Slunéčkova
2026-11-18,bio,Slunéčkova
2026-11-26,generic,Slunéčkova
2026-12-02,plastics,Slunéčkova
2026-12-02,bio,Slunéčkova
2026-12-10,generic,Slunéčkova
2026-12-16,paper,Slunéčkova
2026-12-16,bio,Slunéčkova
2026-12-24,generic,Slunéčkova
2026-12-30,plastics,Slunéčkova
2026-12-30,bio,Slunéčkova
2026-01-08,generic,Šmeralova
2026-01-14,paper,Šmeralova
2026-01-14,bio,Šmeralova
2026-01-22,generic,Šmeralova
2026-01-28,plastics,Šmeralova
2026-01-28,bio,Šmeralova
2026-02-05,generic,Šmeralova
2026-02-11,paper,Šmeralova
2026-02-11,bio,Šmeralova
2026-02-19,generic,Šmeralova
2026-02-25,plastics,Šmeralova
2026-02-25,bio,Šmeralova
2026-03-05,generic,Šmeralova
2026-03-11,paper,Šmeralova
2026-03-11,bio,Šmeralova
2026-03-19,generic,Šmeralova
2026-03-25,plastics,Šmeralova
2026-03-25,bio,Šmeralova
2026-04-02,generic,Šmeralova
2026-04-08,paper,Šmeralova
2026-04-08,bio,Šmeralova
2026-04-16,generic,Šmeralova
2026-04-22,plastics,Šmeralova
2026-04-22,bio,Šmeralova
2026-04-30,generic,Šmeralova
2026-05-06,paper,Šmeralova
2026-05-06,bio,Šmeralova
2026-05-14,generic,Šmeralova
2026-05-20,plastics,Šmeralova
2026-05-20,bio,Šmeralova
2026-05-28,generic,Šmeralova
2026-06-03,paper,Šmeralova
2026-06-03,bio,Šmeralova
2026-06-11,generic,Šmeralova
2026-06-17,plastics,Šmeralova
2026-06-17,bio,Šmeralova
2026-06-25,generic,Šmeralova
2026-07-01,paper,Šmeralova
2026-07-01,bio,Šmeralova
2026-07-09,generic,Šmeralova
2026-07-15,plastics,Šmeralova
2026-07-15,bio,Šmeralova
2026-07-23,generic,Šmeralova
2026-07-29,paper,Šmeralova
2026-07-29,bio,Šmeralova
2026-08-06,generic,Šmeralova
2026-08-12,plastics,Šmeralova
2026-08-12,bio,Šmeralova
2026-08-20,generic,Šmeralova
2026-08-26,paper,Šmeralova
2026-08-26,bio,Šmeralova
2026-09-03,generic,Šmeralova
2026-09-09,plastics,Šmeralova
2026-09-09,bio,Šmeralova
2026-09-17,generic,Šmeralova
2026-09-23,paper,Šmeralova
2026-09-23,bio,Šmeralova
2026-10-01,generic,Šmeralova
2026-10-07,plastics,Šmeralova
2026-10-07,bio,Šmeralova
2026-10-15,generic,Šmeralova
2026-10-21,paper,Šmeralova
2026-10-21,bio,Šmeralova
2026-10-29,generic,Šmeralova
2026-11-04,plastics,Šmeralova
2026-11-04,bio,Šmeralova
2026-11-12,generic,Šmeralova
2026-11-18,paper,Šmeralova
2026-11-18,bio,Šmeralova
2026-11-26,generic,Šmeralova
2026-12-02,plastics,Šmeralova
2026-12-02,bio,Šmeralova
2026-12-10,generic,Šmeralova
2026-12-16,paper,Šmeralova
2026-12-16,bio,Šmeralova
2026-12-24,generic,Šmeralova
2026-12-30,plastics,Šmeralova
2026-12-30,bio,Šmeralova
2026-01-08,generic,Smetanova
2026-01-14,paper,Smetanova
2026-01-14,bio,Smetanova
2026-01-22,generic,Smetanova
2026-01-28,plastics,Smetanova
2026-01-28,bio,Smetanova
2026-02-05,generic,Smetanova
2026-02-11,paper,Smetanova
2026-02-11,bio,Smetanova
2026-02-19,generic,Smetanova
2026-02-25,plastics,Smetanova
2026-02-25,bio,Smetanova
2026-03-05,generic,Smetanova
2026-03-11,paper,Smetanova
2026-03-11,bio,Smetanova
2026-03-19,generic,Smetanova
2026-03-25,plastics,Smetanova
2026-03-25,bio,Smetanova
2026-04-02,generic,Smetanova
2026-04-08,paper,Smetanova
2026-04-08,bio,Smetanova
2026-04-16,generic,Smetanova
2026-04-22,plastics,Smetanova
2026-04-22,bio,Smetanova
2026-04-30,generic,Smetanova
2026-05-06,paper,Smetanova
2026-05-06,bio,Smetanova
2026-05-14,generic,Smetanova
2026-05-20,plastics,Smetanova
2026-05-20,bio,Smetanova
2026-05-28,generic,Smetanova
2026-06-03,paper,Smetanova
2026-06-03,bio,Smetanova
2026-06-11,generic,Smetanova
2026-06-17,plastics,Smetanova
2026-06-17,bio,Smetanova
2026-06-25,generic,Smetanova
2026-07-01,paper,Smetanova
2026-07-01,bio,Smetanova
2026-07-09,generic,Smetanova
2026-07-15,plastics,Smetanova
2026-07-15,bio,Smetanova
2026-07-23,generic,Smetanova
2026-07-29,paper,Smetanova
2026-07-29,bio,Smetanova
2026-08-06,generic,Smetanova
2026-08-12,plastics,Smetanova
2026-08-12,bio,Smetanova
2026-08-20,generic,Smetanova
2026-08-26,paper,Smetanova
2026-08-26,bio,Smetanova
2026-09-03,generic,Smetanova
2026-09-09,plastics,Smetanova
2026-09-09,bio,Smetanova
2026-09-17,generic,Smetanova
2026-09-23,paper,Smetanova
2026-09-23,bio,Smetanova
2026-10-01,generic,Smetanova
2026-10-07,plastics,Smetanova
2026-10-07,bio,Smetanova
2026-10-15,generic,Smetanova
2026-10-21,paper,Smetanova
2026-10-21,bio,Smetanova
2026-10-29,generic,Smetanova
2026-11-04,plastics,Smetanova
2026-11-04,bio,Smetanova
2026-11-12,generic,Smetanova
2026-11-18,paper,Smetanova
2026-11-18,bio,Smetanova
2026-11-26,generic,Smetanova
2026-12-02,plastics,Smetanova
2026-12-02,bio,Smetanova
2026-12-10,generic,Smetanova
2026-12-16,paper,Smetanova
2026-12-16,bio,Smetanova
2026-12-24,generic,Smetanova
2026-12-30,plastics,Smetanova
2026-12-30,bio,Smetanova
2026-01-06,generic,Sojovická
2026-01-14,paper,Sojovická
2026-01-14,bio,Sojovická
2026-01-20,generic,Sojovická
2026-01-28,plastics,Sojovická
2026-01-28,bio,Sojovická
2026-02-03,generic,Sojovická
2026-02-11,paper,Sojovická
2026-02-11,bio,Sojovická
2026-02-17,generic,Sojovická
2026-02-25,plastics,Sojovická
2026-02-25,bio,Sojovická
2026-03-03,generic,Sojovická
2026-03-11,paper,Sojovická
2026-03-11,bio,Sojovická
2026-03-17,generic,Sojovická
2026-03-25,plastics,Sojovická
2026-03-25,bio,Sojovická
2026-03-31,generic,Sojovická
2026-04-08,paper,Sojovická
2026-04-08,bio,Sojovická
2026-04-14,generic,Sojovická
2026-04-22,plastics,Sojovická
2026-04-22,bio,Sojovická
2026-04-28,generic,Sojovická
2026-05-06,paper,Sojovická
2026-05-06,bio,Sojovická
2026-05-12,generic,Sojovická
2026-05-20,plastics,Sojovická
2026-05-20,bio,Sojovická
2026-05-26,generic,Sojovická
2026-06-03,paper,Sojovická
2026-06-03,bio,Sojovická
2026-06-09,generic,Sojovická
2026-06-17,plastics,Sojovická
2026-06-17,bio,Sojovická
2026-06-23,generic,Sojovická
2026-07-01,paper,Sojovická
2026-07-01,bio,Sojovická
2026-07-07,generic,Sojovická
2026-07-15,plastics,Sojovická
2026-07-15,bio,Sojovická
2026-07-21,generic,Sojovická
2026-07-29,paper,Sojovická
2026-07-29,bio,Sojovická
2026-08-04,generic,Sojovická
2026-08-12,plastics,Sojovická
2026-08-12,bio,Sojovická
2026-08-18,generic,Sojovická
2026-08-26,paper,Sojovická
2026-08-26,bio,Sojovická
2026-09-01,generic,Sojovická
2026-09-09,plastics,Sojovická
2026-09-09,bio,Sojovická
2026-09-15,generic,Sojovická
2026-09-23,paper,Sojovická
2026-09-23,bio,Sojovická
2026-09-29,generic,Sojovická
2026-10-07,plastics,Sojovická
2026-10-07,bio,Sojovická
2026-10-13,generic,Sojovická
2026-10-21,paper,Sojovická
2026-10-21,bio,Sojovická
2026-10-27,generic,Sojovická
2026-11-04,plastics,Sojovická
2026-11-04,bio,Sojovická
2026-11-10,generic,Sojovická
2026-11-18,paper,Sojovická
2026-11-18,bio,Sojovická
2026-11-24,generic,Sojovická
2026-12-02,plastics,Sojovická
2026-12-02,bio,Sojovická
2026-12-08,generic,Sojovická
2026-12-16,paper,Sojovická
2026-12-16,bio,Sojovická
2026-12-22,generic,Sojovická
2026-12-30,plastics,Sojovická
2026-12-30,bio,Sojovická
2026-01-08,generic,Sokolovská
2026-01-14,paper,Sokolovská
2026-01-14,bio,Sokolovská
2026-01-22,generic,Sokolovská
2026-01-28,plastics,Sokolovská
2026-01-28,bio,Sokolovská
2026-02-05,generic,Sokolovská
2026-02-11,paper,Sokolovská
2026-02-11,bio,Sokolovská
2026-02-19,generic,Sokolovská
2026-02-25,plastics,Sokolovská
2026-02-25,bio,Sokolovská
2026-03-05,generic,Sokolovská
2026-03-11,paper,Sokolovská
2026-03-11,bio,Sokolovská
2026-03-19,generic,Sokolovská
2026-03-25,plastics,Sokolovská
2026-03-25,bio,Sokolovská
2026-04-02,generic,Sokolovská
2026-04-08,paper,Sokolovská
2026-04-08,bio,Sokolovská
2026-04-16,generic,Sokolovská
2026-04-22,plastics,Sokolovská
2026-04-22,bio,Sokolovská
2026-04-30,generic,Sokolovská
2026-05-06,paper,Sokolovská
2026-05-06,bio,Sokolovská
2026-05-14,generic,Sokolovská
2026-05-20,plastics,Sokolovská
2026-05-20,bio,Sokolovská
2026-05-28,generic,Sokolovská
2026-06-03,paper,Sokolovská
2026-06-03,bio,Sokolovská
2026-06-11,generic,Sokolovská
2026-06-17,plastics,Sokolovská
2026-06-17,bio,Sokolovská
2026-06-25,generic,Sokolovská
2026-07-01,paper,Sokolovská
2026-07-01,bio,Sokolovská
2026-07-09,generic,Sokolovská
2026-07-15,plastics,Sokolovská
2026-07-15,bio,Sokolovská
2026-07-23,generic,Sokolovská
2026-07-29,paper,Sokolovská
2026-07-29,bio,Sokolovská
2026-08-06,generic,Sokolovská
2026-08-12,plastics,Sokolovská
2026-08-12,bio,Sokolovská
2026-08-20,generic,Sokolovská
2026-08-26,paper,Sokolovská
2026-08-26,bio,Sokolovská
2026-09-03,generic,Sokolovská
2026-09-09,plastics,Sokolovská
2026-09-09,bio,Sokolovská
2026-09-17,generic,Sokolovská
2026-09-23,paper,Sokolovská
2026-09-23,bio,Sokolovská
2026-10-01,generic,Sokolovská
2026-10-07,plastics,Sokolovská
2026-10-07,bio,Sokolovská
2026-10-15,generic,Sokolovská
2026-10-21,paper,Sokolovská
2026-10-21,bio,Sokolovská
2026-10-29,generic,Sokolovská
2026-11-04,plastics,Sokolovská
2026-11-04,bio,Sokolovská
2026-11-12,generic,Sokolovská
2026-11-18,paper,Sokolovská
2026-11-18,bio,Sokolovská
2026-11-26,generic,Sokolovská
2026-12-02,plastics,Sokolovská
2026-12-02,bio,Sokolovská
2026-12-10,generic,Sokolovská
2026-12-16,paper,Sokolovská
2026-12-16,bio,Sokolovská
2026-12-24,generic,Sokolovská
2026-12-30,plastics,Sokolovská
2026-12-30,bio,Sokolovská
2026-01-08,generic,Sokolská
2026-01-14,paper,Sokolská
2026-01-14,bio,Sokolská
2026-01-22,generic,Sokolská
2026-01-28,plastics,Sokolská
2026-01-28,bio,Sokolská
2026-02-05,generic,Sokolská
2026-02-11,paper,Sokolská
2026-02-11,bio,Sokolská
2026-02-19,generic,Sokolská
2026-02-25,plastics,Sokolská
2026-02-25,bio,Sokolská
2026-03-05,generic,Sokolská
2026-03-11,paper,Sokolská
2026-03-11,bio,Sokolská
2026-03-19,generic,Sokolská
2026-03-25,plastics,Sokolská
2026-03-25,bio,Sokolská
2026-04-02,generic,Sokolská
2026-04-08,paper,Sokolská
2026-04-08,bio,Sokolská
2026-04-16,generic,Sokolská
2026-04-22,plastics,Sokolská
2026-04-22,bio,Sokolská
2026-04-30,generic,Sokolská
2026-05-06,paper,Sokolská
2026-05-06,bio,Sokolská
2026-05-14,generic,Sokolská
2026-05-20,plastics,Sokolská
2026-05-20,bio,Sokolská
2026-05-28,generic,Sokolská
2026-06-03,paper,Sokolská
2026-06-03,bio,Sokolská
2026-06-11,generic,Sokolská
2026-06-17,plastics,Sokolská
2026-06-17,bio,Sokolská
2026-06-25,generic,Sokolská
2026-07-01,paper,Sokolská
2026-07-01,bio,Sokolská
2026-07-09,generic,Sokolská
2026-07-15,plastics,Sokolská
2026-07-15,bio,Sokolská
2026-07-23,generic,Sokolská
2026-07-29,paper,Sokolská
2026-07-29,bio,Sokolská
2026-08-06,generic,Sokolská
2026-08-12,plastics,Sokolská
2026-08-12,bio,Sokolská
2026-08-20,generic,Sokolská
2026-08-26,paper,Sokolská
2026-08-26,bio,Sokolská
2026-09-03,generic,Sokolská
2026-09-09,plastics,Sokolská
2026-09-09,bio,Sokolská
2026-09-17,generic,Sokolská
2026-09-23,paper,Sokolská
2026-09-23,bio,Sokolská
2026-10-01,generic,Sokolská
2026-10-07,plastics,Sokolská
2026-10-07,bio,Sokolská
2026-10-15,generic,Sokolská
2026-10-21,paper,Sokolská
2026-10-21,bio,Sokolská
2026-10-29,generic,Sokolská
2026-11-04,plastics,Sokolská
2026-11-04,bio,Sokolská
2026-11-12,generic,Sokolská
2026-11-18,paper,Sokolská
2026-11-18,bio,Sokolská
2026-11-26,generic,Sokolská
2026-12-02,plastics,Sokolská
2026-12-02,bio,Sokolská
2026-12-10,generic,Sokolská
2026-12-16,paper,Sokolská
2026-12-16,bio,Sokolská
2026-12-24,generic,Sokolská
2026-12-30,plastics,Sokolská
2026-12-30,bio,Sokolská
2026-01-08,generic,Spojovací
2026-01-14,paper,Spojovací
2026-01-14,bio,Spojovací
2026-01-22,generic,Spojovací
2026-01-28,plastics,Spojovací
2026-01-28,bio,Spojovací
2026-02-05,generic,Spojovací
2026-02-11,paper,Spojovací
2026-02-11,bio,Spojovací
2026-02-19,generic,Spojovací
2026-02-25,plastics,Spojovací
2026-02-25,bio,Spojovací
2026-03-05,generic,Spojovací
2026-03-11,paper,Spojovací
2026-03-11,bio,Spojovací
2026-03-19,generic,Spojovací
2026-03-25,plastics,Spojovací
2026-03-25,bio,Spojovací
2026-04-02,generic,Spojovací
2026-04-08,paper,Spojovací
2026-04-08,bio,Spojovací
2026-04-16,generic,Spojovací
2026-04-22,plastics,Spojovací
2026-04-22,bio,Spojovací
2026-04-30,generic,Spojovací
2026-05-06,paper,Spojovací
2026-05-06,bio,Spojovací
2026-05-14,generic,Spojovací
2026-05-20,plastics,Spojovací
2026-05-20,bio,Spojovací
2026-05-28,generic,Spojovací
2026-06-03,paper,Spojovací
2026-06-03,bio,Spojovací
2026-06-11,generic,Spojovací
2026-06-17,plastics,Spojovací
2026-06-17,bio,Spojovací
2026-06-25,generic,Spojovací
2026-07-01,paper,Spojovací
2026-07-01,bio,Spojovací
2026-07-09,generic,Spojovací
2026-07-15,plastics,Spojovací
2026-07-15,bio,Spojovací
2026-07-23,generic,Spojovací
2026-07-29,paper,Spojovací
2026-07-29,bio,Spojovací
2026-08-06,generic,Spojovací
2026-08-12,plastics,Spojovací
2026-08-12,bio,Spojovací
2026-08-20,generic,Spojovací
2026-08-26,paper,Spojovací
2026-08-26,bio,Spojovací
2026-09-03,generic,Spojovací
2026-09-09,plastics,Spojovací
2026-09-09,bio,Spojovací
2026-09-17,generic,Spojovací
2026-09-23,paper,Spojovací
2026-09-23,bio,Spojovací
2026-10-01,generic,Spojovací
2026-10-07,plastics,Spojovací
2026-10-07,bio,Spojovací
2026-10-15,generic,Spojovací
2026-10-21,paper,Spojovací
2026-10-21,bio,Spojovací
2026-10-29,generic,Spojovací
2026-11-04,plastics,Spojovací
2026-11-04,bio,Spojovací
2026-11-12,generic,Spojovací
2026-11-18,paper,Spojovací
2026-11-18,bio,Spojovací
2026-11-26,generic,Spojovací
2026-12-02,plastics,Spojovací
2026-12-02,bio,Spojovací
2026-12-10,generic,Spojovací
2026-12-16,paper,Spojovací
2026-12-16,bio,Spojovací
2026-12-24,generic,Spojovací
2026-12-30,plastics,Spojovací
2026-12-30,bio,Spojovací
2026-01-06,generic,Šporkova
2026-01-14,paper,Šporkova
2026-01-14,bio,Šporkova
2026-01-20,generic,Šporkova
2026-01-28,plastics,Šporkova
2026-01-28,bio,Šporkova
2026-02-03,generic,Šporkova
2026-02-11,paper,Šporkova
2026-02-11,bio,Šporkova
2026-02-17,generic,Šporkova
2026-02-25,plastics,Šporkova
2026-02-25,bio,Šporkova
2026-03-03,generic,Šporkova
2026-03-11,paper,Šporkova
2026-03-11,bio,Šporkova
2026-03-17,generic,Šporkova
2026-03-25,plastics,Šporkova
2026-03-25,bio,Šporkova
2026-03-31,generic,Šporkova
2026-04-08,paper,Šporkova
2026-04-08,bio,Šporkova
2026-04-14,generic,Šporkova
2026-04-22,plastics,Šporkova
2026-04-22,bio,Šporkova
2026-04-28,generic,Šporkova
2026-05-06,paper,Šporkova
2026-05-06,bio,Šporkova
2026-05-12,generic,Šporkova
2026-05-20,plastics,Šporkova
2026-05-20,bio,Šporkova
2026-05-26,generic,Šporkova
2026-06-03,paper,Šporkova
2026-06-03,bio,Šporkova
2026-06-09,generic,Šporkova
2026-06-17,plastics,Šporkova
2026-06-17,bio,Šporkova
2026-06-23,generic,Šporkova
2026-07-01,paper,Šporkova
2026-07-01,bio,Šporkova
2026-07-07,generic,Šporkova
2026-07-15,plastics,Šporkova
2026-07-15,bio,Šporkova
2026-07-21,generic,Šporkova
2026-07-29,paper,Šporkova
2026-07-29,bio,Šporkova
2026-08-04,generic,Šporkova
2026-08-12,plastics,Šporkova
2026-08-12,bio,Šporkova
2026-08-18,generic,Šporkova
2026-08-26,paper,Šporkova
2026-08-26,bio,Šporkova
2026-09-01,generic,Šporkova
2026-09-09,plastics,Šporkova
2026-09-09,bio,Šporkova
2026-09-15,generic,Šporkova
2026-09-23,paper,Šporkova
2026-09-23,bio,Šporkova
2026-09-29,generic,Šporkova
2026-10-07,plastics,Šporkova
2026-10-07,bio,Šporkova
2026-10-13,generic,Šporkova
2026-10-21,paper,Šporkova
2026-10-21,bio,Šporkova
2026-10-27,generic,Šporkova
2026-11-04,plastics,Šporkova
2026-11-04,bio,Šporkova
2026-11-10,generic,Šporkova
2026-11-18,paper,Šporkova
2026-11-18,bio,Šporkova
2026-11-24,generic,Šporkova
2026-12-02,plastics,Šporkova
2026-12-02,bio,Šporkova
2026-12-08,generic,Šporkova
2026-12-16,paper,Šporkova
2026-12-16,bio,Šporkova
2026-12-22,generic,Šporkova
2026-12-30,plastics,Šporkova
2026-12-30,bio,Šporkova
2026-01-06,generic,Stržiště
2026-01-14,paper,Stržiště
2026-01-14,bio,Stržiště
2026-01-20,generic,Stržiště
2026-01-28,plastics,Stržiště
2026-01-28,bio,Stržiště
2026-02-03,generic,Stržiště
2026-02-11,paper,Stržiště
2026-02-11,bio,Stržiště
2026-02-17,generic,Stržiště
2026-02-25,plastics,Stržiště
2026-02-25,bio,Stržiště
2026-03-03,generic,Stržiště
2026-03-11,paper,Stržiště
2026-03-11,bio,Stržiště
2026-03-17,generic,Stržiště
2026-03-25,plastics,Stržiště
2026-03-25,bio,Stržiště
2026-03-31,generic,Stržiště
2026-04-08,paper,Stržiště
2026-04-08,bio,Stržiště
2026-04-14,generic,Stržiště
2026-04-22,plastics,Stržiště
2026-04-22,bio,Stržiště
2026-04-28,generic,Stržiště
2026-05-06,paper,Stržiště
2026-05-06,bio,Stržiště
2026-05-12,generic,Stržiště
2026-05-20,plastics,Stržiště
2026-05-20,bio,Stržiště
2026-05-26,generic,Stržiště
2026-06-03,paper,Stržiště
2026-06-03,bio,Stržiště
2026-06-09,generic,Stržiště
2026-06-17,plastics,Stržiště
2026-06-17,bio,Stržiště
2026-06-23,generic,Stržiště
2026-07-01,paper,Stržiště
2026-07-01,bio,Stržiště
2026-07-07,generic,Stržiště
2026-07-15,plastics,Stržiště
2026-07-15,bio,Stržiště
2026-07-21,generic,Stržiště
2026-07-29,paper,Stržiště
2026-07-29,bio,Stržiště
2026-08-04,generic,Stržiště
2026-08-12,plastics,Stržiště
2026-08-12,bio,Stržiště
2026-08-18,generic,Stržiště
2026-08-26,paper,Stržiště
2026-08-26,bio,Stržiště
2026-09-01,generic,Stržiště
2026-09-09,plastics,Stržiště
2026-09-09,bio,Stržiště
2026-09-15,generic,Stržiště
2026-09-23,paper,Stržiště
2026-09-23,bio,Stržiště
2026-09-29,generic,Stržiště
2026-10-07,plastics,Stržiště
2026-10-07,bio,Stržiště
2026-10-13,generic,Stržiště
2026-10-21,paper,Stržiště
2026-10-21,bio,Stržiště
2026-10-27,generic,Stržiště
2026-11-04,plastics,Stržiště
2026-11-04,bio,Stržiště
2026-11-10,generic,Stržiště
2026-11-18,paper,Stržiště
2026-11-18,bio,Stržiště
2026-11-24,generic,Stržiště
2026-12-02,plastics,Stržiště
2026-12-02,bio,Stržiště
2026-12-08,generic,Stržiště
2026-12-16,paper,Stržiště
2026-12-16,bio,Stržiště
2026-12-22,generic,Stržiště
2026-12-30,plastics,Stržiště
2026-12-30,bio,Stržiště
2026-01-08,generic,Švermova
2026-01-14,paper,Švermova
2026-01-14,bio,Švermova
2026-01-22,generic,Švermova
2026-01-28,plastics,Švermova
2026-01-28,bio,Švermova
2026-02-05,generic,Švermova
2026-02-11,paper,Švermova
2026-02-11,bio,Švermova
2026-02-19,generic,Švermova
2026-02-25,plastics,Švermova
2026-02-25,bio,Švermova
2026-03-05,generic,Švermova
2026-03-11,paper,Švermova
2026-03-11,bio,Švermova
2026-03-19,generic,Švermova
2026-03-25,plastics,Švermova
2026-03-25,bio,Švermova
2026-04-02,generic,Švermova
2026-04-08,paper,Švermova
2026-04-08,bio,Švermova
2026-04-16,generic,Švermova
2026-04-22,plastics,Švermova
2026-04-22,bio,Švermova
2026-04-30,generic,Švermova
2026-05-06,paper,Švermova
2026-05-06,bio,Švermova
2026-05-14,generic,Švermova
2026-05-20,plastics,Švermova
2026-05-20,bio,Švermova
2026-05-28,generic,Švermova
2026-06-03,paper,Švermova
2026-06-03,bio,Švermova
2026-06-11,generic,Švermova
2026-06-17,plastics,Švermova
2026-06-17,bio,Švermova
2026-06-25,generic,Švermova
2026-07-01,paper,Švermova
2026-07-01,bio,Švermova
2026-07-09,generic,Švermova
2026-07-15,plastics,Švermova
2026-07-15,bio,Švermova
2026-07-23,generic,Švermova
2026-07-29,paper,Švermova
2026-07-29,bio,Švermova
2026-08-06,generic,Švermova
2026-08-12,plastics,Švermova
2026-08-12,bio,Švermova
2026-08-20,generic,Švermova
2026-08-26,paper,Švermova
2026-08-26,bio,Švermova
2026-09-03,generic,Švermova
2026-09-09,plastics,Švermova
2026-09-09,bio,Švermova
2026-09-17,generic,Švermova
2026-09-23,paper,Švermova
2026-09-23,bio,Švermova
2026-10-01,generic,Švermova
2026-10-07,plastics,Švermova
2026-10-07,bio,Švermova
2026-10-15,generic,Švermova
2026-10-21,paper,Švermova
2026-10-21,bio,Švermova
2026-10-29,generic,Švermova
2026-11-04,plastics,Švermova
2026-11-04,bio,Švermova
2026-11-12,generic,Švermova
2026-11-18,paper,Švermova
2026-11-18,bio,Švermova
2026-11-26,generic,Švermova
2026-12-02,plastics,Švermova
2026-12-02,bio,Švermova
2026-12-10,generic,Švermova
2026-12-16,paper,Švermova
2026-12-16,bio,Švermova
2026-12-24,generic,Švermova
2026-12-30,plastics,Švermova
2026-12-30,bio,Švermova
2026-01-08,generic,Třebízského
2026-01-14,paper,Třebízského
2026-01-14,bio,Třebízského
2026-01-22,generic,Třebízského
2026-01-28,plastics,Třebízského
2026-01-28,bio,Třebízského
2026-02-05,generic,Třebízského
2026-02-11,paper,Třebízského
2026-02-11,bio,Třebízského
2026-02-19,generic,Třebízského
2026-02-25,plastics,Třebízského
2026-02-25,bio,Třebízského
2026-03-05,generic,Třebízského
2026-03-11,paper,Třebízského
2026-03-11,bio,Třebízského
2026-03-19,generic,Třebízského
2026-03-25,plastics,Třebízského
2026-03-25,bio,Třebízského
2026-04-02,generic,Třebízského
2026-04-08,paper,Třebízského
2026-04-08,bio,Třebízského
2026-04-16,generic,Třebízského
2026-04-22,plastics,Třebízského
2026-04-22,bio,Třebízského
2026-04-30,generic,Třebízského
2026-05-06,paper,Třebízského
2026-05-06,bio,Třebízského
2026-05-14,generic,Třebízského
2026-05-20,plastics,Třebízského
2026-05-20,bio,Třebízského
2026-05-28,generic,Třebízského
2026-06-03,paper,Třebízského
2026-06-03,bio,Třebízského
2026-06-11,generic,Třebízského
2026-06-17,plastics,Třebízského
2026-06-17,bio,Třebízského
2026-06-25,generic,Třebízského
2026-07-01,paper,Třebízského
2026-07-01,bio,Třebízského
2026-07-09,generic,Třebízského
2026-07-15,plastics,Třebízského
2026-07-15,bio,Třebízského
2026-07-23,generic,Třebízského
2026-07-29,paper,Třebízského
2026-07-29,bio,Třebízského
2026-08-06,generic,Třebízského
2026-08-12,plastics,Třebízského
2026-08-12,bio,Třebízského
2026-08-20,generic,Třebízského
2026-08-26,paper,Třebízského
2026-08-26,bio,Třebízského
2026-09-03,generic,Třebízského
2026-09-09,plastics,Třebízského
2026-09-09,bio,Třebízského
2026-09-17,generic,Třebízského
2026-09-23,paper,Třebízského
2026-09-23,bio,Třebízského
2026-10-01,generic,Třebízského
2026-10-07,plastics,Třebízského
2026-10-07,bio,Třebízského
2026-10-15,generic,Třebízského
2026-10-21,paper,Třebízského
2026-10-21,bio,Třebízského
2026-10-29,generic,Třebízského
2026-11-04,plastics,Třebízského
2026-11-04,bio,Třebízského
2026-11-12,generic,Třebízského
2026-11-18,paper,Třebízského
2026-11-18,bio,Třebízského
2026-11-26,generic,Třebízského
2026-12-02,plastics,Třebízského
2026-12-02,bio,Třebízského
2026-12-10,generic,Třebízského
2026-12-16,paper,Třebízského
2026-12-16,bio,Třebízského
2026-12-24,generic,Třebízského
2026-12-30,plastics,Třebízského
2026-12-30,bio,Třebízského
2026-01-08,generic,Třešňová
2026-01-14,paper,Třešňová
2026-01-14,bio,Třešňová
2026-01-22,generic,Třešňová
2026-01-28,plastics,Třešňová
2026-01-28,bio,Třešňová
2026-02-05,generic,Třešňová
2026-02-11,paper,Třešňová
2026-02-11,bio,Třešňová
2026-02-19,generic,Třešňová
2026-02-25,plastics,Třešňová
2026-02-25,bio,Třešňová
2026-03-05,generic,Třešňová
2026-03-11,paper,Třešňová
2026-03-11,bio,Třešňová
2026-03-19,generic,Třešňová
2026-03-25,plastics,Třešňová
2026-03-25,bio,Třešňová
2026-04-02,generic,Třešňová
2026-04-08,paper,Třešňová
2026-04-08,bio,Třešňová
2026-04-16,generic,Třešňová
2026-04-22,plastics,Třešňová
2026-04-22,bio,Třešňová
2026-04-30,generic,Třešňová
2026-05-06,paper,Třešňová
2026-05-06,bio,Třešňová
2026-05-14,generic,Třešňová
2026-05-20,plastics,Třešňová
2026-05-20,bio,Třešňová
2026-05-28,generic,Třešňová
2026-06-03,paper,Třešňová
2026-06-03,bio,Třešňová
2026-06-11,generic,Třešňová
2026-06-17,plastics,Třešňová
2026-06-17,bio,Třešňová
2026-06-25,generic,Třešňová
2026-07-01,paper,Třešňová
2026-07-01,bio,Třešňová
2026-07-09,generic,Třešňová
2026-07-15,plastics,Třešňová
2026-07-15,bio,Třešňová
2026-07-23,generic,Třešňová
2026-07-29,paper,Třešňová
2026-07-29,bio,Třešňová
2026-08-06,generic,Třešňová
2026-08-12,plastics,Třešňová
2026-08-12,bio,Třešňová
2026-08-20,generic,Třešňová
2026-08-26,paper,Třešňová
2026-08-26,bio,Třešňová
2026-09-03,generic,Třešňová
2026-09-09,plastics,Třešňová
2026-09-09,bio,Třešňová
2026-09-17,generic,Třešňová
2026-09-23,paper,Třešňová
2026-09-23,bio,Třešňová
2026-10-01,generic,Třešňová
2026-10-07,plastics,Třešňová
2026-10-07,bio,Třešňová
2026-10-15,generic,Třešňová
2026-10-21,paper,Třešňová
2026-10-21,bio,Třešňová
2026-10-29,generic,Třešňová
2026-11-04,plastics,Třešňová
2026-11-04,bio,Třešňová
2026-11-12,generic,Třešňová
2026-11-18,paper,Třešňová
2026-11-18,bio,Třešňová
2026-11-26,generic,Třešňová
2026-12-02,plastics,Třešňová
2026-12-02,bio,Třešňová
2026-12-10,generic,Třešňová
2026-12-16,paper,Třešňová
2026-12-16,bio,Třešňová
2026-12-24,generic,Třešňová
2026-12-30,plastics,Třešňová
2026-12-30,bio,Třešňová
2026-01-07,generic,Tylova
2026-01-14,paper,Tylova
2026-01-14,bio,Tylova
2026-01-21,generic,Tylova
2026-01-28,plastics,Tylova
2026-01-28,bio,Tylova
2026-02-04,generic,Tylova
2026-02-11,paper,Tylova
2026-02-11,bio,Tylova
2026-02-18,generic,Tylova
2026-02-25,plastics,Tylova
2026-02-25,bio,Tylova
2026-03-04,generic,Tylova
2026-03-11,paper,Tylova
2026-03-11,bio,Tylova
2026-03-18,generic,Tylova
2026-03-25,plastics,Tylova
2026-03-25,bio,Tylova
2026-04-01,generic,Tylova
2026-04-08,paper,Tylova
2026-04-08,bio,Tylova
2026-04-15,generic,Tylova
2026-04-22,plastics,Tylova
2026-04-22,bio,Tylova
2026-04-29,generic,Tylova
2026-05-06,paper,Tylova
2026-05-06,bio,Tylova
2026-05-13,generic,Tylova
2026-05-20,plastics,Tylova
2026-05-20,bio,Tylova
2026-05-27,generic,Tylova
2026-06-03,paper,Tylova
2026-06-03,bio,Tylova
2026-06-10,generic,Tylova
2026-06-17,plastics,Tylova
2026-06-17,bio,Tylova
2026-06-24,generic,Tylova
2026-07-01,paper,Tylova
2026-07-01,bio,Tylova
2026-07-08,generic,Tylova
2026-07-15,plastics,Tylova
2026-07-15,bio,Tylova
2026-07-22,generic,Tylova
2026-07-29,paper,Tylova
2026-07-29,bio,Tylova
2026-08-05,generic,Tylova
2026-08-12,plastics,Tylova
2026-08-12,bio,Tylova
2026-08-19,generic,Tylova
2026-08-26,paper,Tylova
2026-08-26,bio,Tylova
2026-09-02,generic,Tylova
2026-09-09,plastics,Tylova
2026-09-09,bio,Tylova
2026-09-16,generic,Tylova
2026-09-23,paper,Tylova
2026-09-23,bio,Tylova
2026-09-30,generic,Tylova
2026-10-07,plastics,Tylova
2026-10-07,bio,Tylova
2026-10-14,generic,Tylova
2026-10-21,paper,Tylova
2026-10-21,bio,Tylova
2026-10-28,generic,Tylova
2026-11-04,plastics,Tylova
2026-11-04,bio,Tylova
2026-11-11,generic,Tylova
2026-11-18,paper,Tylova
2026-11-18,bio,Tylova
2026-11-25,generic,Tylova
2026-12-02,plastics,Tylova
2026-12-02,bio,Tylova
2026-12-09,generic,Tylova
2026-12-16,paper,Tylova
2026-12-16,bio,Tylova
2026-12-23,generic,Tylova
2026-12-30,plastics,Tylova
2026-12-30,bio,Tylova
2026-01-06,generic,Tyršova
2026-01-14,paper,Tyršova
2026-01-14,bio,Tyršova
2026-01-20,generic,Tyršova
2026-01-28,plastics,Tyršova
2026-01-28,bio,Tyršova
2026-02-03,generic,Tyršova
2026-02-11,paper,Tyršova
2026-02-11,bio,Tyršova
2026-02-17,generic,Tyršova
2026-02-25,plastics,Tyršova
2026-02-25,bio,Tyršova
2026-03-03,generic,Tyršova
2026-03-11,paper,Tyršova
2026-03-11,bio,Tyršova
2026-03-17,generic,Tyršova
2026-03-25,plastics,Tyršova
2026-03-25,bio,Tyršova
2026-03-31,generic,Tyršova
2026-04-08,paper,Tyršova
2026-04-08,bio,Tyršova
2026-04-14,generic,Tyršova
2026-04-22,plastics,Tyršova
2026-04-22,bio,Tyršova
2026-04-28,generic,Tyršova
2026-05-06,paper,Tyršova
2026-05-06,bio,Tyršova
2026-05-12,generic,Tyršova
2026-05-20,plastics,Tyršova
2026-05-20,bio,Tyršova
2026-05-26,generic,Tyršova
2026-06-03,paper,Tyršova
2026-06-03,bio,Tyršova
2026-06-09,generic,Tyršova
2026-06-17,plastics,Tyršova
2026-06-17,bio,Tyršova
2026-06-23,generic,Tyršova
2026-07-01,paper,Tyršova
2026-07-01,bio,Tyršova
2026-07-07,generic,Tyršova
2026-07-15,plastics,Tyršova
2026-07-15,bio,Tyršova
2026-07-21,generic,Tyršova
2026-07-29,paper,Tyršova
2026-07-29,bio,Tyršova
2026-08-04,generic,Tyršova
2026-08-12,plastics,Tyršova
2026-08-12,bio,Tyršova
2026-08-18,generic,Tyršova
2026-08-26,paper,Tyršova
2026-08-26,bio,Tyršova
2026-09-01,generic,Tyršova
2026-09-09,plastics,Tyršova
2026-09-09,bio,Tyršova
2026-09-15,generic,Tyršova
2026-09-23,paper,Tyršova
2026-09-23,bio,Tyršova
2026-09-29,generic,Tyršova
2026-10-07,plastics,Tyršova
2026-10-07,bio,Tyršova
2026-10-13,generic,Tyršova
2026-10-21,paper,Tyršova
2026-10-21,bio,Tyršova
2026-10-27,generic,Tyršova
2026-11-04,plastics,Tyršova
2026-11-04,bio,Tyršova
2026-11-10,generic,Tyršova
2026-11-18,paper,Tyršova
2026-11-18,bio,Tyršova
2026-11-24,generic,Tyršova
2026-12-02,plastics,Tyršova
2026-12-02,bio,Tyršova
2026-12-08,generic,Tyršova
2026-12-16,paper,Tyršova
2026-12-16,bio,Tyršova
2026-12-22,generic,Tyršova
2026-12-30,plastics,Tyršova
2026-12-30,bio,Tyršova
2026-01-06,generic,U Braňky
2026-01-14,paper,U Braňky
2026-01-14,bio,U Braňky
2026-01-20,generic,U Braňky
2026-01-28,plastics,U Braňky
2026-01-28,bio,U Braňky
2026-02-03,generic,U Braňky
2026-02-11,paper,U Braňky
2026-02-11,bio,U Braňky
2026-02-17,generic,U Braňky
2026-02-25,plastics,U Braňky
2026-02-25,bio,U Braňky
2026-03-03,generic,U Braňky
2026-03-11,paper,U Braňky
2026-03-11,bio,U Braňky
2026-03-17,generic,U Braňky
2026-03-25,plastics,U Braňky
2026-03-25,bio,U Braňky
2026-03-31,generic,U Braňky
2026-04-08,paper,U Braňky
2026-04-08,bio,U Braňky
2026-04-14,generic,U Braňky
2026-04-22,plastics,U Braňky
2026-04-22,bio,U Braňky
2026-04-28,generic,U Braňky
2026-05-06,paper,U Braňky
2026-05-06,bio,U Braňky
2026-05-12,generic,U Braňky
2026-05-20,plastics,U Braňky
2026-05-20,bio,U Braňky
2026-05-26,generic,U Braňky
2026-06-03,paper,U Braňky
2026-06-03,bio,U Braňky
2026-06-09,generic,U Braňky
2026-06-17,plastics,U Braňky
2026-06-17,bio,U Braňky
2026-06-23,generic,U Braňky
2026-07-01,paper,U Braňky
2026-07-01,bio,U Braňky
2026-07-07,generic,U Braňky
2026-07-15,plastics,U Braňky
2026-07-15,bio,U Braňky
2026-07-21,generic,U Braňky
2026-07-29,paper,U Braňky
2026-07-29,bio,U Braňky
2026-08-04,generic,U Braňky
2026-08-12,plastics,U Braňky
2026-08-12,bio,U Braňky
2026-08-18,generic,U Braňky
2026-08-26,paper,U Braňky
2026-08-26,bio,U Braňky
2026-09-01,generic,U Braňky
2026-09-09,plastics,U Braňky
2026-09-09,bio,U Braňky
2026-09-15,generic,U Braňky
2026-09-23,paper,U Braňky
2026-09-23,bio,U Braňky
2026-09-29,generic,U Braňky
2026-10-07,plastics,U Braňky
2026-10-07,bio,U Braňky
2026-10-13,generic,U Braňky
2026-10-21,paper,U Braňky
2026-10-21,bio,U Braňky
2026-10-27,generic,U Braňky
2026-11-04,plastics,U Braňky
2026-11-04,bio,U Braňky
2026-11-10,generic,U Braňky
2026-11-18,paper,U Braňky
2026-11-18,bio,U Braňky
2026-11-24,generic,U Braňky
2026-12-02,plastics,U Braňky
2026-12-02,bio,U Braňky
2026-12-08,generic,U Braňky
2026-12-16,paper,U Braňky
2026-12-16,bio,U Braňky
2026-12-22,generic,U Braňky
2026-12-30,plastics,U Braňky
2026-12-30,bio,U Braňky
2026-01-06,generic,U Cihelny
2026-01-14,paper,U Cihelny
2026-01-14,bio,U Cihelny
2026-01-20,generic,U Cihelny
2026-01-28,plastics,U Cihelny
2026-01-28,bio,U Cihelny
2026-02-03,generic,U Cihelny
2026-02-11,paper,U Cihelny
2026-02-11,bio,U Cihelny
2026-02-17,generic,U Cihelny
2026-02-25,plastics,U Cihelny
2026-02-25,bio,U Cihelny
2026-03-03,generic,U Cihelny
2026-03-11,paper,U Cihelny
2026-03-11,bio,U Cihelny
2026-03-17,generic,U Cihelny
2026-03-25,plastics,U Cihelny
2026-03-25,bio,U Cihelny
2026-03-31,generic,U Cihelny
2026-04-08,paper,U Cihelny
2026-04-08,bio,U Cihelny
2026-04-14,generic,U Cihelny
2026-04-22,plastics,U Cihelny
2026-04-22,bio,U Cihelny
2026-04-28,generic,U Cihelny
2026-05-06,paper,U Cihelny
2026-05-06,bio,U Cihelny
2026-05-12,generic,U Cihelny
2026-05-20,plastics,U Cihelny
2026-05-20,bio,U Cihelny
2026-05-26,generic,U Cihelny
2026-06-03,paper,U Cihelny
2026-06-03,bio,U Cihelny
2026-06-09,generic,U Cihelny
2026-06-17,plastics,U Cihelny
2026-06-17,bio,U Cihelny
2026-06-23,generic,U Cihelny
2026-07-01,paper,U Cihelny
2026-07-01,bio,U Cihelny
2026-07-07,generic,U Cihelny
2026-07-15,plastics,U Cihelny
2026-07-15,bio,U Cihelny
2026-07-21,generic,U Cihelny
2026-07-29,paper,U Cihelny
2026-07-29,bio,U Cihelny
2026-08-04,generic,U Cihelny
2026-08-12,plastics,U Cihelny
2026-08-12,bio,U Cihelny
2026-08-18,generic,U Cihelny
2026-08-26,paper,U Cihelny
2026-08-26,bio,U Cihelny
2026-09-01,generic,U Cihelny
2026-09-09,plastics,U Cihelny
2026-09-09,bio,U Cihelny
2026-09-15,generic,U Cihelny
2026-09-23,paper,U Cihelny
2026-09-23,bio,U Cihelny
2026-09-29,generic,U Cihelny
2026-10-07,plastics,U Cihelny
2026-10-07,bio,U Cihelny
2026-10-13,generic,U Cihelny
2026-10-21,paper,U Cihelny
2026-10-21,bio,U Cihelny
2026-10-27,generic,U Cihelny
2026-11-04,plastics,U Cihelny
2026-11-04,bio,U Cihelny
2026-11-10,generic,U Cihelny
2026-11-18,paper,U Cihelny
2026-11-18,bio,U Cihelny
2026-11-24,generic,U Cihelny
2026-12-02,plastics,U Cihelny
2026-12-02,bio,U Cihelny
2026-12-08,generic,U Cihelny
2026-12-16,paper,U Cihelny
2026-12-16,bio,U Cihelny
2026-12-22,generic,U Cihelny
2026-12-30,plastics,U Cihelny
2026-12-30,bio,U Cihelny
2026-01-08,generic,U Dráhy
2026-01-14,paper,U Dráhy
2026-01-14,bio,U Dráhy
2026-01-22,generic,U Dráhy
2026-01-28,plastics,U Dráhy
2026-01-28,bio,U Dráhy
2026-02-05,generic,U Dráhy
2026-02-11,paper,U Dráhy
2026-02-11,bio,U Dráhy
2026-02-19,generic,U Dráhy
2026-02-25,plastics,U Dráhy
2026-02-25,bio,U Dráhy
2026-03-05,generic,U Dráhy
2026-03-11,paper,U Dráhy
2026-03-11,bio,U Dráhy
2026-03-19,generic,U Dráhy
2026-03-25,plastics,U Dráhy
2026-03-25,bio,U Dráhy
2026-04-02,generic,U Dráhy
2026-04-08,paper,U Dráhy
2026-04-08,bio,U Dráhy
2026-04-16,generic,U Dráhy
2026-04-22,plastics,U Dráhy
2026-04-22,bio,U Dráhy
2026-04-30,generic,U Dráhy
2026-05-06,paper,U Dráhy
2026-05-06,bio,U Dráhy
2026-05-14,generic,U Dráhy
2026-05-20,plastics,U Dráhy
2026-05-20,bio,U Dráhy
2026-05-28,generic,U Dráhy
2026-06-03,paper,U Dráhy
2026-06-03,bio,U Dráhy
2026-06-11,generic,U Dráhy
2026-06-17,plastics,U Dráhy
2026-06-17,bio,U Dráhy
2026-06-25,generic,U Dráhy
2026-07-01,paper,U Dráhy
2026-07-01,bio,U Dráhy
2026-07-09,generic,U Dráhy
2026-07-15,plastics,U Dráhy
2026-07-15,bio,U Dráhy
2026-07-23,generic,U Dráhy
2026-07-29,paper,U Dráhy
2026-07-29,bio,U Dráhy
2026-08-06,generic,U Dráhy
2026-08-12,plastics,U Dráhy
2026-08-12,bio,U Dráhy
2026-08-20,generic,U Dráhy
2026-08-26,paper,U Dráhy
2026-08-26,bio,U Dráhy
2026-09-03,generic,U Dráhy
2026-09-09,plastics,U Dráhy
2026-09-09,bio,U Dráhy
2026-09-17,generic,U Dráhy
2026-09-23,paper,U Dráhy
2026-09-23,bio,U Dráhy
2026-10-01,generic,U Dráhy
2026-10-07,plastics,U Dráhy
2026-10-07,bio,U Dráhy
2026-10-15,generic,U Dráhy
2026-10-21,paper,U Dráhy
2026-10-21,bio,U Dráhy
2026-10-29,generic,U Dráhy
2026-11-04,plastics,U Dráhy
2026-11-04,bio,U Dráhy
2026-11-12,generic,U Dráhy
2026-11-18,paper,U Dráhy
2026-11-18,bio,U Dráhy
2026-11-26,generic,U Dráhy
2026-12-02,plastics,U Dráhy
2026-12-02,bio,U Dráhy
2026-12-10,generic,U Dráhy
2026-12-16,paper,U Dráhy
2026-12-16,bio,U Dráhy
2026-12-24,generic,U Dráhy
2026-12-30,plastics,U Dráhy
2026-12-30,bio,U Dráhy
2026-01-06,generic,U křížku
2026-01-14,paper,U křížku
2026-01-14,bio,U křížku
2026-01-20,generic,U křížku
2026-01-28,plastics,U křížku
2026-01-28,bio,U křížku
2026-02-03,generic,U křížku
2026-02-11,paper,U křížku
2026-02-11,bio,U křížku
2026-02-17,generic,U křížku
2026-02-25,plastics,U křížku
2026-02-25,bio,U křížku
2026-03-03,generic,U křížku
2026-03-11,paper,U křížku
2026-03-11,bio,U křížku
2026-03-17,generic,U křížku
2026-03-25,plastics,U křížku
2026-03-25,bio,U křížku
2026-03-31,generic,U křížku
2026-04-08,paper,U křížku
2026-04-08,bio,U křížku
2026-04-14,generic,U křížku
2026-04-22,plastics,U křížku
2026-04-22,bio,U křížku
2026-04-28,generic,U křížku
2026-05-06,paper,U křížku
2026-05-06,bio,U křížku
2026-05-12,generic,U křížku
2026-05-20,plastics,U křížku
2026-05-20,bio,U křížku
2026-05-26,generic,U křížku
2026-06-03,paper,U křížku
2026-06-03,bio,U křížku
2026-06-09,generic,U křížku
2026-06-17,plastics,U křížku
2026-06-17,bio,U křížku
2026-06-23,generic,U křížku
2026-07-01,paper,U křížku
2026-07-01,bio,U křížku
2026-07-07,generic,U křížku
2026-07-15,plastics,U křížku
2026-07-15,bio,U křížku
2026-07-21,generic,U křížku
2026-07-29,paper,U křížku
2026-07-29,bio,U křížku
2026-08-04,generic,U křížku
2026-08-12,plastics,U křížku
2026-08-12,bio,U křížku
2026-08-18,generic,U křížku
2026-08-26,paper,U křížku
2026-08-26,bio,U křížku
2026-09-01,generic,U křížku
2026-09-09,plastics,U křížku
2026-09-09,bio,U křížku
2026-09-15,generic,U křížku
2026-09-23,paper,U křížku
2026-09-23,bio,U křížku
2026-09-29,generic,U křížku
2026-10-07,plastics,U křížku
2026-10-07,bio,U křížku
2026-10-13,generic,U křížku
2026-10-21,paper,U křížku
2026-10-21,bio,U křížku
2026-10-27,generic,U křížku
2026-11-04,plastics,U křížku
2026-11-04,bio,U křížku
2026-11-10,generic,U křížku
2026-11-18,paper,U křížku
2026-11-18,bio,U křížku
2026-11-24,generic,U křížku
2026-12-02,plastics,U křížku
2026-12-02,bio,U křížku
2026-12-08,generic,U křížku
2026-12-16,paper,U křížku
2026-12-16,bio,U křížku
2026-12-22,generic,U křížku
2026-12-30,plastics,U křížku
2026-12-30,bio,U křížku
2026-01-08,generic,U Nadjezdu
2026-01-14,paper,U Nadjezdu
2026-01-14,bio,U Nadjezdu
2026-01-22,generic,U Nadjezdu
2026-01-28,plastics,U Nadjezdu
2026-01-28,bio,U Nadjezdu
2026-02-05,generic,U Nadjezdu
2026-02-11,paper,U Nadjezdu
2026-02-11,bio,U Nadjezdu
2026-02-19,generic,U Nadjezdu
2026-02-25,plastics,U Nadjezdu
2026-02-25,bio,U Nadjezdu
2026-03-05,generic,U Nadjezdu
2026-03-11,paper,U Nadjezdu
2026-03-11,bio,U Nadjezdu
2026-03-19,generic,U Nadjezdu
2026-03-25,plastics,U Nadjezdu
2026-03-25,bio,U Nadjezdu
2026-04-02,generic,U Nadjezdu
2026-04-08,paper,U Nadjezdu
2026-04-08,bio,U Nadjezdu
2026-04-16,generic,U Nadjezdu
2026-04-22,plastics,U Nadjezdu
2026-04-22,bio,U Nadjezdu
2026-04-30,generic,U Nadjezdu
2026-05-06,paper,U Nadjezdu
2026-05-06,bio,U Nadjezdu
2026-05-14,generic,U Nadjezdu
2026-05-20,plastics,U Nadjezdu
2026-05-20,bio,U Nadjezdu
2026-05-28,generic,U Nadjezdu
2026-06-03,paper,U Nadjezdu
2026-06-03,bio,U Nadjezdu
2026-06-11,generic,U Nadjezdu
2026-06-17,plastics,U Nadjezdu
2026-06-17,bio,U Nadjezdu
2026-06-25,generic,U Nadjezdu
2026-07-01,paper,U Nadjezdu
2026-07-01,bio,U Nadjezdu
2026-07-09,generic,U Nadjezdu
2026-07-15,plastics,U Nadjezdu
2026-07-15,bio,U Nadjezdu
2026-07-23,generic,U Nadjezdu
2026-07-29,paper,U Nadjezdu
2026-07-29,bio,U Nadjezdu
2026-08-06,generic,U Nadjezdu
2026-08-12,plastics,U Nadjezdu
2026-08-12,bio,U Nadjezdu
2026-08-20,generic,U Nadjezdu
2026-08-26,paper,U Nadjezdu
2026-08-26,bio,U Nadjezdu
2026-09-03,generic,U Nadjezdu
2026-09-09,plastics,U Nadjezdu
2026-09-09,bio,U Nadjezdu
2026-09-17,generic,U Nadjezdu
2026-09-23,paper,U Nadjezdu
2026-09-23,bio,U Nadjezdu
2026-10-01,generic,U Nadjezdu
2026-10-07,plastics,U Nadjezdu
2026-10-07,bio,U Nadjezdu
2026-10-15,generic,U Nadjezdu
2026-10-21,paper,U Nadjezdu
2026-10-21,bio,U Nadjezdu
2026-10-29,generic,U Nadjezdu
2026-11-04,plastics,U Nadjezdu
2026-11-04,bio,U Nadjezdu
2026-11-12,generic,U Nadjezdu
2026-11-18,paper,U Nadjezdu
2026-11-18,bio,U Nadjezdu
2026-11-26,generic,U Nadjezdu
2026-12-02,plastics,U Nadjezdu
2026-12-02,bio,U Nadjezdu
2026-12-10,generic,U Nadjezdu
2026-12-16,paper,U Nadjezdu
2026-12-16,bio,U Nadjezdu
2026-12-24,generic,U Nadjezdu
2026-12-30,plastics,U Nadjezdu
2026-12-30,bio,U Nadjezdu
2026-01-08,generic,U Nové hospody
2026-01-14,paper,U Nové hospody
2026-01-14,bio,U Nové hospody
2026-01-22,generic,U Nové hospody
2026-01-28,plastics,U Nové hospody
2026-01-28,bio,U Nové hospody
2026-02-05,generic,U Nové hospody
2026-02-11,paper,U Nové hospody
2026-02-11,bio,U Nové hospody
2026-02-19,generic,U Nové hospody
2026-02-25,plastics,U Nové hospody
2026-02-25,bio,U Nové hospody
2026-03-05,generic,U Nové hospody
2026-03-11,paper,U Nové hospody
2026-03-11,bio,U Nové hospody
2026-03-19,generic,U Nové hospody
2026-03-25,plastics,U Nové hospody
2026-03-25,bio,U Nové hospody
2026-04-02,generic,U Nové hospody
2026-04-08,paper,U Nové hospody
2026-04-08,bio,U Nové hospody
2026-04-16,generic,U Nové hospody
2026-04-22,plastics,U Nové hospody
2026-04-22,bio,U Nové hospody
2026-04-30,generic,U Nové hospody
2026-05-06,paper,U Nové hospody
2026-05-06,bio,U Nové hospody
2026-05-14,generic,U Nové hospody
2026-05-20,plastics,U Nové hospody
2026-05-20,bio,U Nové hospody
2026-05-28,generic,U Nové hospody
2026-06-03,paper,U Nové hospody
2026-06-03,bio,U Nové hospody
2026-06-11,generic,U Nové hospody
2026-06-17,plastics,U Nové hospody
2026-06-17,bio,U Nové hospody
2026-06-25,generic,U Nové hospody
2026-07-01,paper,U Nové hospody
2026-07-01,bio,U Nové hospody
2026-07-09,generic,U Nové hospody
2026-07-15,plastics,U Nové hospody
2026-07-15,bio,U Nové hospody
2026-07-23,generic,U Nové hospody
2026-07-29,paper,U Nové hospody
2026-07-29,bio,U Nové hospody
2026-08-06,generic,U Nové hospody
2026-08-12,plastics,U Nové hospody
2026-08-12,bio,U Nové hospody
2026-08-20,generic,U Nové hospody
2026-08-26,paper,U Nové hospody
2026-08-26,bio,U Nové hospody
2026-09-03,generic,U Nové hospody
2026-09-09,plastics,U Nové hospody
2026-09-09,bio,U Nové hospody
2026-09-17,generic,U Nové hospody
2026-09-23,paper,U Nové hospody
2026-09-23,bio,U Nové hospody
2026-10-01,generic,U Nové hospody
2026-10-07,plastics,U Nové hospody
2026-10-07,bio,U Nové hospody
2026-10-15,generic,U Nové hospody
2026-10-21,paper,U Nové hospody
2026-10-21,bio,U Nové hospody
2026-10-29,generic,U Nové hospody
2026-11-04,plastics,U Nové hospody
2026-11-04,bio,U Nové hospody
2026-11-12,generic,U Nové hospody
2026-11-18,paper,U Nové hospody
2026-11-18,bio,U Nové hospody
2026-11-26,generic,U Nové hospody
2026-12-02,plastics,U Nové hospody
2026-12-02,bio,U Nové hospody
2026-12-10,generic,U Nové hospody
2026-12-16,paper,U Nové hospody
2026-12-16,bio,U Nové hospody
2026-12-24,generic,U Nové hospody
2026-12-30,plastics,U Nové hospody
2026-12-30,bio,U Nové hospody
2026-01-07,generic,U Okrouhlíku
2026-01-14,paper,U Okrouhlíku
2026-01-14,bio,U Okrouhlíku
2026-01-21,generic,U Okrouhlíku
2026-01-28,plastics,U Okrouhlíku
2026-01-28,bio,U Okrouhlíku
2026-02-04,generic,U Okrouhlíku
2026-02-11,paper,U Okrouhlíku
2026-02-11,bio,U Okrouhlíku
2026-02-18,generic,U Okrouhlíku
2026-02-25,plastics,U Okrouhlíku
2026-02-25,bio,U Okrouhlíku
2026-03-04,generic,U Okrouhlíku
2026-03-11,paper,U Okrouhlíku
2026-03-11,bio,U Okrouhlíku
2026-03-18,generic,U Okrouhlíku
2026-03-25,plastics,U Okrouhlíku
2026-03-25,bio,U Okrouhlíku
2026-04-01,generic,U Okrouhlíku
2026-04-08,paper,U Okrouhlíku
2026-04-08,bio,U Okrouhlíku
2026-04-15,generic,U Okrouhlíku
2026-04-22,plastics,U Okrouhlíku
2026-04-22,bio,U Okrouhlíku
2026-04-29,generic,U Okrouhlíku
2026-05-06,paper,U Okrouhlíku
2026-05-06,bio,U Okrouhlíku
2026-05-13,generic,U Okrouhlíku
2026-05-20,plastics,U Okrouhlíku
2026-05-20,bio,U Okrouhlíku
2026-05-27,generic,U Okrouhlíku
2026-06-03,paper,U Okrouhlíku
2026-06-03,bio,U Okrouhlíku
2026-06-10,generic,U Okrouhlíku
2026-06-17,plastics,U Okrouhlíku
2026-06-17,bio,U Okrouhlíku
2026-06-24,generic,U Okrouhlíku
2026-07-01,paper,U Okrouhlíku
2026-07-01,bio,U Okrouhlíku
2026-07-08,generic,U Okrouhlíku
2026-07-15,plastics,U Okrouhlíku
2026-07-15,bio,U Okrouhlíku
2026-07-22,generic,U Okrouhlíku
2026-07-29,paper,U Okrouhlíku
2026-07-29,bio,U Okrouhlíku
2026-08-05,generic,U Okrouhlíku
2026-08-12,plastics,U Okrouhlíku
2026-08-12,bio,U Okrouhlíku
2026-08-19,generic,U Okrouhlíku
2026-08-26,paper,U Okrouhlíku
2026-08-26,bio,U Okrouhlíku
2026-09-02,generic,U Okrouhlíku
2026-09-09,plastics,U Okrouhlíku
2026-09-09,bio,U Okrouhlíku
2026-09-16,generic,U Okrouhlíku
2026-09-23,paper,U Okrouhlíku
2026-09-23,bio,U Okrouhlíku
2026-09-30,generic,U Okrouhlíku
2026-10-07,plastics,U Okrouhlíku
2026-10-07,bio,U Okrouhlíku
2026-10-14,generic,U Okrouhlíku
2026-10-21,paper,U Okrouhlíku
2026-10-21,bio,U Okrouhlíku
2026-10-28,generic,U Okrouhlíku
2026-11-04,plastics,U Okrouhlíku
2026-11-04,bio,U Okrouhlíku
2026-11-11,generic,U Okrouhlíku
2026-11-18,paper,U Okrouhlíku
2026-11-18,bio,U Okrouhlíku
2026-11-25,generic,U Okrouhlíku
2026-12-02,plastics,U Okrouhlíku
2026-12-02,bio,U Okrouhlíku
2026-12-09,generic,U Okrouhlíku
2026-12-16,paper,U Okrouhlíku
2026-12-16,bio,U Okrouhlíku
2026-12-23,generic,U Okrouhlíku
2026-12-30,plastics,U Okrouhlíku
2026-12-30,bio,U Okrouhlíku
2026-01-08,generic,U Stadionu
2026-01-14,paper,U Stadionu
2026-01-14,bio,U Stadionu
2026-01-22,generic,U Stadionu
2026-01-28,plastics,U Stadionu
2026-01-28,bio,U Stadionu
2026-02-05,generic,U Stadionu
2026-02-11,paper,U Stadionu
2026-02-11,bio,U Stadionu
2026-02-19,generic,U Stadionu
2026-02-25,plastics,U Stadionu
2026-02-25,bio,U Stadionu
2026-03-05,generic,U Stadionu
2026-03-11,paper,U Stadionu
2026-03-11,bio,U Stadionu
2026-03-19,generic,U Stadionu
2026-03-25,plastics,U Stadionu
2026-03-25,bio,U Stadionu
2026-04-02,generic,U Stadionu
2026-04-08,paper,U Stadionu
2026-04-08,bio,U Stadionu
2026-04-16,generic,U Stadionu
2026-04-22,plastics,U Stadionu
2026-04-22,bio,U Stadionu
2026-04-30,generic,U Stadionu
2026-05-06,paper,U Stadionu
2026-05-06,bio,U Stadionu
2026-05-14,generic,U Stadionu
2026-05-20,plastics,U Stadionu
2026-05-20,bio,U Stadionu
2026-05-28,generic,U Stadionu
2026-06-03,paper,U Stadionu
2026-06-03,bio,U Stadionu
2026-06-11,generic,U Stadionu
2026-06-17,plastics,U Stadionu
2026-06-17,bio,U Stadionu
2026-06-25,generic,U Stadionu
2026-07-01,paper,U Stadionu
2026-07-01,bio,U Stadionu
2026-07-09,generic,U Stadionu
2026-07-15,plastics,U Stadionu
2026-07-15,bio,U Stadionu
2026-07-23,generic,U Stadionu
2026-07-29,paper,U Stadionu
2026-07-29,bio,U Stadionu
2026-08-06,generic,U Stadionu
2026-08-12,plastics,U Stadionu
2026-08-12,bio,U Stadionu
2026-08-20,generic,U Stadionu
2026-08-26,paper,U Stadionu
2026-08-26,bio,U Stadionu
2026-09-03,generic,U Stadionu
2026-09-09,plastics,U Stadionu
2026-09-09,bio,U Stadionu
2026-09-17,generic,U Stadionu
2026-09-23,paper,U Stadionu
2026-09-23,bio,U Stadionu
2026-10-01,generic,U Stadionu
2026-10-07,plastics,U Stadionu
2026-10-07,bio,U Stadionu
2026-10-15,generic,U Stadionu
2026-10-21,paper,U Stadionu
2026-10-21,bio,U Stadionu
2026-10-29,generic,U Stadionu
2026-11-04,plastics,U Stadionu
2026-11-04,bio,U Stadionu
2026-11-12,generic,U Stadionu
2026-11-18,paper,U Stadionu
2026-11-18,bio,U Stadionu
2026-11-26,generic,U Stadionu
2026-12-02,plastics,U Stadionu
2026-12-02,bio,U Stadionu
2026-12-10,generic,U Stadionu
2026-12-16,paper,U Stadionu
2026-12-16,bio,U Stadionu
2026-12-24,generic,U Stadionu
2026-12-30,plastics,U Stadionu
2026-12-30,bio,U Stadionu
2026-01-09,generic,U Vodárny
2026-01-14,paper,U Vodárny
2026-01-14,bio,U Vodárny
2026-01-23,generic,U Vodárny
2026-01-28,plastics,U Vodárny
2026-01-28,bio,U Vodárny
2026-02-06,generic,U Vodárny
2026-02-11,paper,U Vodárny
2026-02-11,bio,U Vodárny
2026-02-20,generic,U Vodárny
2026-02-25,plastics,U Vodárny
2026-02-25,bio,U Vodárny
2026-03-06,generic,U Vodárny
2026-03-11,paper,U Vodárny
2026-03-11,bio,U Vodárny
2026-03-20,generic,U Vodárny
2026-03-25,plastics,U Vodárny
2026-03-25,bio,U Vodárny
2026-04-03,generic,U Vodárny
2026-04-08,paper,U Vodárny
2026-04-08,bio,U Vodárny
2026-04-17,generic,U Vodárny
2026-04-22,plastics,U Vodárny
2026-04-22,bio,U Vodárny
2026-05-01,generic,U Vodárny
2026-05-06,paper,U Vodárny
2026-05-06,bio,U Vodárny
2026-05-15,generic,U Vodárny
2026-05-20,plastics,U Vodárny
2026-05-20,bio,U Vodárny
2026-05-29,generic,U Vodárny
2026-06-03,paper,U Vodárny
2026-06-03,bio,U Vodárny
2026-06-12,generic,U Vodárny
2026-06-17,plastics,U Vodárny
2026-06-17,bio,U Vodárny
2026-06-26,generic,U Vodárny
2026-07-01,paper,U Vodárny
2026-07-01,bio,U Vodárny
2026-07-10,generic,U Vodárny
2026-07-15,plastics,U Vodárny
2026-07-15,bio,U Vodárny
2026-07-24,generic,U Vodárny
2026-07-29,paper,U Vodárny
2026-07-29,bio,U Vodárny
2026-08-07,generic,U Vodárny
2026-08-12,plastics,U Vodárny
2026-08-12,bio,U Vodárny
2026-08-21,generic,U Vodárny
2026-08-26,paper,U Vodárny
2026-08-26,bio,U Vodárny
2026-09-04,generic,U Vodárny
2026-09-09,plastics,U Vodárny
2026-09-09,bio,U Vodárny
2026-09-18,generic,U Vodárny
2026-09-23,paper,U Vodárny
2026-09-23,bio,U Vodárny
2026-10-02,generic,U Vodárny
2026-10-07,plastics,U Vodárny
2026-10-07,bio,U Vodárny
2026-10-16,generic,U Vodárny
2026-10-21,paper,U Vodárny
2026-10-21,bio,U Vodárny
2026-10-30,generic,U Vodárny
2026-11-04,plastics,U Vodárny
2026-11-04,bio,U Vodárny
2026-11-13,generic,U Vodárny
2026-11-18,paper,U Vodárny
2026-11-18,bio,U Vodárny
2026-11-27,generic,U Vodárny
2026-12-02,plastics,U Vodárny
2026-12-02,bio,U Vodárny
2026-12-11,generic,U Vodárny
2026-12-16,paper,U Vodárny
2026-12-16,bio,U Vodárny
2026-12-25,generic,U Vodárny
2026-12-30,plastics,U Vodárny
2026-12-30,bio,U Vodárny
2026-01-08,generic,Veleslavínova
2026-01-14,paper,Veleslavínova
2026-01-14,bio,Veleslavínova
2026-01-22,generic,Veleslavínova
2026-01-28,plastics,Veleslavínova
2026-01-28,bio,Veleslavínova
2026-02-05,generic,Veleslavínova
2026-02-11,paper,Veleslavínova
2026-02-11,bio,Veleslavínova
2026-02-19,generic,Veleslavínova
2026-02-25,plastics,Veleslavínova
2026-02-25,bio,Veleslavínova
2026-03-05,generic,Veleslavínova
2026-03-11,paper,Veleslavínova
2026-03-11,bio,Veleslavínova
2026-03-19,generic,Veleslavínova
2026-03-25,plastics,Veleslavínova
2026-03-25,bio,Veleslavínova
2026-04-02,generic,Veleslavínova
2026-04-08,paper,Veleslavínova
2026-04-08,bio,Veleslavínova
2026-04-16,generic,Veleslavínova
2026-04-22,plastics,Veleslavínova
2026-04-22,bio,Veleslavínova
2026-04-30,generic,Veleslavínova
2026-05-06,paper,Veleslavínova
2026-05-06,bio,Veleslavínova
2026-05-14,generic,Veleslavínova
2026-05-20,plastics,Veleslavínova
2026-05-20,bio,Veleslavínova
2026-05-28,generic,Veleslavínova
2026-06-03,paper,Veleslavínova
2026-06-03,bio,Veleslavínova
2026-06-11,generic,Veleslavínova
2026-06-17,plastics,Veleslavínova
2026-06-17,bio,Veleslavínova
2026-06-25,generic,Veleslavínova
2026-07-01,paper,Veleslavínova
2026-07-01,bio,Veleslavínova
2026-07-09,generic,Veleslavínova
2026-07-15,plastics,Veleslavínova
2026-07-15,bio,Veleslavínova
2026-07-23,generic,Veleslavínova
2026-07-29,paper,Veleslavínova
2026-07-29,bio,Veleslavínova
2026-08-06,generic,Veleslavínova
2026-08-12,plastics,Veleslavínova
2026-08-12,bio,Veleslavínova
2026-08-20,generic,Veleslavínova
2026-08-26,paper,Veleslavínova
2026-08-26,bio,Veleslavínova
2026-09-03,generic,Veleslavínova
2026-09-09,plastics,Veleslavínova
2026-09-09,bio,Veleslavínova
2026-09-17,generic,Veleslavínova
2026-09-23,paper,Veleslavínova
2026-09-23,bio,Veleslavínova
2026-10-01,generic,Veleslavínova
2026-10-07,plastics,Veleslavínova
2026-10-07,bio,Veleslavínova
2026-10-15,generic,Veleslavínova
2026-10-21,paper,Veleslavínova
2026-10-21,bio,Veleslavínova
2026-10-29,generic,Veleslavínova
2026-11-04,plastics,Veleslavínova
2026-11-04,bio,Veleslavínova
2026-11-12,generic,Veleslavínova
2026-11-18,paper,Veleslavínova
2026-11-18,bio,Veleslavínova
2026-11-26,generic,Veleslavínova
2026-12-02,plastics,Veleslavínova
2026-12-02,bio,Veleslavínova
2026-12-10,generic,Veleslavínova
2026-12-16,paper,Veleslavínova
2026-12-16,bio,Veleslavínova
2026-12-24,generic,Veleslavínova
2026-12-30,plastics,Veleslavínova
2026-12-30,bio,Veleslavínova
2026-01-06,generic,Ve Skále
2026-01-14,paper,Ve Skále
2026-01-14,bio,Ve Skále
2026-01-20,generic,Ve Skále
2026-01-28,plastics,Ve Skále
2026-01-28,bio,Ve Skále
2026-02-03,generic,Ve Skále
2026-02-11,paper,Ve Skále
2026-02-11,bio,Ve Skále
2026-02-17,generic,Ve Skále
2026-02-25,plastics,Ve Skále
2026-02-25,bio,Ve Skále
2026-03-03,generic,Ve Skále
2026-03-11,paper,Ve Skále
2026-03-11,bio,Ve Skále
2026-03-17,generic,Ve Skále
2026-03-25,plastics,Ve Skále
2026-03-25,bio,Ve Skále
2026-03-31,generic,Ve Skále
2026-04-08,paper,Ve Skále
2026-04-08,bio,Ve Skále
2026-04-14,generic,Ve Skále
2026-04-22,plastics,Ve Skále
2026-04-22,bio,Ve Skále
2026-04-28,generic,Ve Skále
2026-05-06,paper,Ve Skále
2026-05-06,bio,Ve Skále
2026-05-12,generic,Ve Skále
2026-05-20,plastics,Ve Skále
2026-05-20,bio,Ve Skále
2026-05-26,generic,Ve Skále
2026-06-03,paper,Ve Skále
2026-06-03,bio,Ve Skále
2026-06-09,generic,Ve Skále
2026-06-17,plastics,Ve Skále
2026-06-17,bio,Ve Skále
2026-06-23,generic,Ve Skále
2026-07-01,paper,Ve Skále
2026-07-01,bio,Ve Skále
2026-07-07,generic,Ve Skále
2026-07-15,plastics,Ve Skále
2026-07-15,bio,Ve Skále
2026-07-21,generic,Ve Skále
2026-07-29,paper,Ve Skále
2026-07-29,bio,Ve Skále
2026-08-04,generic,Ve Skále
2026-08-12,plastics,Ve Skále
2026-08-12,bio,Ve Skále
2026-08-18,generic,Ve Skále
2026-08-26,paper,Ve Skále
2026-08-26,bio,Ve Skále
2026-09-01,generic,Ve Skále
2026-09-09,plastics,Ve Skále
2026-09-09,bio,Ve Skále
2026-09-15,generic,Ve Skále
2026-09-23,paper,Ve Skále
2026-09-23,bio,Ve Skále
2026-09-29,generic,Ve Skále
2026-10-07,plastics,Ve Skále
2026-10-07,bio,Ve Skále
2026-10-13,generic,Ve Skále
2026-10-21,paper,Ve Skále
2026-10-21,bio,Ve Skále
2026-10-27,generic,Ve Skále
2026-11-04,plastics,Ve Skále
2026-11-04,bio,Ve Skále
2026-11-10,generic,Ve Skále
2026-11-18,paper,Ve Skále
2026-11-18,bio,Ve Skále
2026-11-24,generic,Ve Skále
2026-12-02,plastics,Ve Skále
2026-12-02,bio,Ve Skále
2026-12-08,generic,Ve Skále
2026-12-16,paper,Ve Skále
2026-12-16,bio,Ve Skále
2026-12-22,generic,Ve Skále
2026-12-30,plastics,Ve Skále
2026-12-30,bio,Ve Skále
2026-01-08,generic,Ve Vilách
2026-01-14,paper,Ve Vilách
2026-01-14,bio,Ve Vilách
2026-01-22,generic,Ve Vilách
2026-01-28,plastics,Ve Vilách
2026-01-28,bio,Ve Vilách
2026-02-05,generic,Ve Vilách
2026-02-11,paper,Ve Vilách
2026-02-11,bio,Ve Vilách
2026-02-19,generic,Ve Vilách
2026-02-25,plastics,Ve Vilách
2026-02-25,bio,Ve Vilách
2026-03-05,generic,Ve Vilách
2026-03-11,paper,Ve Vilách
2026-03-11,bio,Ve Vilách
2026-03-19,generic,Ve Vilách
2026-03-25,plastics,Ve Vilách
2026-03-25,bio,Ve Vilách
2026-04-02,generic,Ve Vilách
2026-04-08,paper,Ve Vilách
2026-04-08,bio,Ve Vilách
2026-04-16,generic,Ve Vilách
2026-04-22,plastics,Ve Vilách
2026-04-22,bio,Ve Vilách
2026-04-30,generic,Ve Vilách
2026-05-06,paper,Ve Vilách
2026-05-06,bio,Ve Vilách
2026-05-14,generic,Ve Vilách
2026-05-20,plastics,Ve Vilách
2026-05-20,bio,Ve Vilách
2026-05-28,generic,Ve Vilách
2026-06-03,paper,Ve Vilách
2026-06-03,bio,Ve Vilách
2026-06-11,generic,Ve Vilách
2026-06-17,plastics,Ve Vilách
2026-06-17,bio,Ve Vilách
2026-06-25,generic,Ve Vilách
2026-07-01,paper,Ve Vilách
2026-07-01,bio,Ve Vilách
2026-07-09,generic,Ve Vilách
2026-07-15,plastics,Ve Vilách
2026-07-15,bio,Ve Vilách
2026-07-23,generic,Ve Vilách
2026-07-29,paper,Ve Vilách
2026-07-29,bio,Ve Vilách
2026-08-06,generic,Ve Vilách
2026-08-12,plastics,Ve Vilách
2026-08-12,bio,Ve Vilách
2026-08-20,generic,Ve Vilách
2026-08-26,paper,Ve Vilách
2026-08-26,bio,Ve Vilách
2026-09-03,generic,Ve Vilách
2026-09-09,plastics,Ve Vilách
2026-09-09,bio,Ve Vilách
2026-09-17,generic,Ve Vilách
2026-09-23,paper,Ve Vilách
2026-09-23,bio,Ve Vilách
2026-10-01,generic,Ve Vilách
2026-10-07,plastics,Ve Vilách
2026-10-07,bio,Ve Vilách
2026-10-15,generic,Ve Vilách
2026-10-21,paper,Ve Vilách
2026-10-21,bio,Ve Vilách
2026-10-29,generic,Ve Vilách
2026-11-04,plastics,Ve Vilách
2026-11-04,bio,Ve Vilách
2026-11-12,generic,Ve Vilách
2026-11-18,paper,Ve Vilách
2026-11-18,bio,Ve Vilách
2026-11-26,generic,Ve Vilách
2026-12-02,plastics,Ve Vilách
2026-12-02,bio,Ve Vilách
2026-12-10,generic,Ve Vilách
2026-12-16,paper,Ve Vilách
2026-12-16,bio,Ve Vilách
2026-12-24,generic,Ve Vilách
2026-12-30,plastics,Ve Vilách
2026-12-30,bio,Ve Vilách
2026-01-08,generic,Ve Višňovce
2026-01-14,paper,Ve Višňovce
2026-01-14,bio,Ve Višňovce
2026-01-22,generic,Ve Višňovce
2026-01-28,plastics,Ve Višňovce
2026-01-28,bio,Ve Višňovce
2026-02-05,generic,Ve Višňovce
2026-02-11,paper,Ve Višňovce
2026-02-11,bio,Ve Višňovce
2026-02-19,generic,Ve Višňovce
2026-02-25,plastics,Ve Višňovce
2026-02-25,bio,Ve Višňovce
2026-03-05,generic,Ve Višňovce
2026-03-11,paper,Ve Višňovce
2026-03-11,bio,Ve Višňovce
2026-03-19,generic,Ve Višňovce
2026-03-25,plastics,Ve Višňovce
2026-03-25,bio,Ve Višňovce
2026-04-02,generic,Ve Višňovce
2026-04-08,paper,Ve Višňovce
2026-04-08,bio,Ve Višňovce
2026-04-16,generic,Ve Višňovce
2026-04-22,plastics,Ve Višňovce
2026-04-22,bio,Ve Višňovce
2026-04-30,generic,Ve Višňovce
2026-05-06,paper,Ve Višňovce
2026-05-06,bio,Ve Višňovce
2026-05-14,generic,Ve Višňovce
2026-05-20,plastics,Ve Višňovce
2026-05-20,bio,Ve Višňovce
2026-05-28,generic,Ve Višňovce
2026-06-03,paper,Ve Višňovce
2026-06-03,bio,Ve Višňovce
2026-06-11,generic,Ve Višňovce
2026-06-17,plastics,Ve Višňovce
2026-06-17,bio,Ve Višňovce
2026-06-25,generic,Ve Višňovce
2026-07-01,paper,Ve Višňovce
2026-07-01,bio,Ve Višňovce
2026-07-09,generic,Ve Višňovce
2026-07-15,plastics,Ve Višňovce
2026-07-15,bio,Ve Višňovce
2026-07-23,generic,Ve Višňovce
2026-07-29,paper,Ve Višňovce
2026-07-29,bio,Ve Višňovce
2026-08-06,generic,Ve Višňovce
2026-08-12,plastics,Ve Višňovce
2026-08-12,bio,Ve Višňovce
2026-08-20,generic,Ve Višňovce
2026-08-26,paper,Ve Višňovce
2026-08-26,bio,Ve Višňovce
2026-09-03,generic,Ve Višňovce
2026-09-09,plastics,Ve Višňovce
2026-09-09,bio,Ve Višňovce
2026-09-17,generic,Ve Višňovce
2026-09-23,paper,Ve Višňovce
2026-09-23,bio,Ve Višňovce
2026-10-01,generic,Ve Višňovce
2026-10-07,plastics,Ve Višňovce
2026-10-07,bio,Ve Višňovce
2026-10-15,generic,Ve Višňovce
2026-10-21,paper,Ve Višňovce
2026-10-21,bio,Ve Višňovce
2026-10-29,generic,Ve Višňovce
2026-11-04,plastics,Ve Višňovce
2026-11-04,bio,Ve Višňovce
2026-11-12,generic,Ve Višňovce
2026-11-18,paper,Ve Višňovce
2026-11-18,bio,Ve Višňovce
2026-11-26,generic,Ve Višňovce
2026-12-02,plastics,Ve Višňovce
2026-12-02,bio,Ve Višňovce
2026-12-10,generic,Ve Višňovce
2026-12-16,paper,Ve Višňovce
2026-12-16,bio,Ve Višňovce
2026-12-24,generic,Ve Višňovce
2026-12-30,plastics,Ve Višňovce
2026-12-30,bio,Ve Višňovce
2026-01-08,generic,Vichrova
2026-01-14,paper,Vichrova
2026-01-14,bio,Vichrova
2026-01-22,generic,Vichrova
2026-01-28,plastics,Vichrova
2026-01-28,bio,Vichrova
2026-02-05,generic,Vichrova
2026-02-11,paper,Vichrova
2026-02-11,bio,Vichrova
2026-02-19,generic,Vichrova
2026-02-25,plastics,Vichrova
2026-02-25,bio,Vichrova
2026-03-05,generic,Vichrova
2026-03-11,paper,Vichrova
2026-03-11,bio,Vichrova
2026-03-19,generic,Vichrova
2026-03-25,plastics,Vichrova
2026-03-25,bio,Vichrova
2026-04-02,generic,Vichrova
2026-04-08,paper,Vichrova
2026-04-08,bio,Vichrova
2026-04-16,generic,Vichrova
2026-04-22,plastics,Vichrova
2026-04-22,bio,Vichrova
2026-04-30,generic,Vichrova
2026-05-06,paper,Vichrova
2026-05-06,bio,Vichrova
2026-05-14,generic,Vichrova
2026-05-20,plastics,Vichrova
2026-05-20,bio,Vichrova
2026-05-28,generic,Vichrova
2026-06-03,paper,Vichrova
2026-06-03,bio,Vichrova
2026-06-11,generic,Vichrova
2026-06-17,plastics,Vichrova
2026-06-17,bio,Vichrova
2026-06-25,generic,Vichrova
2026-07-01,paper,Vichrova
2026-07-01,bio,Vichrova
2026-07-09,generic,Vichrova
2026-07-15,plastics,Vichrova
2026-07-15,bio,Vichrova
2026-07-23,generic,Vichrova
2026-07-29,paper,Vichrova
2026-07-29,bio,Vichrova
2026-08-06,generic,Vichrova
2026-08-12,plastics,Vichrova
2026-08-12,bio,Vichrova
2026-08-20,generic,Vichrova
2026-08-26,paper,Vichrova
2026-08-26,bio,Vichrova
2026-09-03,generic,Vichrova
2026-09-09,plastics,Vichrova
2026-09-09,bio,Vichrova
2026-09-17,generic,Vichrova
2026-09-23,paper,Vichrova
2026-09-23,bio,Vichrova
2026-10-01,generic,Vichrova
2026-10-07,plastics,Vichrova
2026-10-07,bio,Vichrova
2026-10-15,generic,Vichrova
2026-10-21,paper,Vichrova
2026-10-21,bio,Vichrova
2026-10-29,generic,Vichrova
2026-11-04,plastics,Vichrova
2026-11-04,bio,Vichrova
2026-11-12,generic,Vichrova
2026-11-18,paper,Vichrova
2026-11-18,bio,Vichrova
2026-11-26,generic,Vichrova
2026-12-02,plastics,Vichrova
2026-12-02,bio,Vichrova
2026-12-10,generic,Vichrova
2026-12-16,paper,Vichrova
2026-12-16,bio,Vichrova
2026-12-24,generic,Vichrova
2026-12-30,plastics,Vichrova
2026-12-30,bio,Vichrova
2026-01-08,generic,Vojáčkova
2026-01-14,paper,Vojáčkova
2026-01-14,bio,Vojáčkova
2026-01-22,generic,Vojáčkova
2026-01-28,plastics,Vojáčkova
2026-01-28,bio,Vojáčkova
2026-02-05,generic,Vojáčkova
2026-02-11,paper,Vojáčkova
2026-02-11,bio,Vojáčkova
2026-02-19,generic,Vojáčkova
2026-02-25,plastics,Vojáčkova
2026-02-25,bio,Vojáčkova
2026-03-05,generic,Vojáčkova
2026-03-11,paper,Vojáčkova
2026-03-11,bio,Vojáčkova
2026-03-19,generic,Vojáčkova
2026-03-25,plastics,Vojáčkova
2026-03-25,bio,Vojáčkova
2026-04-02,generic,Vojáčkova
2026-04-08,paper,Vojáčkova
2026-04-08,bio,Vojáčkova
2026-04-16,generic,Vojáčkova
2026-04-22,plastics,Vojáčkova
2026-04-22,bio,Vojáčkova
2026-04-30,generic,Vojáčkova
2026-05-06,paper,Vojáčkova
2026-05-06,bio,Vojáčkova
2026-05-14,generic,Vojáčkova
2026-05-20,plastics,Vojáčkova
2026-05-20,bio,Vojáčkova
2026-05-28,generic,Vojáčkova
2026-06-03,paper,Vojáčkova
2026-06-03,bio,Vojáčkova
2026-06-11,generic,Vojáčkova
2026-06-17,plastics,Vojáčkova
2026-06-17,bio,Vojáčkova
2026-06-25,generic,Vojáčkova
2026-07-01,paper,Vojáčkova
2026-07-01,bio,Vojáčkova
2026-07-09,generic,Vojáčkova
2026-07-15,plastics,Vojáčkova
2026-07-15,bio,Vojáčkova
2026-07-23,generic,Vojáčkova
2026-07-29,paper,Vojáčkova
2026-07-29,bio,Vojáčkova
2026-08-06,generic,Vojáčkova
2026-08-12,plastics,Vojáčkova
2026-08-12,bio,Vojáčkova
2026-08-20,generic,Vojáčkova
2026-08-26,paper,Vojáčkova
2026-08-26,bio,Vojáčkova
2026-09-03,generic,Vojáčkova
2026-09-09,plastics,Vojáčkova
2026-09-09,bio,Vojáčkova
2026-09-17,generic,Vojáčkova
2026-09-23,paper,Vojáčkova
2026-09-23,bio,Vojáčkova
2026-10-01,generic,Vojáčkova
2026-10-07,plastics,Vojáčkova
2026-10-07,bio,Vojáčkova
2026-10-15,generic,Vojáčkova
2026-10-21,paper,Vojáčkova
2026-10-21,bio,Vojáčkova
2026-10-29,generic,Vojáčkova
2026-11-04,plastics,Vojáčkova
2026-11-04,bio,Vojáčkova
2026-11-12,generic,Vojáčkova
2026-11-18,paper,Vojáčkova
2026-11-18,bio,Vojáčkova
2026-11-26,generic,Vojáčkova
2026-12-02,plastics,Vojáčkova
2026-12-02,bio,Vojáčkova
2026-12-10,generic,Vojáčkova
2026-12-16,paper,Vojáčkova
2026-12-16,bio,Vojáčkova
2026-12-24,generic,Vojáčkova
2026-12-30,plastics,Vojáčkova
2026-12-30,bio,Vojáčkova
2026-01-06,generic,Vojanova
2026-01-14,paper,Vojanova
2026-01-14,bio,Vojanova
2026-01-20,generic,Vojanova
2026-01-28,plastics,Vojanova
2026-01-28,bio,Vojanova
2026-02-03,generic,Vojanova
2026-02-11,paper,Vojanova
2026-02-11,bio,Vojanova
2026-02-17,generic,Vojanova
2026-02-25,plastics,Vojanova
2026-02-25,bio,Vojanova
2026-03-03,generic,Vojanova
2026-03-11,paper,Vojanova
2026-03-11,bio,Vojanova
2026-03-17,generic,Vojanova
2026-03-25,plastics,Vojanova
2026-03-25,bio,Vojanova
2026-03-31,generic,Vojanova
2026-04-08,paper,Vojanova
2026-04-08,bio,Vojanova
2026-04-14,generic,Vojanova
2026-04-22,plastics,Vojanova
2026-04-22,bio,Vojanova
2026-04-28,generic,Vojanova
2026-05-06,paper,Vojanova
2026-05-06,bio,Vojanova
2026-05-12,generic,Vojanova
2026-05-20,plastics,Vojanova
2026-05-20,bio,Vojanova
2026-05-26,generic,Vojanova
2026-06-03,paper,Vojanova
2026-06-03,bio,Vojanova
2026-06-09,generic,Vojanova
2026-06-17,plastics,Vojanova
2026-06-17,bio,Vojanova
2026-06-23,generic,Vojanova
2026-07-01,paper,Vojanova
2026-07-01,bio,Vojanova
2026-07-07,generic,Vojanova
2026-07-15,plastics,Vojanova
2026-07-15,bio,Vojanova
2026-07-21,generic,Vojanova
2026-07-29,paper,Vojanova
2026-07-29,bio,Vojanova
2026-08-04,generic,Vojanova
2026-08-12,plastics,Vojanova
2026-08-12,bio,Vojanova
2026-08-18,generic,Vojanova
2026-08-26,paper,Vojanova
2026-08-26,bio,Vojanova
2026-09-01,generic,Vojanova
2026-09-09,plastics,Vojanova
2026-09-09,bio,Vojanova
2026-09-15,generic,Vojanova
2026-09-23,paper,Vojanova
2026-09-23,bio,Vojanova
2026-09-29,generic,Vojanova
2026-10-07,plastics,Vojanova
2026-10-07,bio,Vojanova
2026-10-13,generic,Vojanova
2026-10-21,paper,Vojanova
2026-10-21,bio,Vojanova
2026-10-27,generic,Vojanova
2026-11-04,plastics,Vojanova
2026-11-04,bio,Vojanova
2026-11-10,generic,Vojanova
2026-11-18,paper,Vojanova
2026-11-18,bio,Vojanova
2026-11-24,generic,Vojanova
2026-12-02,plastics,Vojanova
2026-12-02,bio,Vojanova
2026-12-08,generic,Vojanova
2026-12-16,paper,Vojanova
2026-12-16,bio,Vojanova
2026-12-22,generic,Vojanova
2026-12-30,plastics,Vojanova
2026-12-30,bio,Vojanova
2026-01-06,generic,V Olších
2026-01-14,paper,V Olších
2026-01-14,bio,V Olších
2026-01-20,generic,V Olších
2026-01-28,plastics,V Olších
2026-01-28,bio,V Olších
2026-02-03,generic,V Olších
2026-02-11,paper,V Olších
2026-02-11,bio,V Olších
2026-02-17,generic,V Olších
2026-02-25,plastics,V Olších
2026-02-25,bio,V Olších
2026-03-03,generic,V Olších
2026-03-11,paper,V Olších
2026-03-11,bio,V Olších
2026-03-17,generic,V Olších
2026-03-25,plastics,V Olších
2026-03-25,bio,V Olších
2026-03-31,generic,V Olších
2026-04-08,paper,V Olších
2026-04-08,bio,V Olších
2026-04-14,generic,V Olších
2026-04-22,plastics,V Olších
2026-04-22,bio,V Olších
2026-04-28,generic,V Olších
2026-05-06,paper,V Olších
2026-05-06,bio,V Olších
2026-05-12,generic,V Olších
2026-05-20,plastics,V Olších
2026-05-20,bio,V Olších
2026-05-26,generic,V Olších
2026-06-03,paper,V Olších
2026-06-03,bio,V Olších
2026-06-09,generic,V Olších
2026-06-17,plastics,V Olších
2026-06-17,bio,V Olších
2026-06-23,generic,V Olších
2026-07-01,paper,V Olších
2026-07-01,bio,V Olších
2026-07-07,generic,V Olších
2026-07-15,plastics,V Olších
2026-07-15,bio,V Olších
2026-07-21,generic,V Olších
2026-07-29,paper,V Olších
2026-07-29,bio,V Olších
2026-08-04,generic,V Olších
2026-08-12,plastics,V Olších
2026-08-12,bio,V Olších
2026-08-18,generic,V Olších
2026-08-26,paper,V Olších
2026-08-26,bio,V Olších
2026-09-01,generic,V Olších
2026-09-09,plastics,V Olších
2026-09-09,bio,V Olších
2026-09-15,generic,V Olších
2026-09-23,paper,V Olších
2026-09-23,bio,V Olších
2026-09-29,generic,V Olších
2026-10-07,plastics,V Olších
2026-10-07,bio,V Olších
2026-10-13,generic,V Olších
2026-10-21,paper,V Olších
2026-10-21,bio,V Olších
2026-10-27,generic,V Olších
2026-11-04,plastics,V Olších
2026-11-04,bio,V Olších
2026-11-10,generic,V Olších
2026-11-18,paper,V Olších
2026-11-18,bio,V Olších
2026-11-24,generic,V Olších
2026-12-02,plastics,V Olších
2026-12-02,bio,V Olších
2026-12-08,generic,V Olších
2026-12-16,paper,V Olších
2026-12-16,bio,V Olších
2026-12-22,generic,V Olších
2026-12-30,plastics,V Olších
2026-12-30,bio,V Olších
2026-01-06,generic,V Polích
2026-01-14,paper,V Polích
2026-01-14,bio,V Polích
2026-01-20,generic,V Polích
2026-01-28,plastics,V Polích
2026-01-28,bio,V Polích
2026-02-03,generic,V Polích
2026-02-11,paper,V Polích
2026-02-11,bio,V Polích
2026-02-17,generic,V Polích
2026-02-25,plastics,V Polích
2026-02-25,bio,V Polích
2026-03-03,generic,V Polích
2026-03-11,paper,V Polích
2026-03-11,bio,V Polích
2026-03-17,generic,V Polích
2026-03-25,plastics,V Polích
2026-03-25,bio,V Polích
2026-03-31,generic,V Polích
2026-04-08,paper,V Polích
2026-04-08,bio,V Polích
2026-04-14,generic,V Polích
2026-04-22,plastics,V Polích
2026-04-22,bio,V Polích
2026-04-28,generic,V Polích
2026-05-06,paper,V Polích
2026-05-06,bio,V Polích
2026-05-12,generic,V Polích
2026-05-20,plastics,V Polích
2026-05-20,bio,V Polích
2026-05-26,generic,V Polích
2026-06-03,paper,V Polích
2026-06-03,bio,V Polích
2026-06-09,generic,V Polích
2026-06-17,plastics,V Polích
2026-06-17,bio,V Polích
2026-06-23,generic,V Polích
2026-07-01,paper,V Polích
2026-07-01,bio,V Polích
2026-07-07,generic,V Polích
2026-07-15,plastics,V Polích
2026-07-15,bio,V Polích
2026-07-21,generic,V Polích
2026-07-29,paper,V Polích
2026-07-29,bio,V Polích
2026-08-04,generic,V Polích
2026-08-12,plastics,V Polích
2026-08-12,bio,V Polích
2026-08-18,generic,V Polích
2026-08-26,paper,V Polích
2026-08-26,bio,V Polích
2026-09-01,generic,V Polích
2026-09-09,plastics,V Polích
2026-09-09,bio,V Polích
2026-09-15,generic,V Polích
2026-09-23,paper,V Polích
2026-09-23,bio,V Polích
2026-09-29,generic,V Polích
2026-10-07,plastics,V Polích
2026-10-07,bio,V Polích
2026-10-13,generic,V Polích
2026-10-21,paper,V Polích
2026-10-21,bio,V Polích
2026-10-27,generic,V Polích
2026-11-04,plastics,V Polích
2026-11-04,bio,V Polích
2026-11-10,generic,V Polích
2026-11-18,paper,V Polích
2026-11-18,bio,V Polích
2026-11-24,generic,V Polích
2026-12-02,plastics,V Polích
2026-12-02,bio,V Polích
2026-12-08,generic,V Polích
2026-12-16,paper,V Polích
2026-12-16,bio,V Polích
2026-12-22,generic,V Polích
2026-12-30,plastics,V Polích
2026-12-30,bio,V Polích
2026-01-08,generic,Vrchlického
2026-01-14,paper,Vrchlického
2026-01-14,bio,Vrchlického
2026-01-22,generic,Vrchlického
2026-01-28,plastics,Vrchlického
2026-01-28,bio,Vrchlického
2026-02-05,generic,Vrchlického
2026-02-11,paper,Vrchlického
2026-02-11,bio,Vrchlického
2026-02-19,generic,Vrchlického
2026-02-25,plastics,Vrchlického
2026-02-25,bio,Vrchlického
2026-03-05,generic,Vrchlického
2026-03-11,paper,Vrchlického
2026-03-11,bio,Vrchlického
2026-03-19,generic,Vrchlického
2026-03-25,plastics,Vrchlického
2026-03-25,bio,Vrchlického
2026-04-02,generic,Vrchlického
2026-04-08,paper,Vrchlického
2026-04-08,bio,Vrchlického
2026-04-16,generic,Vrchlického
2026-04-22,plastics,Vrchlického
2026-04-22,bio,Vrchlického
2026-04-30,generic,Vrchlického
2026-05-06,paper,Vrchlického
2026-05-06,bio,Vrchlického
2026-05-14,generic,Vrchlického
2026-05-20,plastics,Vrchlického
2026-05-20,bio,Vrchlického
2026-05-28,generic,Vrchlického
2026-06-03,paper,Vrchlického
2026-06-03,bio,Vrchlického
2026-06-11,generic,Vrchlického
2026-06-17,plastics,Vrchlického
2026-06-17,bio,Vrchlického
2026-06-25,generic,Vrchlického
2026-07-01,paper,Vrchlického
2026-07-01,bio,Vrchlického
2026-07-09,generic,Vrchlického
2026-07-15,plastics,Vrchlického
2026-07-15,bio,Vrchlického
2026-07-23,generic,Vrchlického
2026-07-29,paper,Vrchlického
2026-07-29,bio,Vrchlického
2026-08-06,generic,Vrchlického
2026-08-12,plastics,Vrchlického
2026-08-12,bio,Vrchlického
2026-08-20,generic,Vrchlického
2026-08-26,paper,Vrchlického
2026-08-26,bio,Vrchlického
2026-09-03,generic,Vrchlického
2026-09-09,plastics,Vrchlického
2026-09-09,bio,Vrchlického
2026-09-17,generic,Vrchlického
2026-09-23,paper,Vrchlického
2026-09-23,bio,Vrchlického
2026-10-01,generic,Vrchlického
2026-10-07,plastics,Vrchlického
2026-10-07,bio,Vrchlického
2026-10-15,generic,Vrchlického
2026-10-21,paper,Vrchlického
2026-10-21,bio,Vrchlického
2026-10-29,generic,Vrchlického
2026-11-04,plastics,Vrchlického
2026-11-04,bio,Vrchlického
2026-11-12,generic,Vrchlického
2026-11-18,paper,Vrchlického
2026-11-18,bio,Vrchlického
2026-11-26,generic,Vrchlického
2026-12-02,plastics,Vrchlického
2026-12-02,bio,Vrchlického
2026-12-10,generic,Vrchlického
2026-12-16,paper,Vrchlického
2026-12-16,bio,Vrchlického
2026-12-24,generic,Vrchlického
2026-12-30,plastics,Vrchlického
2026-12-30,bio,Vrchlického
2026-01-07,generic,V Zátiší
2026-01-14,paper,V Zátiší
2026-01-14,bio,V Zátiší
2026-01-21,generic,V Zátiší
2026-01-28,plastics,V Zátiší
2026-01-28,bio,V Zátiší
2026-02-04,generic,V Zátiší
2026-02-11,paper,V Zátiší
2026-02-11,bio,V Zátiší
2026-02-18,generic,V Zátiší
2026-02-25,plastics,V Zátiší
2026-02-25,bio,V Zátiší
2026-03-04,generic,V Zátiší
2026-03-11,paper,V Zátiší
2026-03-11,bio,V Zátiší
2026-03-18,generic,V Zátiší
2026-03-25,plastics,V Zátiší
2026-03-25,bio,V Zátiší
2026-04-01,generic,V Zátiší
2026-04-08,paper,V Zátiší
2026-04-08,bio,V Zátiší
2026-04-15,generic,V Zátiší
2026-04-22,plastics,V Zátiší
2026-04-22,bio,V Zátiší
2026-04-29,generic,V Zátiší
2026-05-06,paper,V Zátiší
2026-05-06,bio,V Zátiší
2026-05-13,generic,V Zátiší
2026-05-20,plastics,V Zátiší
2026-05-20,bio,V Zátiší
2026-05-27,generic,V Zátiší
2026-06-03,paper,V Zátiší
2026-06-03,bio,V Zátiší
2026-06-10,generic,V Zátiší
2026-06-17,plastics,V Zátiší
2026-06-17,bio,V Zátiší
2026-06-24,generic,V Zátiší
2026-07-01,paper,V Zátiší
2026-07-01,bio,V Zátiší
2026-07-08,generic,V Zátiší
2026-07-15,plastics,V Zátiší
2026-07-15,bio,V Zátiší
2026-07-22,generic,V Zátiší
2026-07-29,paper,V Zátiší
2026-07-29,bio,V Zátiší
2026-08-05,generic,V Zátiší
2026-08-12,plastics,V Zátiší
2026-08-12,bio,V Zátiší
2026-08-19,generic,V Zátiší
2026-08-26,paper,V Zátiší
2026-08-26,bio,V Zátiší
2026-09-02,generic,V Zátiší
2026-09-09,plastics,V Zátiší
2026-09-09,bio,V Zátiší
2026-09-16,generic,V Zátiší
2026-09-23,paper,V Zátiší
2026-09-23,bio,V Zátiší
2026-09-30,generic,V Zátiší
2026-10-07,plastics,V Zátiší
2026-10-07,bio,V Zátiší
2026-10-14,generic,V Zátiší
2026-10-21,paper,V Zátiší
2026-10-21,bio,V Zátiší
2026-10-28,generic,V Zátiší
2026-11-04,plastics,V Zátiší
2026-11-04,bio,V Zátiší
2026-11-11,generic,V Zátiší
2026-11-18,paper,V Zátiší
2026-11-18,bio,V Zátiší
2026-11-25,generic,V Zátiší
2026-12-02,plastics,V Zátiší
2026-12-02,bio,V Zátiší
2026-12-09,generic,V Zátiší
2026-12-16,paper,V Zátiší
2026-12-16,bio,V Zátiší
2026-12-23,generic,V Zátiší
2026-12-30,plastics,V Zátiší
2026-12-30,bio,V Zátiší
2026-01-08,generic,Zahradní
2026-01-14,paper,Zahradní
2026-01-14,bio,Zahradní
2026-01-22,generic,Zahradní
2026-01-28,plastics,Zahradní
2026-01-28,bio,Zahradní
2026-02-05,generic,Zahradní
2026-02-11,paper,Zahradní
2026-02-11,bio,Zahradní
2026-02-19,generic,Zahradní
2026-02-25,plastics,Zahradní
2026-02-25,bio,Zahradní
2026-03-05,generic,Zahradní
2026-03-11,paper,Zahradní
2026-03-11,bio,Zahradní
2026-03-19,generic,Zahradní
2026-03-25,plastics,Zahradní
2026-03-25,bio,Zahradní
2026-04-02,generic,Zahradní
2026-04-08,paper,Zahradní
2026-04-08,bio,Zahradní
2026-04-16,generic,Zahradní
2026-04-22,plastics,Zahradní
2026-04-22,bio,Zahradní
2026-04-30,generic,Zahradní
2026-05-06,paper,Zahradní
2026-05-06,bio,Zahradní
2026-05-14,generic,Zahradní
2026-05-20,plastics,Zahradní
2026-05-20,bio,Zahradní
2026-05-28,generic,Zahradní
2026-06-03,paper,Zahradní
2026-06-03,bio,Zahradní
2026-06-11,generic,Zahradní
2026-06-17,plastics,Zahradní
2026-06-17,bio,Zahradní
2026-06-25,generic,Zahradní
2026-07-01,paper,Zahradní
2026-07-01,bio,Zahradní
2026-07-09,generic,Zahradní
2026-07-15,plastics,Zahradní
2026-07-15,bio,Zahradní
2026-07-23,generic,Zahradní
2026-07-29,paper,Zahradní
2026-07-29,bio,Zahradní
2026-08-06,generic,Zahradní
2026-08-12,plastics,Zahradní
2026-08-12,bio,Zahradní
2026-08-20,generic,Zahradní
2026-08-26,paper,Zahradní
2026-08-26,bio,Zahradní
2026-09-03,generic,Zahradní
2026-09-09,plastics,Zahradní
2026-09-09,bio,Zahradní
2026-09-17,generic,Zahradní
2026-09-23,paper,Zahradní
2026-09-23,bio,Zahradní
2026-10-01,generic,Zahradní
2026-10-07,plastics,Zahradní
2026-10-07,bio,Zahradní
2026-10-15,generic,Zahradní
2026-10-21,paper,Zahradní
2026-10-21,bio,Zahradní
2026-10-29,generic,Zahradní
2026-11-04,plastics,Zahradní
2026-11-04,bio,Zahradní
2026-11-12,generic,Zahradní
2026-11-18,paper,Zahradní
2026-11-18,bio,Zahradní
2026-11-26,generic,Zahradní
2026-12-02,plastics,Zahradní
2026-12-02,bio,Zahradní
2026-12-10,generic,Zahradní
2026-12-16,paper,Zahradní
2026-12-16,bio,Zahradní
2026-12-24,generic,Zahradní
2026-12-30,plastics,Zahradní
2026-12-30,bio,Zahradní
2026-01-07,generic,Za Koncem
2026-01-14,paper,Za Koncem
2026-01-14,bio,Za Koncem
2026-01-21,generic,Za Koncem
2026-01-28,plastics,Za Koncem
2026-01-28,bio,Za Koncem
2026-02-04,generic,Za Koncem
2026-02-11,paper,Za Koncem
2026-02-11,bio,Za Koncem
2026-02-18,generic,Za Koncem
2026-02-25,plastics,Za Koncem
2026-02-25,bio,Za Koncem
2026-03-04,generic,Za Koncem
2026-03-11,paper,Za Koncem
2026-03-11,bio,Za Koncem
2026-03-18,generic,Za Koncem
2026-03-25,plastics,Za Koncem
2026-03-25,bio,Za Koncem
2026-04-01,generic,Za Koncem
2026-04-08,paper,Za Koncem
2026-04-08,bio,Za Koncem
2026-04-15,generic,Za Koncem
2026-04-22,plastics,Za Koncem
2026-04-22,bio,Za Koncem
2026-04-29,generic,Za Koncem
2026-05-06,paper,Za Koncem
2026-05-06,bio,Za Koncem
2026-05-13,generic,Za Koncem
2026-05-20,plastics,Za Koncem
2026-05-20,bio,Za Koncem
2026-05-27,generic,Za Koncem
2026-06-03,paper,Za Koncem
2026-06-03,bio,Za Koncem
2026-06-10,generic,Za Koncem
2026-06-17,plastics,Za Koncem
2026-06-17,bio,Za Koncem
2026-06-24,generic,Za Koncem
2026-07-01,paper,Za Koncem
2026-07-01,bio,Za Koncem
2026-07-08,generic,Za Koncem
2026-07-15,plastics,Za Koncem
2026-07-15,bio,Za Koncem
2026-07-22,generic,Za Koncem
2026-07-29,paper,Za Koncem
2026-07-29,bio,Za Koncem
2026-08-05,generic,Za Koncem
2026-08-12,plastics,Za Koncem
2026-08-12,bio,Za Koncem
2026-08-19,generic,Za Koncem
2026-08-26,paper,Za Koncem
2026-08-26,bio,Za Koncem
2026-09-02,generic,Za Koncem
2026-09-09,plastics,Za Koncem
2026-09-09,bio,Za Koncem
2026-09-16,generic,Za Koncem
2026-09-23,paper,Za Koncem
2026-09-23,bio,Za Koncem
2026-09-30,generic,Za Koncem
2026-10-07,plastics,Za Koncem
2026-10-07,bio,Za Koncem
2026-10-14,generic,Za Koncem
2026-10-21,paper,Za Koncem
2026-10-21,bio,Za Koncem
2026-10-28,generic,Za Koncem
2026-11-04,plastics,Za Koncem
2026-11-04,bio,Za Koncem
2026-11-11,generic,Za Koncem
2026-11-18,paper,Za Koncem
2026-11-18,bio,Za Koncem
2026-11-25,generic,Za Koncem
2026-12-02,plastics,Za Koncem
2026-12-02,bio,Za Koncem
2026-12-09,generic,Za Koncem
2026-12-16,paper,Za Koncem
2026-12-16,bio,Za Koncem
2026-12-23,generic,Za Koncem
2026-12-30,plastics,Za Koncem
2026-12-30,bio,Za Koncem
2026-01-08,generic,Za Kruhovkou
2026-01-14,paper,Za Kruhovkou
2026-01-14,bio,Za Kruhovkou
2026-01-22,generic,Za Kruhovkou
2026-01-28,plastics,Za Kruhovkou
2026-01-28,bio,Za Kruhovkou
2026-02-05,generic,Za Kruhovkou
2026-02-11,paper,Za Kruhovkou
2026-02-11,bio,Za Kruhovkou
2026-02-19,generic,Za Kruhovkou
2026-02-25,plastics,Za Kruhovkou
2026-02-25,bio,Za Kruhovkou
2026-03-05,generic,Za Kruhovkou
2026-03-11,paper,Za Kruhovkou
2026-03-11,bio,Za Kruhovkou
2026-03-19,generic,Za Kruhovkou
2026-03-25,plastics,Za Kruhovkou
2026-03-25,bio,Za Kruhovkou
2026-04-02,generic,Za Kruhovkou
2026-04-08,paper,Za Kruhovkou
2026-04-08,bio,Za Kruhovkou
2026-04-16,generic,Za Kruhovkou
2026-04-22,plastics,Za Kruhovkou
2026-04-22,bio,Za Kruhovkou
2026-04-30,generic,Za Kruhovkou
2026-05-06,paper,Za Kruhovkou
2026-05-06,bio,Za Kruhovkou
2026-05-14,generic,Za Kruhovkou
2026-05-20,plastics,Za Kruhovkou
2026-05-20,bio,Za Kruhovkou
2026-05-28,generic,Za Kruhovkou
2026-06-03,paper,Za Kruhovkou
2026-06-03,bio,Za Kruhovkou
2026-06-11,generic,Za Kruhovkou
2026-06-17,plastics,Za Kruhovkou
2026-06-17,bio,Za Kruhovkou
2026-06-25,generic,Za Kruhovkou
2026-07-01,paper,Za Kruhovkou
2026-07-01,bio,Za Kruhovkou
2026-07-09,generic,Za Kruhovkou
2026-07-15,plastics,Za Kruhovkou
2026-07-15,bio,Za Kruhovkou
2026-07-23,generic,Za Kruhovkou
2026-07-29,paper,Za Kruhovkou
2026-07-29,bio,Za Kruhovkou
2026-08-06,generic,Za Kruhovkou
2026-08-12,plastics,Za Kruhovkou
2026-08-12,bio,Za Kruhovkou
2026-08-20,generic,Za Kruhovkou
2026-08-26,paper,Za Kruhovkou
2026-08-26,bio,Za Kruhovkou
2026-09-03,generic,Za Kruhovkou
2026-09-09,plastics,Za Kruhovkou
2026-09-09,bio,Za Kruhovkou
2026-09-17,generic,Za Kruhovkou
2026-09-23,paper,Za Kruhovkou
2026-09-23,bio,Za Kruhovkou
2026-10-01,generic,Za Kruhovkou
2026-10-07,plastics,Za Kruhovkou
2026-10-07,bio,Za Kruhovkou
2026-10-15,generic,Za Kruhovkou
2026-10-21,paper,Za Kruhovkou
2026-10-21,bio,Za Kruhovkou
2026-10-29,generic,Za Kruhovkou
2026-11-04,plastics,Za Kruhovkou
2026-11-04,bio,Za Kruhovkou
2026-11-12,generic,Za Kruhovkou
2026-11-18,paper,Za Kruhovkou
2026-11-18,bio,Za Kruhovkou
2026-11-26,generic,Za Kruhovkou
2026-12-02,plastics,Za Kruhovkou
2026-12-02,bio,Za Kruhovkou
2026-12-10,generic,Za Kruhovkou
2026-12-16,paper,Za Kruhovkou
2026-12-16,bio,Za Kruhovkou
2026-12-24,generic,Za Kruhovkou
2026-12-30,plastics,Za Kruhovkou
2026-12-30,bio,Za Kruhovkou
2026-01-08,generic,Za Labem
2026-01-14,paper,Za Labem
2026-01-14,bio,Za Labem
2026-01-22,generic,Za Labem
2026-01-28,plastics,Za Labem
2026-01-28,bio,Za Labem
2026-02-05,generic,Za Labem
2026-02-11,paper,Za Labem
2026-02-11,bio,Za Labem
2026-02-19,generic,Za Labem
2026-02-25,plastics,Za Labem
2026-02-25,bio,Za Labem
2026-03-05,generic,Za Labem
2026-03-11,paper,Za Labem
2026-03-11,bio,Za Labem
2026-03-19,generic,Za Labem
2026-03-25,plastics,Za Labem
2026-03-25,bio,Za Labem
2026-04-02,generic,Za Labem
2026-04-08,paper,Za Labem
2026-04-08,bio,Za Labem
2026-04-16,generic,Za Labem
2026-04-22,plastics,Za Labem
2026-04-22,bio,Za Labem
2026-04-30,generic,Za Labem
2026-05-06,paper,Za Labem
2026-05-06,bio,Za Labem
2026-05-14,generic,Za Labem
2026-05-20,plastics,Za Labem
2026-05-20,bio,Za Labem
2026-05-28,generic,Za Labem
2026-06-03,paper,Za Labem
2026-06-03,bio,Za Labem
2026-06-11,generic,Za Labem
2026-06-17,plastics,Za Labem
2026-06-17,bio,Za Labem
2026-06-25,generic,Za Labem
2026-07-01,paper,Za Labem
2026-07-01,bio,Za Labem
2026-07-09,generic,Za Labem
2026-07-15,plastics,Za Labem
2026-07-15,bio,Za Labem
2026-07-23,generic,Za Labem
2026-07-29,paper,Za Labem
2026-07-29,bio,Za Labem
2026-08-06,generic,Za Labem
2026-08-12,plastics,Za Labem
2026-08-12,bio,Za Labem
2026-08-20,generic,Za Labem
2026-08-26,paper,Za Labem
2026-08-26,bio,Za Labem
2026-09-03,generic,Za Labem
2026-09-09,plastics,Za Labem
2026-09-09,bio,Za Labem
2026-09-17,generic,Za Labem
2026-09-23,paper,Za Labem
2026-09-23,bio,Za Labem
2026-10-01,generic,Za Labem
2026-10-07,plastics,Za Labem
2026-10-07,bio,Za Labem
2026-10-15,generic,Za Labem
2026-10-21,paper,Za Labem
2026-10-21,bio,Za Labem
2026-10-29,generic,Za Labem
2026-11-04,plastics,Za Labem
2026-11-04,bio,Za Labem
2026-11-12,generic,Za Labem
2026-11-18,paper,Za Labem
2026-11-18,bio,Za Labem
2026-11-26,generic,Za Labem
2026-12-02,plastics,Za Labem
2026-12-02,bio,Za Labem
2026-12-10,generic,Za Labem
2026-12-16,paper,Za Labem
2026-12-16,bio,Za Labem
2026-12-24,generic,Za Labem
2026-12-30,plastics,Za Labem
2026-12-30,bio,Za Labem
2026-01-06,generic,Zámecká
2026-01-14,paper,Zámecká
2026-01-14,bio,Zámecká
2026-01-20,generic,Zámecká
2026-01-28,plastics,Zámecká
2026-01-28,bio,Zámecká
2026-02-03,generic,Zámecká
2026-02-11,paper,Zámecká
2026-02-11,bio,Zámecká
2026-02-17,generic,Zámecká
2026-02-25,plastics,Zámecká
2026-02-25,bio,Zámecká
2026-03-03,generic,Zámecká
2026-03-11,paper,Zámecká
2026-03-11,bio,Zámecká
2026-03-17,generic,Zámecká
2026-03-25,plastics,Zámecká
2026-03-25,bio,Zámecká
2026-03-31,generic,Zámecká
2026-04-08,paper,Zámecká
2026-04-08,bio,Zámecká
2026-04-14,generic,Zámecká
2026-04-22,plastics,Zámecká
2026-04-22,bio,Zámecká
2026-04-28,generic,Zámecká
2026-05-06,paper,Zámecká
2026-05-06,bio,Zámecká
2026-05-12,generic,Zámecká
2026-05-20,plastics,Zámecká
2026-05-20,bio,Zámecká
2026-05-26,generic,Zámecká
2026-06-03,paper,Zámecká
2026-06-03,bio,Zámecká
2026-06-09,generic,Zámecká
2026-06-17,plastics,Zámecká
2026-06-17,bio,Zámecká
2026-06-23,generic,Zámecká
2026-07-01,paper,Zámecká
2026-07-01,bio,Zámecká
2026-07-07,generic,Zámecká
2026-07-15,plastics,Zámecká
2026-07-15,bio,Zámecká
2026-07-21,generic,Zámecká
2026-07-29,paper,Zámecká
2026-07-29,bio,Zámecká
2026-08-04,generic,Zámecká
2026-08-12,plastics,Zámecká
2026-08-12,bio,Zámecká
2026-08-18,generic,Zámecká
2026-08-26,paper,Zámecká
2026-08-26,bio,Zámecká
2026-09-01,generic,Zámecká
2026-09-09,plastics,Zámecká
2026-09-09,bio,Zámecká
2026-09-15,generic,Zámecká
2026-09-23,paper,Zámecká
2026-09-23,bio,Zámecká
2026-09-29,generic,Zámecká
2026-10-07,plastics,Zámecká
2026-10-07,bio,Zámecká
2026-10-13,generic,Zámecká
2026-10-21,paper,Zámecká
2026-10-21,bio,Zámecká
2026-10-27,generic,Zámecká
2026-11-04,plastics,Zámecká
2026-11-04,bio,Zámecká
2026-11-10,generic,Zámecká
2026-11-18,paper,Zámecká
2026-11-18,bio,Zámecká
2026-11-24,generic,Zámecká
2026-12-02,plastics,Zámecká
2026-12-02,bio,Zámecká
2026-12-08,generic,Zámecká
2026-12-16,paper,Zámecká
2026-12-16,bio,Zámecká
2026-12-22,generic,Zámecká
2026-12-30,plastics,Zámecká
2026-12-30,bio,Zámecká
2026-01-06,generic,Zámek
2026-01-14,paper,Zámek
2026-01-14,bio,Zámek
2026-01-20,generic,Zámek
2026-01-28,plastics,Zámek
2026-01-28,bio,Zámek
2026-02-03,generic,Zámek
2026-02-11,paper,Zámek
2026-02-11,bio,Zámek
2026-02-17,generic,Zámek
2026-02-25,plastics,Zámek
2026-02-25,bio,Zámek
2026-03-03,generic,Zámek
2026-03-11,paper,Zámek
2026-03-11,bio,Zámek
2026-03-17,generic,Zámek
2026-03-25,plastics,Zámek
2026-03-25,bio,Zámek
2026-03-31,generic,Zámek
2026-04-08,paper,Zámek
2026-04-08,bio,Zámek
2026-04-14,generic,Zámek
2026-04-22,plastics,Zámek
2026-04-22,bio,Zámek
2026-04-28,generic,Zámek
2026-05-06,paper,Zámek
2026-05-06,bio,Zámek
2026-05-12,generic,Zámek
2026-05-20,plastics,Zámek
2026-05-20,bio,Zámek
2026-05-26,generic,Zámek
2026-06-03,paper,Zámek
2026-06-03,bio,Zámek
2026-06-09,generic,Zámek
2026-06-17,plastics,Zámek
2026-06-17,bio,Zámek
2026-06-23,generic,Zámek
2026-07-01,paper,Zámek
2026-07-01,bio,Zámek
2026-07-07,generic,Zámek
2026-07-15,plastics,Zámek
2026-07-15,bio,Zámek
2026-07-21,generic,Zámek
2026-07-29,paper,Zámek
2026-07-29,bio,Zámek
2026-08-04,generic,Zámek
2026-08-12,plastics,Zámek
2026-08-12,bio,Zámek
2026-08-18,generic,Zámek
2026-08-26,paper,Zámek
2026-08-26,bio,Zámek
2026-09-01,generic,Zámek
2026-09-09,plastics,Zámek
2026-09-09,bio,Zámek
2026-09-15,generic,Zámek
2026-09-23,paper,Zámek
2026-09-23,bio,Zámek
2026-09-29,generic,Zámek
2026-10-07,plastics,Zámek
2026-10-07,bio,Zámek
2026-10-13,generic,Zámek
2026-10-21,paper,Zámek
2026-10-21,bio,Zámek
2026-10-27,generic,Zámek
2026-11-04,plastics,Zámek
2026-11-04,bio,Zámek
2026-11-10,generic,Zámek
2026-11-18,paper,Zámek
2026-11-18,bio,Zámek
2026-11-24,generic,Zámek
2026-12-02,plastics,Zámek
2026-12-02,bio,Zámek
2026-12-08,generic,Zámek
2026-12-16,paper,Zámek
2026-12-16,bio,Zámek
2026-12-22,generic,Zámek
2026-12-30,plastics,Zámek
2026-12-30,bio,Zámek
2026-01-14,paper,Za PávemZa Zámkem
2026-01-14,bio,Za PávemZa Zámkem
2026-01-28,plastics,Za PávemZa Zámkem
2026-01-28,bio,Za PávemZa Zámkem
2026-02-11,paper,Za PávemZa Zámkem
2026-02-11,bio,Za PávemZa Zámkem
2026-02-25,plastics,Za PávemZa Zámkem
2026-02-25,bio,Za PávemZa Zámkem
2026-03-11,paper,Za PávemZa Zámkem
2026-03-11,bio,Za PávemZa Zámkem
2026-03-25,plastics,Za PávemZa Zámkem
2026-03-25,bio,Za PávemZa Zámkem
2026-04-08,paper,Za PávemZa Zámkem
2026-04-08,bio,Za PávemZa Zámkem
2026-04-22,plastics,Za PávemZa Zámkem
2026-04-22,bio,Za PávemZa Zámkem
2026-05-06,paper,Za PávemZa Zámkem
2026-05-06,bio,Za PávemZa Zámkem
2026-05-20,plastics,Za PávemZa Zámkem
2026-05-20,bio,Za PávemZa Zámkem
2026-06-03,paper,Za PávemZa Zámkem
2026-06-03,bio,Za PávemZa Zámkem
2026-06-17,plastics,Za PávemZa Zámkem
2026-06-17,bio,Za PávemZa Zámkem
2026-07-01,paper,Za PávemZa Zámkem
2026-07-01,bio,Za PávemZa Zámkem
2026-07-15,plastics,Za PávemZa Zámkem
2026-07-15,bio,Za PávemZa Zámkem
2026-07-29,paper,Za PávemZa Zámkem
2026-07-29,bio,Za PávemZa Zámkem
2026-08-12,plastics,Za PávemZa Zámkem
2026-08-12,bio,Za PávemZa Zámkem
2026-08-26,paper,Za PávemZa Zámkem
2026-08-26,bio,Za PávemZa Zámkem
2026-09-09,plastics,Za PávemZa Zámkem
2026-09-09,bio,Za PávemZa Zámkem
2026-09-23,paper,Za PávemZa Zámkem
2026-09-23,bio,Za PávemZa Zámkem
2026-10-07,plastics,Za PávemZa Zámkem
2026-10-07,bio,Za PávemZa Zámkem
2026-10-21,paper,Za PávemZa Zámkem
2026-10-21,bio,Za PávemZa Zámkem
2026-11-04,plastics,Za PávemZa Zámkem
2026-11-04,bio,Za PávemZa Zámkem
2026-11-18,paper,Za PávemZa Zámkem
2026-11-18,bio,Za PávemZa Zámkem
2026-12-02,plastics,Za PávemZa Zámkem
2026-12-02,bio,Za PávemZa Zámkem
2026-12-16,paper,Za PávemZa Zámkem
2026-12-16,bio,Za PávemZa Zámkem
2026-12-30,plastics,Za PávemZa Zámkem
2026-12-30,bio,Za PávemZa Zámkem
2026-01-06,generic,Žižkova
2026-01-14,paper,Žižkova
2026-01-14,bio,Žižkova
2026-01-20,generic,Žižkova
2026-01-28,plastics,Žižkova
2026-01-28,bio,Žižkova
2026-02-03,generic,Žižkova
2026-02-11,paper,Žižkova
2026-02-11,bio,Žižkova
2026-02-17,generic,Žižkova
2026-02-25,plastics,Žižkova
2026-02-25,bio,Žižkova
2026-03-03,generic,Žižkova
2026-03-11,paper,Žižkova
2026-03-11,bio,Žižkova
2026-03-17,generic,Žižkova
2026-03-25,plastics,Žižkova
2026-03-25,bio,Žižkova
2026-03-31,generic,Žižkova
2026-04-08,paper,Žižkova
2026-04-08,bio,Žižkova
2026-04-14,generic,Žižkova
2026-04-22,plastics,Žižkova
2026-04-22,bio,Žižkova
2026-04-28,generic,Žižkova
2026-05-06,paper,Žižkova
2026-05-06,bio,Žižkova
2026-05-12,generic,Žižkova
2026-05-20,plastics,Žižkova
2026-05-20,bio,Žižkova
2026-05-26,generic,Žižkova
2026-06-03,paper,Žižkova
2026-06-03,bio,Žižkova
2026-06-09,generic,Žižkova
2026-06-17,plastics,Žižkova
2026-06-17,bio,Žižkova
2026-06-23,generic,Žižkova
2026-07-01,paper,Žižkova
2026-07-01,bio,Žižkova
2026-07-07,generic,Žižkova
2026-07-15,plastics,Žižkova
2026-07-15,bio,Žižkova
2026-07-21,generic,Žižkova
2026-07-29,paper,Žižkova
2026-07-29,bio,Žižkova
2026-08-04,generic,Žižkova
2026-08-12,plastics,Žižkova
2026-08-12,bio,Žižkova
2026-08-18,generic,Žižkova
2026-08-26,paper,Žižkova
2026-08-26,bio,Žižkova
2026-09-01,generic,Žižkova
2026-09-09,plastics,Žižkova
2026-09-09,bio,Žižkova
2026-09-15,generic,Žižkova
2026-09-23,paper,Žižkova
2026-09-23,bio,Žižkova
2026-09-29,generic,Žižkova
2026-10-07,plastics,Žižkova
2026-10-07,bio,Žižkova
2026-10-13,generic,Žižkova
2026-10-21,paper,Žižkova
2026-10-21,bio,Žižkova
2026-10-27,generic,Žižkova
2026-11-04,plastics,Žižkova
2026-11-04,bio,Žižkova
2026-11-10,generic,Žižkova
2026-11-18,paper,Žižkova
2026-11-18,bio,Žižkova
2026-11-24,generic,Žižkova
2026-12-02,plastics,Žižkova
2026-12-02,bio,Žižkova
2026-12-08,generic,Žižkova
2026-12-16,paper,Žižkova
2026-12-16,bio,Žižkova
2026-12-22,generic,Žižkova
2026-12-30,plastics,Žižkova
2026-12-30,bio,Žižkova
2026-01-08,generic,Litol
2026-01-13,paper,Litol
2026-01-14,bio,Litol
2026-01-22,generic,Litol
2026-01-27,plastics,Litol
2026-01-28,bio,Litol
2026-02-05,generic,Litol
2026-02-10,paper,Litol
2026-02-11,bio,Litol
2026-02-19,generic,Litol
2026-02-24,plastics,Litol
2026-02-25,bio,Litol
2026-03-05,generic,Litol
2026-03-10,paper,Litol
2026-03-11,bio,Litol
2026-03-19,generic,Litol
2026-03-24,plastics,Litol
2026-03-25,bio,Litol
2026-04-02,generic,Litol
2026-04-07,paper,Litol
2026-04-08,bio,Litol
2026-04-16,generic,Litol
2026-04-21,plastics,Litol
2026-04-22,bio,Litol
2026-04-30,generic,Litol
2026-05-05,paper,Litol
2026-05-06,bio,Litol
2026-05-14,generic,Litol
2026-05-19,plastics,Litol
2026-05-20,bio,Litol
2026-05-28,generic,Litol
2026-06-02,paper,Litol
2026-06-03,bio,Litol
2026-06-11,generic,Litol
2026-06-16,plastics,Litol
2026-06-17,bio,Litol
2026-06-25,generic,Litol
2026-06-30,paper,Litol
2026-07-01,bio,Litol
2026-07-09,generic,Litol
2026-07-14,plastics,Litol
2026-07-15,bio,Litol
2026-07-23,generic,Litol
2026-07-28,paper,Litol
2026-07-29,bio,Litol
2026-08-06,generic,Litol
2026-08-11,plastics,Litol
2026-08-12,bio,Litol
2026-08-20,generic,Litol
2026-08-25,paper,Litol
2026-08-26,bio,Litol
2026-09-03,generic,Litol
2026-09-08,plastics,Litol
2026-09-09,bio,Litol
2026-09-17,generic,Litol
2026-09-22,paper,Litol
2026-09-23,bio,Litol
2026-10-01,generic,Litol
2026-10-06,plastics,Litol
2026-10-07,bio,Litol
2026-10-15,generic,Litol
2026-10-20,paper,Litol
2026-10-21,bio,Litol
2026-10-29,generic,Litol
2026-11-03,plastics,Litol
2026-11-04,bio,Litol
2026-11-12,generic,Litol
2026-11-17,paper,Litol
2026-11-18,bio,Litol
2026-11-26,generic,Litol
2026-12-01,plastics,Litol
2026-12-02,bio,Litol
2026-12-10,generic,Litol
2026-12-15,paper,Litol
2026-12-16,bio,Litol
2026-12-24,generic,Litol
2026-12-29,plastics,Litol
2026-12-30,bio,Litol
2026-01-07,generic,Byšičky
2026-01-13,paper,Byšičky
2026-01-14,bio,Byšičky
2026-01-14,bio,Byšičky
2026-01-21,generic,Byšičky
2026-01-27,plastics,Byšičky
2026-01-28,bio,Byšičky
2026-01-28,bio,Byšičky
2026-02-04,generic,Byšičky
2026-02-10,paper,Byšičky
2026-02-11,bio,Byšičky
2026-02-11,bio,Byšičky
2026-02-18,generic,Byšičky
2026-02-24,plastics,Byšičky
2026-02-25,bio,Byšičky
2026-02-25,bio,Byšičky
2026-03-04,generic,Byšičky
2026-03-10,paper,Byšičky
2026-03-11,bio,Byšičky
2026-03-11,bio,Byšičky
2026-03-18,generic,Byšičky
2026-03-24,plastics,Byšičky
2026-03-25,bio,Byšičky
2026-03-25,bio,Byšičky
2026-04-01,generic,Byšičky
2026-04-07,paper,Byšičky
2026-04-08,bio,Byšičky
2026-04-08,bio,Byšičky
2026-04-15,generic,Byšičky
2026-04-21,plastics,Byšičky
2026-04-22,bio,Byšičky
2026-04-22,bio,Byšičky
2026-04-29,generic,Byšičky
2026-05-05,paper,Byšičky
2026-05-06,bio,Byšičky
2026-05-06,bio,Byšičky
2026-05-13,generic,Byšičky
2026-05-19,plastics,Byšičky
2026-05-20,bio,Byšičky
2026-05-20,bio,Byšičky
2026-05-27,generic,Byšičky
2026-06-02,paper,Byšičky
2026-06-03,bio,Byšičky
2026-06-03,bio,Byšičky
2026-06-10,generic,Byšičky
2026-06-16,plastics,Byšičky
2026-06-17,bio,Byšičky
2026-06-17,bio,Byšičky
2026-06-24,generic,Byšičky
2026-06-30,paper,Byšičky
2026-07-01,bio,Byšičky
2026-07-01,bio,Byšičky
2026-07-08,generic,Byšičky
2026-07-14,plastics,Byšičky
2026-07-15,bio,Byšičky
2026-07-15,bio,Byšičky
2026-07-22,generic,Byšičky
2026-07-28,paper,Byšičky
2026-07-29,bio,Byšičky
2026-07-29,bio,Byšičky
2026-08-05,generic,Byšičky
2026-08-11,plastics,Byšičky
2026-08-12,bio,Byšičky
2026-08-12,bio,Byšičky
2026-08-19,generic,Byšičky
2026-08-25,paper,Byšičky
2026-08-26,bio,Byšičky
2026-08-26,bio,Byšičky
2026-09-02,generic,Byšičky
2026-09-08,plastics,Byšičky
2026-09-09,bio,Byšičky
2026-09-09,bio,Byšičky
2026-09-16,generic,Byšičky
2026-09-22,paper,Byšičky
2026-09-23,bio,Byšičky
2026-09-23,bio,Byšičky
2026-09-30,generic,Byšičky
2026-10-06,plastics,Byšičky
2026-10-07,bio,Byšičky
2026-10-07,bio,Byšičky
2026-10-14,generic,Byšičky
2026-10-20,paper,Byšičky
2026-10-21,bio,Byšičky
2026-10-21,bio,Byšičky
2026-10-28,generic,Byšičky
2026-11-03,plastics,Byšičky
2026-11-04,bio,Byšičky
2026-11-04,bio,Byšičky
2026-11-11,generic,Byšičky
2026-11-17,paper,Byšičky
2026-11-18,bio,Byšičky
2026-11-18,bio,Byšičky
2026-11-25,generic,Byšičky
2026-12-01,plastics,Byšičky
2026-12-02,bio,Byšičky
2026-12-02,bio,Byšičky
2026-12-09,generic,Byšičky
2026-12-15,paper,Byšičky
2026-12-16,bio,Byšičky
2026-12-16,bio,Byšičky
2026-12-23,generic,Byšičky
2026-12-29,plastics,Byšičky
2026-12-30,bio,Byšičky
2026-12-30,bio,Byšičky
2026-01-07,generic,Karlov
2026-01-14,paper,Karlov
2026-01-14,bio,Karlov
2026-01-14,bio,Karlov
2026-01-21,generic,Karlov
2026-01-28,plastics,Karlov
2026-01-28,bio,Karlov
2026-01-28,bio,Karlov
2026-02-04,generic,Karlov
2026-02-11,paper,Karlov
2026-02-11,bio,Karlov
2026-02-11,bio,Karlov
2026-02-18,generic,Karlov
2026-02-25,plastics,Karlov
2026-02-25,bio,Karlov
2026-02-25,bio,Karlov
2026-03-04,generic,Karlov
2026-03-11,paper,Karlov
2026-03-11,bio,Karlov
2026-03-11,bio,Karlov
2026-03-18,generic,Karlov
2026-03-25,plastics,Karlov
2026-03-25,bio,Karlov
2026-03-25,bio,Karlov
2026-04-01,generic,Karlov
2026-04-08,paper,Karlov
2026-04-08,bio,Karlov
2026-04-08,bio,Karlov
2026-04-15,generic,Karlov
2026-04-22,plastics,Karlov
2026-04-22,bio,Karlov
2026-04-22,bio,Karlov
2026-04-29,generic,Karlov
2026-05-06,paper,Karlov
2026-05-06,bio,Karlov
2026-05-06,bio,Karlov
2026-05-13,generic,Karlov
2026-05-20,plastics,Karlov
2026-05-20,bio,Karlov
2026-05-20,bio,Karlov
2026-05-27,generic,Karlov
2026-06-03,paper,Karlov
2026-06-03,bio,Karlov
2026-06-03,bio,Karlov
2026-06-10,generic,Karlov
2026-06-17,plastics,Karlov
2026-06-17,bio,Karlov
2026-06-17,bio,Karlov
2026-06-24,generic,Karlov
2026-07-01,paper,Karlov
2026-07-01,bio,Karlov
2026-07-01,bio,Karlov
2026-07-08,generic,Karlov
2026-07-15,plastics,Karlov
2026-07-15,bio,Karlov
2026-07-15,bio,Karlov
2026-07-22,generic,Karlov
2026-07-29,paper,Karlov
2026-07-29,bio,Karlov
2026-07-29,bio,Karlov
2026-08-05,generic,Karlov
2026-08-12,plastics,Karlov
2026-08-12,bio,Karlov
2026-08-12,bio,Karlov
2026-08-19,generic,Karlov
2026-08-26,paper,Karlov
2026-08-26,bio,Karlov
2026-08-26,bio,Karlov
2026-09-02,generic,Karlov
2026-09-09,plastics,Karlov
2026-09-09,bio,Karlov
2026-09-09,bio,Karlov
2026-09-16,generic,Karlov
2026-09-23,paper,Karlov
2026-09-23,bio,Karlov
2026-09-23,bio,Karlov
2026-09-30,generic,Karlov
2026-10-07,plastics,Karlov
2026-10-07,bio,Karlov
2026-10-07,bio,Karlov
2026-10-14,generic,Karlov
2026-10-21,paper,Karlov
2026-10-21,bio,Karlov
2026-10-21,bio,Karlov
2026-10-28,generic,Karlov
2026-11-04,plastics,Karlov
2026-11-04,bio,Karlov
2026-11-04,bio,Karlov
2026-11-11,generic,Karlov
2026-11-18,paper,Karlov
2026-11-18,bio,Karlov
2026-11-18,bio,Karlov
2026-11-25,generic,Karlov
2026-12-02,plastics,Karlov
2026-12-02,bio,Karlov
2026-12-02,bio,Karlov
2026-12-09,generic,Karlov
2026-12-16,paper,Karlov
2026-12-16,bio,Karlov
2026-12-16,bio,Karlov
2026-12-23,generic,Karlov
2026-12-30,plastics,Karlov
2026-12-30,bio,Karlov
2026-12-30,bio,Karlov
2026-01-07,generic,Dvorce
2026-01-13,paper,Dvorce
2026-01-14,bio,Dvorce
2026-01-14,bio,Dvorce
2026-01-21,generic,Dvorce
2026-01-27,plastics,Dvorce
2026-01-28,bio,Dvorce
2026-01-28,bio,Dvorce
2026-02-04,generic,Dvorce
2026-02-10,paper,Dvorce
2026-02-11,bio,Dvorce
2026-02-11,bio,Dvorce
2026-02-18,generic,Dvorce
2026-02-24,plastics,Dvorce
2026-02-25,bio,Dvorce
2026-02-25,bio,Dvorce
2026-03-04,generic,Dvorce
2026-03-10,paper,Dvorce
2026-03-11,bio,Dvorce
2026-03-11,bio,Dvorce
2026-03-18,generic,Dvorce
2026-03-24,plastics,Dvorce
2026-03-25,bio,Dvorce
2026-03-25,bio,Dvorce
2026-04-01,generic,Dvorce
2026-04-07,paper,Dvorce
2026-04-08,bio,Dvorce
2026-04-08,bio,Dvorce
2026-04-15,generic,Dvorce
2026-04-21,plastics,Dvorce
2026-04-22,bio,Dvorce
2026-04-22,bio,Dvorce
2026-04-29,generic,Dvorce
2026-05-05,paper,Dvorce
2026-05-06,bio,Dvorce
2026-05-06,bio,Dvorce
2026-05-13,generic,Dvorce
2026-05-19,plastics,Dvorce
2026-05-20,bio,Dvorce
2026-05-20,bio,Dvorce
2026-05-27,generic,Dvorce
2026-06-02,paper,Dvorce
2026-06-03,bio,Dvorce
2026-06-03,bio,Dvorce
2026-06-10,generic,Dvorce
2026-06-16,plastics,Dvorce
2026-06-17,bio,Dvorce
2026-06-17,bio,Dvorce
2026-06-24,generic,Dvorce
2026-06-30,paper,Dvorce
2026-07-01,bio,Dvorce
2026-07-01,bio,Dvorce
2026-07-08,generic,Dvorce
2026-07-14,plastics,Dvorce
2026-07-15,bio,Dvorce
2026-07-15,bio,Dvorce
2026-07-22,generic,Dvorce
2026-07-28,paper,Dvorce
2026-07-29,bio,Dvorce
2026-07-29,bio,Dvorce
2026-08-05,generic,Dvorce
2026-08-11,plastics,Dvorce
2026-08-12,bio,Dvorce
2026-08-12,bio,Dvorce
2026-08-19,generic,Dvorce
2026-08-25,paper,Dvorce
2026-08-26,bio,Dvorce
2026-08-26,bio,Dvorce
2026-09-02,generic,Dvorce
2026-09-08,plastics,Dvorce
2026-09-09,bio,Dvorce
2026-09-09,bio,Dvorce
2026-09-16,generic,Dvorce
2026-09-22,paper,Dvorce
2026-09-23,bio,Dvorce
2026-09-23,bio,Dvorce
2026-09-30,generic,Dvorce
2026-10-06,plastics,Dvorce
2026-10-07,bio,Dvorce
2026-10-07,bio,Dvorce
2026-10-14,generic,Dvorce
2026-10-20,paper,Dvorce
2026-10-21,bio,Dvorce
2026-10-21,bio,Dvorce
2026-10-28,generic,Dvorce
2026-11-03,plastics,Dvorce
2026-11-04,bio,Dvorce
2026-11-04,bio,Dvorce
2026-11-11,generic,Dvorce
2026-11-17,paper,Dvorce
2026-11-18,bio,Dvorce
2026-11-18,bio,Dvorce
2026-11-25,generic,Dvorce
2026-12-01,plastics,Dvorce
2026-12-02,bio,Dvorce
2026-12-02,bio,Dvorce
2026-12-09,generic,Dvorce
2026-12-15,paper,Dvorce
2026-12-16,bio,Dvorce
2026-12-16,bio,Dvorce
2026-12-23,generic,Dvorce
2026-12-29,plastics,Dvorce
2026-12-30,bio,Dvorce
2026-12-30,bio,Dvorce
2026-01-07,generic,Řehačka
2026-01-13,paper,Řehačka
2026-01-14,bio,Řehačka
2026-01-14,bio,Řehačka
2026-01-21,generic,Řehačka
2026-01-27,plastics,Řehačka
2026-01-28,bio,Řehačka
2026-01-28,bio,Řehačka
2026-02-04,generic,Řehačka
2026-02-10,paper,Řehačka
2026-02-11,bio,Řehačka
2026-02-11,bio,Řehačka
2026-02-18,generic,Řehačka
2026-02-24,plastics,Řehačka
2026-02-25,bio,Řehačka
2026-02-25,bio,Řehačka
2026-03-04,generic,Řehačka
2026-03-10,paper,Řehačka
2026-03-11,bio,Řehačka
2026-03-11,bio,Řehačka
2026-03-18,generic,Řehačka
2026-03-24,plastics,Řehačka
2026-03-25,bio,Řehačka
2026-03-25,bio,Řehačka
2026-04-01,generic,Řehačka
2026-04-07,paper,Řehačka
2026-04-08,bio,Řehačka
2026-04-08,bio,Řehačka
2026-04-15,generic,Řehačka
2026-04-21,plastics,Řehačka
2026-04-22,bio,Řehačka
2026-04-22,bio,Řehačka
2026-04-29,generic,Řehačka
2026-05-05,paper,Řehačka
2026-05-06,bio,Řehačka
2026-05-06,bio,Řehačka
2026-05-13,generic,Řehačka
2026-05-19,plastics,Řehačka
2026-05-20,bio,Řehačka
2026-05-20,bio,Řehačka
2026-05-27,generic,Řehačka
2026-06-02,paper,Řehačka
2026-06-03,bio,Řehačka
2026-06-03,bio,Řehačka
2026-06-10,generic,Řehačka
2026-06-16,plastics,Řehačka
2026-06-17,bio,Řehačka
2026-06-17,bio,Řehačka
2026-06-24,generic,Řehačka
2026-06-30,paper,Řehačka
2026-07-01,bio,Řehačka
2026-07-01,bio,Řehačka
2026-07-08,generic,Řehačka
2026-07-14,plastics,Řehačka
2026-07-15,bio,Řehačka
2026-07-15,bio,Řehačka
2026-07-22,generic,Řehačka
2026-07-28,paper,Řehačka
2026-07-29,bio,Řehačka
2026-07-29,bio,Řehačka
2026-08-05,generic,Řehačka
2026-08-11,plastics,Řehačka
2026-08-12,bio,Řehačka
2026-08-12,bio,Řehačka
2026-08-19,generic,Řehačka
2026-08-25,paper,Řehačka
2026-08-26,bio,Řehačka
2026-08-26,bio,Řehačka
2026-09-02,generic,Řehačka
2026-09-08,plastics,Řehačka
2026-09-09,bio,Řehačka
2026-09-09,bio,Řehačka
2026-09-16,generic,Řehačka
2026-09-22,paper,Řehačka
2026-09-23,bio,Řehačka
2026-09-23,bio,Řehačka
2026-09-30,generic,Řehačka
2026-10-06,plastics,Řehačka
2026-10-07,bio,Řehačka
2026-10-07,bio,Řehačka
2026-10-14,generic,Řehačka
2026-10-20,paper,Řehačka
2026-10-21,bio,Řehačka
2026-10-21,bio,Řehačka
2026-10-28,generic,Řehačka
2026-11-03,plastics,Řehačka
2026-11-04,bio,Řehačka
2026-11-04,bio,Řehačka
2026-11-11,generic,Řehačka
2026-11-17,paper,Řehačka
2026-11-18,bio,Řehačka
2026-11-18,bio,Řehačka
2026-11-25,generic,Řehačka
2026-12-01,plastics,Řehačka
2026-12-02,bio,Řehačka
2026-12-02,bio,Řehačka
2026-12-09,generic,Řehačka
2026-12-15,paper,Řehačka
2026-12-16,bio,Řehačka
2026-12-16,bio,Řehačka
2026-12-23,generic,Řehačka
2026-12-29,plastics,Řehačka
2026-12-30,bio,Řehačka
2026-12-30,bio,Řehačka
